language,text,article,url
English,"The Focke Wulf Fw 159 was an experimental German fighter of the 1930s, designed by Kurt Tank which never reached production, as it was considered inferior to the He 112 and Bf 109.",en:Focke-Wulf Fw 159,https://en.wikipedia.org/wiki/Focke-Wulf_Fw_159
English,"It was a heavier variant of the Focke-Wulf Fw 56, with several improvements, such as a retractable landing gear and enclosed cockpit.",en:Focke-Wulf Fw 159,https://en.wikipedia.org/wiki/Focke-Wulf_Fw_159
English,Gerda Becker (born 1956 or 1957) is a retired Dutch table tennis player from Rotterdam.,en:Gerda Becker,https://en.wikipedia.org/wiki/Gerda_Becker
English,"She competed at the 1976 and 1980 Summer Paralympics in the individual and team events and won two gold, one silver and one bronze medal.",en:Gerda Becker,https://en.wikipedia.org/wiki/Gerda_Becker
English,"Kateryna Chumak (born Ukrainian: Катерина Чумак; December 7, 1988) is a Ukrainian handball player for Yenimahalle Bld.",en:Kateryna Chumak,https://en.wikipedia.org/wiki/Kateryna_Chumak
English,SK and the Ukrainian national team.,en:Kateryna Chumak,https://en.wikipedia.org/wiki/Kateryna_Chumak
English,"She played for HC Motor Zaporizhzhia (2005–2009) and Zaporizhzhia-ZSEA (2009–2011) in her country, in Poland (2012-2013) Nowy Sonz before she moved in 2013 to the Turkish team Muratpaşa Bld.",en:Kateryna Chumak,https://en.wikipedia.org/wiki/Kateryna_Chumak
English,"SK, where she played one season.",en:Kateryna Chumak,https://en.wikipedia.org/wiki/Kateryna_Chumak
English,"Michael ""The Nose"" Mancuso (born July 18, 1955) is an American mobster.",en:Michael Mancuso,https://en.wikipedia.org/wiki/Michael_Mancuso
English,"He is a member of the American Mafia and the boss of the Bonanno crime family, one of Five Families in New York City.",en:Michael Mancuso,https://en.wikipedia.org/wiki/Michael_Mancuso
English,"In June 2013, while imprisoned, Mancuso was picked as the new official boss of the Bonanno family.",en:Michael Mancuso,https://en.wikipedia.org/wiki/Michael_Mancuso
English,"On March 12, 2019, Mancuso was released from prison.",en:Michael Mancuso,https://en.wikipedia.org/wiki/Michael_Mancuso
English,"Takam-Chi (Azerbaijani: تکم چی), or Takam Gardān (meaning, the one who turns around the Takam), is the person who plays the Takam.",en:Takamchi,https://en.wikipedia.org/wiki/Takamchi
English,Both Takam and Takam-Chi are Turkic-Azari words.,en:Takamchi,https://en.wikipedia.org/wiki/Takamchi
English,"Takam-Chi is also the name of a recent Iranian motion picture (2008), directed by Yadollah Samadi.",en:Takamchi,https://en.wikipedia.org/wiki/Takamchi
English,The dialogues of this film are partly in Azerbaijani and partly in Persian.,en:Takamchi,https://en.wikipedia.org/wiki/Takamchi
English,"Port Leon, Florida, was a river port town located in what is now Wakulla County, Florida (at the time, it was part of Leon County, Florida).","en:Port Leon, Florida","https://en.wikipedia.org/wiki/Port_Leon,_Florida"
English,The town existed for only about six years in the first half of the 19th century.,"en:Port Leon, Florida","https://en.wikipedia.org/wiki/Port_Leon,_Florida"
English,"Port Leon is classified as an ""extinct city"" by the State Library and Archives of Florida, and only remnants can be found today.","en:Port Leon, Florida","https://en.wikipedia.org/wiki/Port_Leon,_Florida"
English,"Port Leon was established in 1837, largely by former inhabitants of Magnolia.","en:Port Leon, Florida","https://en.wikipedia.org/wiki/Port_Leon,_Florida"
English,"Palmer Field is a multi-use baseball, soccer, and football stadium located in Middletown, Connecticut.",en:Palmer Field,https://en.wikipedia.org/wiki/Palmer_Field
English,"In 1993 and 1994, the first two editions of the Ivy League Baseball Championship Series were held at the field, with Yale claiming both titles.",en:Palmer Field,https://en.wikipedia.org/wiki/Palmer_Field
English,"Klikk is a Bengali language video-on-demand, OTT, streaming service owned and maintained by Angel Television Private Limited with headquarters in Kolkata, India.",en:Klikk,https://en.wikipedia.org/wiki/Klikk
English,Remco van der Ven (born 24 June 1975) is a Dutch former cyclist.,en:Remco van der Ven,https://en.wikipedia.org/wiki/Remco_van_der_Ven
English,He was born in Montfoort and is the brother-in-law of British cyclist Chris Opie.,en:Remco van der Ven,https://en.wikipedia.org/wiki/Remco_van_der_Ven
English,"The Girls on the Bus is an American political drama television series created by Amy Chozick and Julie Plec, inspired by Chozick's 2018 memoir Chasing Hillary.",en:The Girls on the Bus,https://en.wikipedia.org/wiki/The_Girls_on_the_Bus
English,"It is produced by Berlanti Television, My So Called Company, and Warner Bros.",en:The Girls on the Bus,https://en.wikipedia.org/wiki/The_Girls_on_the_Bus
English,"Television Studios, and it premiered on Max on March 14, 2024.",en:The Girls on the Bus,https://en.wikipedia.org/wiki/The_Girls_on_the_Bus
English,"In May 2024, the series was canceled after one season.",en:The Girls on the Bus,https://en.wikipedia.org/wiki/The_Girls_on_the_Bus
English,"Alfreda Creek is a stream in Nipissing District of Northeastern Ontario, Canada.",en:Alfreda Creek,https://en.wikipedia.org/wiki/Alfreda_Creek
English,It is in the Ottawa River drainage basin and lies entirely within geographic Strathy Township which lies within the municipal boundaries of Temagami.,en:Alfreda Creek,https://en.wikipedia.org/wiki/Alfreda_Creek
English,The creek has a characteristic U shape and begins at the south end of Alfreda Lake.,en:Alfreda Creek,https://en.wikipedia.org/wiki/Alfreda_Creek
English,It heads south for 1.6 km (0.99 mi) where it takes in an unnamed right tributary then flows 1.5 km (0.93 mi) southeastwards.,en:Alfreda Creek,https://en.wikipedia.org/wiki/Alfreda_Creek
English,"Tsepelevo (Russian: Цепелево) is a rural locality (a village) in Kopninskoye Rural Settlement, Sobinsky District, Vladimir Oblast, Russia.",en:Tsepelevo,https://en.wikipedia.org/wiki/Tsepelevo
English,The population was 49 as of 2010.,en:Tsepelevo,https://en.wikipedia.org/wiki/Tsepelevo
English,"Notable people with the surname include: Elsa Olenius (1896–1984), Swedish librarian and author Oiva Olenius (1890–1968), Finnish general Valto Olenius (1920–1983), Finnish pole vaulter",en:Olenius,https://en.wikipedia.org/wiki/Olenius
English,Rina De Liguoro (24 July 1892 – 15 April 1966) was an Italian film actress.,en:Rina De Liguoro,https://en.wikipedia.org/wiki/Rina_De_Liguoro
English,"Born Elena Caterina Catardi, she changed her name after marrying film actor and director Wladimiro De Liguoro in 1918.",en:Rina De Liguoro,https://en.wikipedia.org/wiki/Rina_De_Liguoro
English,She appeared in leading roles in a number of Italian epics during the 1920s such as The Last Days of Pompeii.,en:Rina De Liguoro,https://en.wikipedia.org/wiki/Rina_De_Liguoro
English,She later appeared in character roles after an unsuccessful spell in Hollywood.,en:Rina De Liguoro,https://en.wikipedia.org/wiki/Rina_De_Liguoro
English,Gen1es (Chinese: 精灵少女Gen1es; pinyin: jīng líng shào nǚ Gen1es; lit.,en:Gen1es,https://en.wikipedia.org/wiki/Gen1es
English,'Elf Girls Gen1es') was a girl group based in Thailand under Ryce Entertainment.,en:Gen1es,https://en.wikipedia.org/wiki/Gen1es
English,They were formed through the 2024 reality show Chuang Asia: Thailand on WeTV.,en:Gen1es,https://en.wikipedia.org/wiki/Gen1es
English,"The group consisted of nine members: Qiao Yiyu, Ruan, Pailiu, Yean, Elyn, Wang Ke, Xueyao, Didi and Emma.",en:Gen1es,https://en.wikipedia.org/wiki/Gen1es
English,"The 2016–17 Handbollsligan is the 83rd season of the Handbollsligan, Swedish's top-tier handball league.",en:2016–17 Handbollsligan,https://en.wikipedia.org/wiki/2016–17_Handbollsligan
English,"A total of fourteen teams contest this season's league, which began on 13 September 2016 and is scheduled to conclude on 27 May 2017.",en:2016–17 Handbollsligan,https://en.wikipedia.org/wiki/2016–17_Handbollsligan
English,"IFK Kristianstad are the defending champions, having beaten Alingsås HK 27–18 in the previous season's final.",en:2016–17 Handbollsligan,https://en.wikipedia.org/wiki/2016–17_Handbollsligan
English,"The spurline is a type of radio-frequency and microwave distributed element filter with band-stop (notch) characteristics, most commonly used with microstrip transmission lines.",en:Spurline,https://en.wikipedia.org/wiki/Spurline
English,"Spurlines usually exhibit moderate to narrow-band rejection, at about 10% around the central frequency.",en:Spurline,https://en.wikipedia.org/wiki/Spurline
English,Spurline filters are very convenient for dense integrated circuits because of their inherently compact design and ease of integration: they occupy surface that corresponds only to a quarter-wavelength transmission line.,en:Spurline,https://en.wikipedia.org/wiki/Spurline
English,"The 2011 AFC Champions League final was a football match which was played on Saturday, 5 November 2011, to determine the champion of the 2011 AFC Champions League.",en:2011 AFC Champions League final,https://en.wikipedia.org/wiki/2011_AFC_Champions_League_final
English,"It was the final of the 30th edition of the top-level Asian club tournament organized by the Asian Football Confederation (AFC), and the 9th under the current AFC Champions League title.",en:2011 AFC Champions League final,https://en.wikipedia.org/wiki/2011_AFC_Champions_League_final
English,The game was contested between by Al-Sadd of Qatar and Jeonbuk Hyundai Motors of South Korea.,en:2011 AFC Champions League final,https://en.wikipedia.org/wiki/2011_AFC_Champions_League_final
English,"This was the first AFC Champions League final involving a Qatari club since Al-Sadd themselves in 1989, during the Asian Club Championship era.",en:2011 AFC Champions League final,https://en.wikipedia.org/wiki/2011_AFC_Champions_League_final
English,"George Truog House is a historic 3-story brick house built in 1903 in Cumberland, Allegany County, Maryland, US.",en:George Truog House,https://en.wikipedia.org/wiki/George_Truog_House
English,The house was built by George Truog and designed by local architect Wright Butler.,en:George Truog House,https://en.wikipedia.org/wiki/George_Truog_House
English,"Truog was a co–founder of the Seneca Glass Company in Fostoria, Ohio, in 1891, and proprietor of the Maryland Glass Etching Works in Cumberland from 1893 to 1911.",en:George Truog House,https://en.wikipedia.org/wiki/George_Truog_House
English,The house contains a unique collection of decorative glass.,en:George Truog House,https://en.wikipedia.org/wiki/George_Truog_House
English,The 1974–75 South-West Indian Ocean cyclone season was an average cyclone season.,en:1974–75 South-West Indian Ocean cyclone season,https://en.wikipedia.org/wiki/1974–75_South-West_Indian_Ocean_cyclone_season
English,"The season officially ran from November 1, 1974, to April 30, 1975.",en:1974–75 South-West Indian Ocean cyclone season,https://en.wikipedia.org/wiki/1974–75_South-West_Indian_Ocean_cyclone_season
English,"Guy Douglas Hamilton Warrack (6 February 1900 – 12 February 1986) was a Scottish composer, music educator and conductor.",en:Guy Warrack,https://en.wikipedia.org/wiki/Guy_Warrack
English,"He was the son of John Warrack of the Leith steamship company, John Warrack & Co., founded by Guy's grandfather, also called John.",en:Guy Warrack,https://en.wikipedia.org/wiki/Guy_Warrack
English,"Mike Moon (born December 31, 1958) is an American politician serving as a member of the Missouri Senate, who previously served in the Missouri House of Representatives.",en:Mike Moon (politician),https://en.wikipedia.org/wiki/Mike_Moon_(politician)
English,He is a member of the Republican Party.,en:Mike Moon (politician),https://en.wikipedia.org/wiki/Mike_Moon_(politician)
English,Moon is an advocate for child marriage and has praised the low divorce rate among 12 year old married couples but was recently unsuccessful in preventing the passing of a ban within his state.,en:Mike Moon (politician),https://en.wikipedia.org/wiki/Mike_Moon_(politician)
English,He is against abortion and has introduced legislation to define a human zygote as a person.,en:Mike Moon (politician),https://en.wikipedia.org/wiki/Mike_Moon_(politician)
English,"William Allen Smalley (April 4, 1923 – December 16, 1997) was an American linguist.",en:William A. Smalley,https://en.wikipedia.org/wiki/William_A._Smalley
English,He is best known for his role in the development of the Romanized Popular Alphabet for the Hmong language.,en:William A. Smalley,https://en.wikipedia.org/wiki/William_A._Smalley
English,James Byron Friauf (1896 – 1972) was an American electrical engineer who first determined the crystal structure of MgZn2 in 1927.,en:James Friauf,https://en.wikipedia.org/wiki/James_Friauf
English,"Friauf was a professor of physics at the Carnegie Institute of Technology, now Carnegie Mellon University.",en:James Friauf,https://en.wikipedia.org/wiki/James_Friauf
English,He had received training in the determination of the structure of crystals as a student at California Institute of Technology where he studied with Roscoe Gilkey Dickinson.,en:James Friauf,https://en.wikipedia.org/wiki/James_Friauf
English,"The structure Friauf discovered consists of intra-penetrating icosahedra, which coordinate the Zn atoms, and 16-vertex polyhedra that coordinate the Mg atoms.",en:James Friauf,https://en.wikipedia.org/wiki/James_Friauf
English,"Platylesches lamba, the Neave's banded hopper, is a butterfly in the family Hesperiidae.",en:Platylesches lamba,https://en.wikipedia.org/wiki/Platylesches_lamba
English,"It is found in Ivory Coast, Ghana, Cameroon, the Democratic Republic of the Congo (Shaba), western Uganda, Malawi and northern Zambia.",en:Platylesches lamba,https://en.wikipedia.org/wiki/Platylesches_lamba
English,The habitat consists of woodland and open places in the forest zone.,en:Platylesches lamba,https://en.wikipedia.org/wiki/Platylesches_lamba
English,"Keeper of the Privy Seal may refer to: Keeper of the Privy Seal of Ireland Keeper of the Privy Seal of Scotland Lord Keeper of the Privy Seal of Japan Lord Privy Seal, Lord Keeper of the Privy Seal of the United Kingdom",en:Keeper of the Privy Seal,https://en.wikipedia.org/wiki/Keeper_of_the_Privy_Seal
English,"Coldwater Jane was an American country music duo consisting of vocalists Brandon Jane and Leah Crutchfield, who are sisters.",en:Coldwater Jane,https://en.wikipedia.org/wiki/Coldwater_Jane
English,"from Lucedale, Mississippi.",en:Coldwater Jane,https://en.wikipedia.org/wiki/Coldwater_Jane
English,"They released one single, ""Bring On the Love"", and one album, Marionette, for Mercury Records Nashville.",en:Coldwater Jane,https://en.wikipedia.org/wiki/Coldwater_Jane
English,"An’yō-in (安養院) is a Buddhist temple located in the Ōmachi neighborhood of the city of Kamakura, Kanagawa Prefecture, Japan.",en:An'yō-in (Kamakura),https://en.wikipedia.org/wiki/An'yō-in_(Kamakura)
English,The temple's full name is Gionzan An'yō-in Chōraku-ji (祇園山安養院長楽寺).,en:An'yō-in (Kamakura),https://en.wikipedia.org/wiki/An'yō-in_(Kamakura)
English,"It belongs to the Jōdo shū sect and its honzon is a statue of Amida Nyorai; however, the temple is more famous for enshrining an image of Senjū Kannon Bosatsu ( Sahasrabhūja), which makes it the 4th stop on the Bandō Sanjūsankasho pilgrimage route.",en:An'yō-in (Kamakura),https://en.wikipedia.org/wiki/An'yō-in_(Kamakura)
English,"It is also called the ""Tashirō Kannon"".",en:An'yō-in (Kamakura),https://en.wikipedia.org/wiki/An'yō-in_(Kamakura)
English,"The National Anthem or Guoge (Chinese: 国歌) is a 1999 Chinese historical drama film centered on the composition of ""The March of the Volunteers"", the theme song to the 1935 drama Children of Troubled Times which was later adopted as the national anthem of the People's Republic of China.",en:The National Anthem (film),https://en.wikipedia.org/wiki/The_National_Anthem_(film)
English,The lyrics were composed by poet and playwright Tian Han (played by He Zhengjun) and set to music by the composer Nie Er (played by Chen Kun in his first role).,en:The National Anthem (film),https://en.wikipedia.org/wiki/The_National_Anthem_(film)
English,"The film is noteworthy for being told from the point of view of Tian, who fell from favor during the Cultural Revolution before being posthumously rehabilitated in the late 1970s.",en:The National Anthem (film),https://en.wikipedia.org/wiki/The_National_Anthem_(film)
English,The movie was released to coïncide with the 50th anniversary of the PRC's founding.,en:The National Anthem (film),https://en.wikipedia.org/wiki/The_National_Anthem_(film)
English,"In Winnipeg on April 5, 1974, the Selkirk Steelers won the MJHL title claiming the Turnbull Memorial Trophy.",en:1973–74 MJHL season,https://en.wikipedia.org/wiki/1973–74_MJHL_season
English,"There was no stopping the Selkirk Steelers on April 19, 1974, in Prince Albert, as the Steelers defeated the Prince Albert Raiders of the Saskatchewan Junior Hockey League winning the Anavet Cup.",en:1973–74 MJHL season,https://en.wikipedia.org/wiki/1973–74_MJHL_season
English,"On May 1, 1974, with a 5-2 win over Kelowna Buckaroos of the British Columbia Hockey League in the seventh and deciding game, held in Kelowna, the Steelers captured the Abbott Cup and advanced into the national final for the Centennial Cup.",en:1973–74 MJHL season,https://en.wikipedia.org/wiki/1973–74_MJHL_season
English,"In the seventh and deciding game, on May 14, 1974, in Ottawa, the Selkirk Steelers scored a dramatic 1-0 overtime victory over the Smiths Falls Bears of the Central Junior A Hockey League to capture the Centennial Cup, emblematic of junior A hockey supremacy in Canada.",en:1973–74 MJHL season,https://en.wikipedia.org/wiki/1973–74_MJHL_season
English,"Space Quest: Vohaul Strikes Back is a non-commercial fan-made sequel to Sierra's Space Quest series, released in 2011.",en:Space Quest: Vohaul Strikes Back,https://en.wikipedia.org/wiki/Space_Quest:_Vohaul_Strikes_Back
English,Eupogonius pubescens is a species of beetle in the family Cerambycidae.,en:Eupogonius pubescens,https://en.wikipedia.org/wiki/Eupogonius_pubescens
English,It was described by John Lawrence LeConte in 1873.,en:Eupogonius pubescens,https://en.wikipedia.org/wiki/Eupogonius_pubescens
English,It is known from the United States.,en:Eupogonius pubescens,https://en.wikipedia.org/wiki/Eupogonius_pubescens
English,"Maria Terezinha Viegas (born October 3, 1964) was an East Timorese worker in agriculture who became a politician in the National Congress for Timorese Reconstruction party.",en:Maria Terezinha Viegas,https://en.wikipedia.org/wiki/Maria_Terezinha_Viegas
English,From 2012 to 2017 she was Secretary of State for Parliamentary Affairs and she was re-elected in 2018.,en:Maria Terezinha Viegas,https://en.wikipedia.org/wiki/Maria_Terezinha_Viegas
English,"Hotel Attraction was a proposal by architect Antoni Gaudí for a skyscraper in Lower Manhattan, New York City.",en:Hotel Attraction,https://en.wikipedia.org/wiki/Hotel_Attraction
English,"James Moore (August 30, 1890 – October 28, 1971) was an American fencer.",en:James Moore (fencer),https://en.wikipedia.org/wiki/James_Moore_(fencer)
English,He competed in the individual épée event at the 1912 Summer Olympics.,en:James Moore (fencer),https://en.wikipedia.org/wiki/James_Moore_(fencer)
English,He graduated from Harvard University and Harvard Law School.,en:James Moore (fencer),https://en.wikipedia.org/wiki/James_Moore_(fencer)
English,"Lethbridge (formerly known as Lethbridge—Foothills) is a federal electoral district in Alberta, Canada, that has been represented in the House of Commons of Canada since 1917.",en:Lethbridge (federal electoral district),https://en.wikipedia.org/wiki/Lethbridge_(federal_electoral_district)
English,It incorporates the City of Lethbridge and Lethbridge County.,en:Lethbridge (federal electoral district),https://en.wikipedia.org/wiki/Lethbridge_(federal_electoral_district)
English,Lethbridge has had a centre-right MP at the federal level since the 1930s.,en:Lethbridge (federal electoral district),https://en.wikipedia.org/wiki/Lethbridge_(federal_electoral_district)
English,"The current MP for Lethbridge is Rachael Thomas, who was first elected to parliament in 2015 for the Conservatives.",en:Lethbridge (federal electoral district),https://en.wikipedia.org/wiki/Lethbridge_(federal_electoral_district)
English,Yusmery del Valle Ascanio Nieves (born 20 December 1990) is a Venezuelan footballer who plays as a midfielder for Chilean Championship club Colo-Colo and the Venezuela women's national team.,en:Yusmery Ascanio,https://en.wikipedia.org/wiki/Yusmery_Ascanio
English,"In her long career, she has been part of the Venezuelan squad at the 2010 South American Women's Football Championship, the 2014 Copa América Femenina, and the 2022 Copa América Femenina.",en:Yusmery Ascanio,https://en.wikipedia.org/wiki/Yusmery_Ascanio
English,"Quercia is a surname of Italian origin, meaning ""Oak"".",en:Quercia,https://en.wikipedia.org/wiki/Quercia
English,"Notable people with this name include: Boris Quercia (born 1967), Chilean actor, director, writer, and producer Dylan Quercia (born 1985), American chess player Jacopo della Quercia (c.",en:Quercia,https://en.wikipedia.org/wiki/Quercia
English,"1374–1438), Italian sculptor Julien Quercia (born 1986), French footballer Orestes Quércia (1938–2010), Brazilian politician Priamo della Quercia (c.",en:Quercia,https://en.wikipedia.org/wiki/Quercia
English,"1400–1467), Italian painter and miniaturist",en:Quercia,https://en.wikipedia.org/wiki/Quercia
English,Ye Hai Swarg Hamara is a 2025 Bhojpuri-language film directed and produced by Murali Lalwani and starring Kunal Singh in the lead role.,en:Ye Hai Swarg Hamara,https://en.wikipedia.org/wiki/Ye_Hai_Swarg_Hamara
English,The 1st Life Hussars (German: 1.,en:1st Life Hussars,https://en.wikipedia.org/wiki/1st_Life_Hussars
English,"Leib-Husaren-Regiment), later known as the 1.",en:1st Life Hussars,https://en.wikipedia.org/wiki/1st_Life_Hussars
English,Life Hussars Regiment No.,en:1st Life Hussars,https://en.wikipedia.org/wiki/1st_Life_Hussars
English,Leib-Husaren-Regiment Nr.,en:1st Life Hussars,https://en.wikipedia.org/wiki/1st_Life_Hussars
English,"Jean Yoyotte (4 August 1927 – 1 July 2009) was a French Egyptologist, a professor of Egyptology at the Collège de France and director of research at the École pratique des hautes études (EPHE).",en:Jean Yoyotte,https://en.wikipedia.org/wiki/Jean_Yoyotte
English,"Notable people with the surname include: Agazio Loiero (born 1940), Italian politician Trent Loiero (born 2001), Australian rugby league footballer",en:Loiero,https://en.wikipedia.org/wiki/Loiero
English,Jan Andrzej Sobociński (born 20 March 1999) is a Polish professional footballer who plays as a centre-back for II liga club Rekord Bielsko-Biała.,en:Jan Sobociński,https://en.wikipedia.org/wiki/Jan_Sobociński
English,"The University Research Corridor (URC), rebranded as the Research Universities of Michigan (RU4M) since 2025, is a university alliance consisting of Michigan State University, the University of Michigan, Wayne State University, and Michigan Technological University.",en:Research Universities of Michigan,https://en.wikipedia.org/wiki/Research_Universities_of_Michigan
English,"It was founded on November 28, 2006.",en:Research Universities of Michigan,https://en.wikipedia.org/wiki/Research_Universities_of_Michigan
English,"In 2015, the URC drew $1.878 billion in federal academic research dollars to Michigan, 94 percent of the total coming into the state.",en:Research Universities of Michigan,https://en.wikipedia.org/wiki/Research_Universities_of_Michigan
English,"Over the past five years, URC universities have announced an average of one new invention every day, and collectively these discoveries have led to more than 500 license agreements for new technologies and systems.",en:Research Universities of Michigan,https://en.wikipedia.org/wiki/Research_Universities_of_Michigan
English,"The Son of Odin is the debut album of British heavy metal band Elixir, released in 1986 on 12"" vinyl.",en:The Son of Odin,https://en.wikipedia.org/wiki/The_Son_of_Odin
English,Cult Metal Classics re-released the album on CD in 2001.,en:The Son of Odin,https://en.wikipedia.org/wiki/The_Son_of_Odin
English,The album also included 3 bonus tracks.,en:The Son of Odin,https://en.wikipedia.org/wiki/The_Son_of_Odin
English,"The album was also released on CD by TPL records in 2004, Majestic Rock in 2006 and CTR in 2011 as a 25th Anniversary Edition.",en:The Son of Odin,https://en.wikipedia.org/wiki/The_Son_of_Odin
English,Ctenomedes is a monotypic snout moth genus.,en:Ctenomedes,https://en.wikipedia.org/wiki/Ctenomedes
English,"Its only species, Ctenomedes neuractis, is found in India.",en:Ctenomedes,https://en.wikipedia.org/wiki/Ctenomedes
English,Both the genus and species were first described by Edward Meyrick in 1935.,en:Ctenomedes,https://en.wikipedia.org/wiki/Ctenomedes
English,"Geoffrey ""Geoff"" Pritchard (born 9 December 1966) is a former Australian rules footballer who played with Collingwood in the Victorian Football League (VFL).",en:Geoff Pritchard,https://en.wikipedia.org/wiki/Geoff_Pritchard
English,"Pritchard, a ruckman recruited from Montmorency, played just one senior game for Collingwood.",en:Geoff Pritchard,https://en.wikipedia.org/wiki/Geoff_Pritchard
English,"It came in Collingwood's round 18 game against Melbourne at Victoria Park, in the 1986 VFL season.",en:Geoff Pritchard,https://en.wikipedia.org/wiki/Geoff_Pritchard
English,"In 1989, Pritchard joined Port Melbourne.",en:Geoff Pritchard,https://en.wikipedia.org/wiki/Geoff_Pritchard
English,Jacques Cristina (born 7 July 1948) is a French former international rugby union player.,en:Jacques Cristina,https://en.wikipedia.org/wiki/Jacques_Cristina
English,"Born in Clermont-Ferrand, Cristina was a powerful number eight, known by the nickname ""le tracteur"" (the tractor).",en:Jacques Cristina,https://en.wikipedia.org/wiki/Jacques_Cristina
English,"Cristina, while with AS Montferrand, made his only international appearance for France in 1979, playing against Romania at Montauban.",en:Jacques Cristina,https://en.wikipedia.org/wiki/Jacques_Cristina
English,"He may have featured more if not for his studies, having made himself unavailable for that year's New Zealand tour due to exams.",en:Jacques Cristina,https://en.wikipedia.org/wiki/Jacques_Cristina
English,"The 2015 Pan American Judo Championships was held in Edmonton, Alberta, Canada from April 24–26, 2015.",en:2015 Pan American Judo Championships,https://en.wikipedia.org/wiki/2015_Pan_American_Judo_Championships
English,"Nikola Popović may refer to: Nikola Popović (footballer) (born 1994), Serbian footballer Nikola Popović (football coach) (born 1978), Portuguese/Serbian football coach Nikola Popović (basketball) (born 1997), Serbian basketball player Nikola Popović (actor) (1907–1967), Serbian/Yugoslavian actor",en:Nikola Popović,https://en.wikipedia.org/wiki/Nikola_Popović
English,The 1954–55 Rochester Royals season was the Royals seventh season in the NBA.,en:1954–55 Rochester Royals season,https://en.wikipedia.org/wiki/1954–55_Rochester_Royals_season
English,"This season would be notable for them hosting the very first game where the shot clock would be used, with them winning 98–95 over the Boston Celtics.",en:1954–55 Rochester Royals season,https://en.wikipedia.org/wiki/1954–55_Rochester_Royals_season
English,"The National Museum of Art is an art museum in central Port-au-Prince, Haiti.","en:National Museum of Art, Haiti","https://en.wikipedia.org/wiki/National_Museum_of_Art,_Haiti"
English,The museum contains pre-Columbian works of art from all over the country.,"en:National Museum of Art, Haiti","https://en.wikipedia.org/wiki/National_Museum_of_Art,_Haiti"
English,Georgina Trujillo Zentella (born 17 December 1962) is a Mexican politician affiliated with the Institutional Revolutionary Party.,en:Georgina Trujillo Zentella,https://en.wikipedia.org/wiki/Georgina_Trujillo_Zentella
English,"She currently serves as a federal deputy in the LXIII Legislature of the Mexican Congress, representing Tabasco from the third electoral region.",en:Georgina Trujillo Zentella,https://en.wikipedia.org/wiki/Georgina_Trujillo_Zentella
English,1329–1403) was a 14th-century Persian physician.,en:Zayn-e-Attar,https://en.wikipedia.org/wiki/Zayn-e-Attar
English,He is best known as the author of the Persian language pharmacopoeia Ekhtiyarat i Badi i.,en:Zayn-e-Attar,https://en.wikipedia.org/wiki/Zayn-e-Attar
English,"""Jack"" Shaw (June 1, 1938 – January 9, 2009) was a Western Michigan University track and cross-country coach whose tenure spanned 32 years.",en:Jack F. Shaw,https://en.wikipedia.org/wiki/Jack_F._Shaw
English,Shaw took over the head coaching reins from George Dales in 1970; he retired from the position in June 2002.,en:Jack F. Shaw,https://en.wikipedia.org/wiki/Jack_F._Shaw
English,"Shaw was born in Kane, Pennsylvania; he died at the age of 70, in Kalamazoo, Michigan, on January 9, 2009.",en:Jack F. Shaw,https://en.wikipedia.org/wiki/Jack_F._Shaw
English,"Boggs (born December 28, 1962) is an American lawyer who served as the chief justice of the Supreme Court of Georgia from 2022 until 2025.",en:Michael P. Boggs,https://en.wikipedia.org/wiki/Michael_P._Boggs
English,He served as an associate justice of the court starting in 2017.,en:Michael P. Boggs,https://en.wikipedia.org/wiki/Michael_P._Boggs
English,He is a former judge of the Georgia Court of Appeals and a former nominee to be a United States district judge of the United States District Court for the Northern District of Georgia.,en:Michael P. Boggs,https://en.wikipedia.org/wiki/Michael_P._Boggs
English,He was appointed to the state Supreme Court by Georgia Governor Nathan Deal.,en:Michael P. Boggs,https://en.wikipedia.org/wiki/Michael_P._Boggs
English,"Pelangi Kasih School is a private Christian religious kindergarten, primary and secondary school in Jakarta, Indonesia.",en:Pelangi Kasih School,https://en.wikipedia.org/wiki/Pelangi_Kasih_School
English,The main campus is located at Taman Grisenda Blok A1 No.28 Jl.,en:Pelangi Kasih School,https://en.wikipedia.org/wiki/Pelangi_Kasih_School
English,"Pantai Indah Kapuk, Kapuk Raya, North Jakarta.",en:Pelangi Kasih School,https://en.wikipedia.org/wiki/Pelangi_Kasih_School
English,"As a Christian school, its education emphasizes the Gospel and faith in Jesus Christ.",en:Pelangi Kasih School,https://en.wikipedia.org/wiki/Pelangi_Kasih_School
English,Cecropia velutinella is a species of plant in the family Urticaceae.,en:Cecropia velutinella,https://en.wikipedia.org/wiki/Cecropia_velutinella
English,It is endemic to Ecuador.,en:Cecropia velutinella,https://en.wikipedia.org/wiki/Cecropia_velutinella
English,Its natural habitat is subtropical or tropical moist montane forests.,en:Cecropia velutinella,https://en.wikipedia.org/wiki/Cecropia_velutinella
English,It is threatened by habitat loss.,en:Cecropia velutinella,https://en.wikipedia.org/wiki/Cecropia_velutinella
English,Anthony Jelonch (born 28 July 1996) is a French rugby union flanker and he currently plays for Toulouse.,en:Anthony Jelonch,https://en.wikipedia.org/wiki/Anthony_Jelonch
English,"The 1878 Quebec general election was held on May 1, 1878 to elect members of the 4th Legislative Assembly for the Province of Quebec, Canada.",en:1878 Quebec general election,https://en.wikipedia.org/wiki/1878_Quebec_general_election
English,"The result was a hung parliament, with no party having a clear majority.",en:1878 Quebec general election,https://en.wikipedia.org/wiki/1878_Quebec_general_election
English,"Only one seat divided the two major parties, the Quebec Conservative Party and the Quebec Liberal Party.",en:1878 Quebec general election,https://en.wikipedia.org/wiki/1878_Quebec_general_election
English,The balance of power was held by two Independent Conservatives.,en:1878 Quebec general election,https://en.wikipedia.org/wiki/1878_Quebec_general_election
English,"Mykhailo Volodymyrovych Reva (Ukrainian: Михайло Володимирович Рева; born 13 March 1960) is a Ukrainian artist, sculptor, architect, and founder of the non-profit organization REVA Foundation.",en:Mikhail Reva,https://en.wikipedia.org/wiki/Mikhail_Reva
English,Johann Heinrich Baumann (Latvian: Johans Heinrihs Baumanis; 9 February 1753 – 29 July 1832) was a Baltic German artist who mainly lived and worked in what is today Latvia.,en:Johann Heinrich Baumann,https://en.wikipedia.org/wiki/Johann_Heinrich_Baumann
English,"Lytorhynchus diadema, the crowned leafnose snake, diademed sand snake, or awl-headed snake, is a non-venomous snake found in Middle East, North Africa & West Asia.",en:Lytorhynchus diadema,https://en.wikipedia.org/wiki/Lytorhynchus_diadema
English,"Since 1983, the crown of the Netherlands passes according to absolute primogeniture.",en:Succession to the Dutch throne,https://en.wikipedia.org/wiki/Succession_to_the_Dutch_throne
English,"From 1814 until 1887, a monarch could only be succeeded by their closest female relative if there were no eligible male relatives.",en:Succession to the Dutch throne,https://en.wikipedia.org/wiki/Succession_to_the_Dutch_throne
English,"Male-preference cognatic primogeniture was adopted in 1887, though abolished when absolute primogeniture was introduced in 1983.",en:Succession to the Dutch throne,https://en.wikipedia.org/wiki/Succession_to_the_Dutch_throne
English,"Proximity of blood has been taken into consideration since 1922, when the constitution was changed to limit the line of succession to three degrees of kinship from the current monarch.",en:Succession to the Dutch throne,https://en.wikipedia.org/wiki/Succession_to_the_Dutch_throne
English,"San Michele Mondovì is a comune (municipality) in the Province of Cuneo in the Italian region Piedmont, located about 80 kilometres (50 mi) south of Turin and about 30 kilometres (19 mi) east of Cuneo.",en:San Michele Mondovì,https://en.wikipedia.org/wiki/San_Michele_Mondovì
English,"As of 31 December 2004, it had a population of 2,064 and an area of 18.2 square kilometres (7.0 mi2).",en:San Michele Mondovì,https://en.wikipedia.org/wiki/San_Michele_Mondovì
English,"San Michele Mondovì borders the following municipalities: Lesegno, Mombasiglio, Monasterolo Casotto, Niella Tanaro, Torre Mondovì, and Vicoforte.",en:San Michele Mondovì,https://en.wikipedia.org/wiki/San_Michele_Mondovì
English,Thundering Hoofs is a 1942 American Western film directed by Lesley Selander and starring Tim Holt.,en:Thundering Hoofs (1942 film),https://en.wikipedia.org/wiki/Thundering_Hoofs_(1942_film)
English,It was the first of many films Holt made with Selander.,en:Thundering Hoofs (1942 film),https://en.wikipedia.org/wiki/Thundering_Hoofs_(1942_film)
English,"The Limilngan, also known by the exonym Minitja and (based on a language dialect) Buneidja, are an Aboriginal Australian people of the Northern Territory.",en:Limilngan,https://en.wikipedia.org/wiki/Limilngan
English,Earlier ethnologists such as Norman Tindale referred to the group as Puneitja or variants of that spelling.,en:Limilngan,https://en.wikipedia.org/wiki/Limilngan
English,"Jacob Anthonius Buksti (7 April 1947 – 27 September 2016) was a Danish politician, academic and member of the Social Democrats.",en:Jacob Buksti,https://en.wikipedia.org/wiki/Jacob_Buksti
English,"Buksti served as a member of the Folketing, or national Danish Parliament, from 1994 until 2005.",en:Jacob Buksti,https://en.wikipedia.org/wiki/Jacob_Buksti
English,"From 2000 to 2001, he also served in the Poul Nyrup Rasmussen IV Cabinet as Minister of Transport.",en:Jacob Buksti,https://en.wikipedia.org/wiki/Jacob_Buksti
English,"Additionally, Buksti was the spokesperson for the Social Democratic Party of Denmark from 1998 to 2000.",en:Jacob Buksti,https://en.wikipedia.org/wiki/Jacob_Buksti
English,Chelamma is a Hindu goddess of the Southern Karnataka region of India.,en:Chelamma,https://en.wikipedia.org/wiki/Chelamma
English,Chelamma is a Scorpion goddess and is worshipped along with Kolaramma in Kolar.,en:Chelamma,https://en.wikipedia.org/wiki/Chelamma
English,"Followers believe that by praying at Chelamma's shrine dedicated to goddess Parvati, a person will be protected from scorpion stings.",en:Chelamma,https://en.wikipedia.org/wiki/Chelamma
English,"There is an ancient hundi which is carved down into the ground and people have been offering gifts or Kanike to it for the last 1,000 years and no one has ever opened it.",en:Chelamma,https://en.wikipedia.org/wiki/Chelamma
English,"Middlebury College is a private liberal arts college in Middlebury, Vermont, United States.",en:Middlebury College,https://en.wikipedia.org/wiki/Middlebury_College
English,"Founded in 1800 by Congregationalists, Middlebury was the first operating college or university in Vermont.",en:Middlebury College,https://en.wikipedia.org/wiki/Middlebury_College
English,"In the fall of 2024, the college enrolled 2,760 undergraduates from all 50 states and 74 countries and offers 45 majors in the arts and humanities as well as joint engineering programs.",en:Middlebury College,https://en.wikipedia.org/wiki/Middlebury_College
English,"In addition to its undergraduate liberal arts program, the school also has graduate schools, the Middlebury College Language Schools, the Bread Loaf School of English, and the Middlebury Institute of International Studies at Monterey, as well as its C.V.",en:Middlebury College,https://en.wikipedia.org/wiki/Middlebury_College
English,Psammopolia insolens is a moth of the family Noctuidae.,en:Psammopolia insolens,https://en.wikipedia.org/wiki/Psammopolia_insolens
English,"It occurs on Pacific Coast sand beaches in central California from Carmel to Bodega Bay, Sonoma County.",en:Psammopolia insolens,https://en.wikipedia.org/wiki/Psammopolia_insolens
English,Most specimens are from near San Francisco.,en:Psammopolia insolens,https://en.wikipedia.org/wiki/Psammopolia_insolens
English,Adults are on wing in May and from mid-September through October.,en:Psammopolia insolens,https://en.wikipedia.org/wiki/Psammopolia_insolens
English,Karabük is a city in the Black Sea region of Turkey.,en:Karabük,https://en.wikipedia.org/wiki/Karabük
English,It is the seat of Karabük Province and Karabük District.,en:Karabük,https://en.wikipedia.org/wiki/Karabük
English,The town lies at an elevation of 301 m (988 ft).,en:Karabük,https://en.wikipedia.org/wiki/Karabük
English,"Karabük was built in the 1930s as the seat of the iron and steel industry of Turkey, and thus is prone to the hazardous effects of air pollution.",en:Karabük,https://en.wikipedia.org/wiki/Karabük
English,"Dizaj Khalil railway station (Persian: ايستگاه راه آهن دیزج خلیل, romanized: Istgah-e Rah Ahan-e Dizaj Khalil) is located 1.5 km south of Dizaj Khalil, East Azerbaijan Province.",en:Dizaj Khalil railway station,https://en.wikipedia.org/wiki/Dizaj_Khalil_railway_station
English,The station is owned by IRI Railway.,en:Dizaj Khalil railway station,https://en.wikipedia.org/wiki/Dizaj_Khalil_railway_station
English,"It serves the locality of Dizaj Khalil and other communities nearby from county capital Shabestar and Vayqan, and also Islamic Azad University of Shabestar, 3.5 km away next to Sufian-Salmas Highway.",en:Dizaj Khalil railway station,https://en.wikipedia.org/wiki/Dizaj_Khalil_railway_station
English,The Darwin Canyon Formation is a geologic formation in California.,en:Darwin Canyon Formation,https://en.wikipedia.org/wiki/Darwin_Canyon_Formation
English,It preserves fossils dating back to the Permian period.,en:Darwin Canyon Formation,https://en.wikipedia.org/wiki/Darwin_Canyon_Formation
English,"Lawrence Heyworth (sometimes spelled Laurence Heyworth; 1786 – 19 April 1872) was a merchant based in Liverpool, England, who served as a Member of Parliament (MP) for Derby.",en:Lawrence Heyworth,https://en.wikipedia.org/wiki/Lawrence_Heyworth
English,Derbesia is a genus of green algae in the family Derbesiaceae.,en:Derbesia,https://en.wikipedia.org/wiki/Derbesia
English,"The plant was originally known from different names applied to its larger sporophyte, Derbesia, and its less conspicuous gametophyte, Halicystis.",en:Derbesia,https://en.wikipedia.org/wiki/Derbesia
English,Derbesia was successfully cultured in the laboratories of German phycologist Peter Kornmann to learn that both it and the plant Halicystis were different parts of the life cycle of the same organism.,en:Derbesia,https://en.wikipedia.org/wiki/Derbesia
English,"The genus name of Derbesia is in honour of Auguste Alphonse Derbès (1818–1894), French naturalist, zoologist and botanist, Professor of Natural Sciences at the University of Aix-Marseille.",en:Derbesia,https://en.wikipedia.org/wiki/Derbesia
English,Satan in High Heels is a 1962 American sexploitation film directed by Jerald Intrator and starring Meg Myles and Grayson Hall.,en:Satan in High Heels,https://en.wikipedia.org/wiki/Satan_in_High_Heels
English,The screenplay was by John Chapman from a story by Harold Bonnett and Chapman.,en:Satan in High Heels,https://en.wikipedia.org/wiki/Satan_in_High_Heels
English,Livermore is an unincorporated community and a U.S.,"en:Livermore, Colorado","https://en.wikipedia.org/wiki/Livermore,_Colorado"
English,"Post Office in Larimer County, Colorado, United States.","en:Livermore, Colorado","https://en.wikipedia.org/wiki/Livermore,_Colorado"
English,The Livermore Post Office has the ZIP Code 80536.,"en:Livermore, Colorado","https://en.wikipedia.org/wiki/Livermore,_Colorado"
English,A post office called Livermore has been in operation since 1871.,"en:Livermore, Colorado","https://en.wikipedia.org/wiki/Livermore,_Colorado"
English,"WePapers is an academic writing and research aid platform that offers content production services, including papers ghostwriting, essay creation, editing, proofreading, and plagiarism check.",en:WePapers,https://en.wikipedia.org/wiki/WePapers
English,"WePapers was previously a document-sharing website, geared mainly towards college and university students, although fully accessible by anyone.",en:WePapers,https://en.wikipedia.org/wiki/WePapers
English,WePapers allowed users to share and find documents within various academic fields.,en:WePapers,https://en.wikipedia.org/wiki/WePapers
English,wePapers also allows users and classes to create virtual communities.,en:WePapers,https://en.wikipedia.org/wiki/WePapers
English,"Yser (French, pronounced [izɛʁ]) or IJzer (Dutch, pronounced [ˈɛizər] ) is a Brussels Metro station on the northern segment of lines 2 and 6.",en:Yser metro station,https://en.wikipedia.org/wiki/Yser_metro_station
English,"It is located under the Small Ring (Brussels' inner ring road), between the Place de l'Yser/IJzerplein and the Porte d'Anvers/Antwerpsepoort, in the City of Brussels, Belgium.",en:Yser metro station,https://en.wikipedia.org/wiki/Yser_metro_station
English,"The station takes its name from that aboveground square, itself named after the river Yser.",en:Yser metro station,https://en.wikipedia.org/wiki/Yser_metro_station
English,"The metro station opened on 2 October 1988 as part of the Rogier–Simonis extension of line 2, the same year that line was converted from premetro (underground tram) to heavy metro.",en:Yser metro station,https://en.wikipedia.org/wiki/Yser_metro_station
English,José Ruiz Sánchez (born 19 October 1980 in Villafranca de Córdoba) is a Spanish former professional road cyclist.,en:José Ruiz Sánchez,https://en.wikipedia.org/wiki/José_Ruiz_Sánchez
English,"During his early career, he was commonly referred to as ""El Tarzan"" because he would often bike without shoes.",en:José Ruiz Sánchez,https://en.wikipedia.org/wiki/José_Ruiz_Sánchez
English,"Castlecliff is a suburb of Whanganui, in the Whanganui District and Manawatū-Whanganui region of New Zealand's North Island.",en:Castlecliff,https://en.wikipedia.org/wiki/Castlecliff
English,"The name was given by the Harbour Board, on the suggestion of the future Prime Minister, John Ballance, when it established the township on what were described as ""barren sandhills"" in 1882.",en:Castlecliff,https://en.wikipedia.org/wiki/Castlecliff
English,Many of the streets were named after Harbour Board members.,en:Castlecliff,https://en.wikipedia.org/wiki/Castlecliff
English,The northern harbour breakwater extended 900 ft (270 m) by 1885.,en:Castlecliff,https://en.wikipedia.org/wiki/Castlecliff
English,"Melaseithalai is a village in Ottapidaram taluk of Thoothukudi District, Tamil Nadu, India.",en:Melaseithalai,https://en.wikipedia.org/wiki/Melaseithalai
English,The village comes under Vilathikulam (state assembly constituency) and Thoothukudi (Lok Sabha constituency).,en:Melaseithalai,https://en.wikipedia.org/wiki/Melaseithalai
English,Monitor Control Command Set or MCCS is a computer standard developed by Video Electronics Standards Association (VESA).,en:Monitor Control Command Set,https://en.wikipedia.org/wiki/Monitor_Control_Command_Set
English,"It defines a binary protocol for controlling the properties of computer monitors from a host device such as PC, set-top box, etc.",en:Monitor Control Command Set,https://en.wikipedia.org/wiki/Monitor_Control_Command_Set
English,"MCCS requires a bidirectional communication protocol like Display Data Channel between host and display, although the specification does not favour any particular protocol.",en:Monitor Control Command Set,https://en.wikipedia.org/wiki/Monitor_Control_Command_Set
English,"Maszkowo [maʂˈkɔvɔ] (German: Maskow) is a village in the administrative district of Gmina Nowogard, within Goleniów County, West Pomeranian Voivodeship, in north-western Poland.","en:Maszkowo, Goleniów County","https://en.wikipedia.org/wiki/Maszkowo,_Goleniów_County"
English,"It lies approximately 6 km (4 mi) north-east of Nowogard, 30 km (19 mi) north-east of Goleniów, and 51 km (32 mi) north-east of the regional capital Szczecin.","en:Maszkowo, Goleniów County","https://en.wikipedia.org/wiki/Maszkowo,_Goleniów_County"
English,"For the history of the region, see history of Pomerania.","en:Maszkowo, Goleniów County","https://en.wikipedia.org/wiki/Maszkowo,_Goleniów_County"
English,Cystotheca quercina is a species of powdery mildew in the family Erysiphaceae.,en:Cystotheca quercina,https://en.wikipedia.org/wiki/Cystotheca_quercina
English,It is found in Asia on plants in the genus Quercus.,en:Cystotheca quercina,https://en.wikipedia.org/wiki/Cystotheca_quercina
English,"Nasehabad (Persian: ناصح اباد, also Romanized as Nāşeḩābād; also known as Garābād, Garrabad, and Naşrābād) is a village in Haram Rud-e Sofla Rural District, Samen District, Malayer County, Hamadan Province, Iran.","en:Nasehabad, Hamadan","https://en.wikipedia.org/wiki/Nasehabad,_Hamadan"
English,"At the 2006 census, its population was 51, in 13 families.","en:Nasehabad, Hamadan","https://en.wikipedia.org/wiki/Nasehabad,_Hamadan"
English,"""Purpose in the Machine"" is the second episode of the third season of the American television series Agents of S.H.I.E.L.D.",en:Purpose in the Machine,https://en.wikipedia.org/wiki/Purpose_in_the_Machine
English,"Based on the Marvel Comics organization S.H.I.E.L.D., it follows Phil Coulson and his team of S.H.I.E.L.D.",en:Purpose in the Machine,https://en.wikipedia.org/wiki/Purpose_in_the_Machine
English,agents as they try to open a Kree portal to another planet.,en:Purpose in the Machine,https://en.wikipedia.org/wiki/Purpose_in_the_Machine
English,It is set in the Marvel Cinematic Universe (MCU) and acknowledges the franchise's films.,en:Purpose in the Machine,https://en.wikipedia.org/wiki/Purpose_in_the_Machine
English,"Manari may refer to: Manari, Pernambuco, municipality in the State of Pernambunco, Brazil Manari, Greece, settlement in Arcadia, Greece Manari, Guyana, in Barima-Waini region Manari, Nepal, district in Nepal",en:Manari,https://en.wikipedia.org/wiki/Manari
English,"St Mary and All Saints' Church is the parish church of Cundall, North Yorkshire, a village in England.","en:St Mary and All Saints' Church, Cundall","https://en.wikipedia.org/wiki/St_Mary_and_All_Saints'_Church,_Cundall"
English,"There was a mediaeval church in Cundall, which was described in 1823 as ""mean and diminuitive"", with a recently built brick tower.","en:St Mary and All Saints' Church, Cundall","https://en.wikipedia.org/wiki/St_Mary_and_All_Saints'_Church,_Cundall"
English,"The building was demolished, and a replacement was designed by Mallinson and Healey, and completed in 1852.","en:St Mary and All Saints' Church, Cundall","https://en.wikipedia.org/wiki/St_Mary_and_All_Saints'_Church,_Cundall"
English,The church was grade II listed in 1987.,"en:St Mary and All Saints' Church, Cundall","https://en.wikipedia.org/wiki/St_Mary_and_All_Saints'_Church,_Cundall"
English,"Pniewo [ˈpɲɛvɔ] is a settlement in the administrative district of Gmina Międzyrzecz, within Międzyrzecz County, Lubusz Voivodeship, in western Poland.","en:Pniewo, Gmina Międzyrzecz","https://en.wikipedia.org/wiki/Pniewo,_Gmina_Międzyrzecz"
English,Eigil (also called Aeigil or Egil) (c.,en:Eigil of Fulda,https://en.wikipedia.org/wiki/Eigil_of_Fulda
English,750–822) was the fourth abbot of Fulda.,en:Eigil of Fulda,https://en.wikipedia.org/wiki/Eigil_of_Fulda
English,He was the nephew and biographer of the abbey's founder and first abbot Saint Sturm.,en:Eigil of Fulda,https://en.wikipedia.org/wiki/Eigil_of_Fulda
English,"We know about Eigil primarily from the Latin Life (Vita Aegili) that the monk and teacher of Fulda, Candidus Bruun composed about him after his death.",en:Eigil of Fulda,https://en.wikipedia.org/wiki/Eigil_of_Fulda
English,Robert Dodd (1748 – 1815) was an English painter and engraver who specialised in marine art.,en:Robert Dodd (artist),https://en.wikipedia.org/wiki/Robert_Dodd_(artist)
English,He is known for his works on the French Revolutionary and Napoleonic Wars.,en:Robert Dodd (artist),https://en.wikipedia.org/wiki/Robert_Dodd_(artist)
English,Phyllonorycter rebimbasi is a moth of the family Gracillariidae.,en:Phyllonorycter rebimbasi,https://en.wikipedia.org/wiki/Phyllonorycter_rebimbasi
English,It is known from southern France and the Iberian Peninsula.,en:Phyllonorycter rebimbasi,https://en.wikipedia.org/wiki/Phyllonorycter_rebimbasi
English,The larvae feed on Quercus coccifera.,en:Phyllonorycter rebimbasi,https://en.wikipedia.org/wiki/Phyllonorycter_rebimbasi
English,They mine the leaves of their host plant.,en:Phyllonorycter rebimbasi,https://en.wikipedia.org/wiki/Phyllonorycter_rebimbasi
English,The Vionène (French pronunciation: [vjɔnɛn]) is a small river that flows through the Alpes-Maritimes department of southeastern France.,en:Vionène,https://en.wikipedia.org/wiki/Vionène
English,It flows into the Tinée in Saint-Sauveur-sur-Tinée.,en:Vionène,https://en.wikipedia.org/wiki/Vionène
English,"Bonny Slope is an unincorporated community in Washington County, Oregon, United States.","en:Bonny Slope, Oregon","https://en.wikipedia.org/wiki/Bonny_Slope,_Oregon"
English,Bonny Slope lies on Thompson Road north of Beaverton and northwest of Portland.,"en:Bonny Slope, Oregon","https://en.wikipedia.org/wiki/Bonny_Slope,_Oregon"
English,"One of the first businesses in the area was Potter's Mill, founded circa 1900.","en:Bonny Slope, Oregon","https://en.wikipedia.org/wiki/Bonny_Slope,_Oregon"
English,"Fires, including those in 1940 and 1951, devastated forests around the area.","en:Bonny Slope, Oregon","https://en.wikipedia.org/wiki/Bonny_Slope,_Oregon"
English,"The Geological Collections Group (GCG), formerly the Geological Curators' Group, is a charity registered in England and Wales (no.",en:Geological Collections Group,https://en.wikipedia.org/wiki/Geological_Collections_Group
English,1198339) and a membership organisation.,en:Geological Collections Group,https://en.wikipedia.org/wiki/Geological_Collections_Group
English,"The GCG is affiliated to the Geological Society of London as a specialist group, and it shares a Memorandum of Understanding with the Natural Sciences Collections Association SSN (NatSCA) and the Society for the Preservation of Natural History Collections (SPNHC).",en:Geological Collections Group,https://en.wikipedia.org/wiki/Geological_Collections_Group
English,"Palanjur is a village in the Pattukkottai taluk of Thanjavur district, Tamil Nadu, India.",en:Palanjur,https://en.wikipedia.org/wiki/Palanjur
English,This is a list of submissions to the 33rd Academy Awards for Best Foreign Language Film.,en:List of submissions to the 33rd Academy Awards for Best Foreign Language Film,https://en.wikipedia.org/wiki/List_of_submissions_to_the_33rd_Academy_Awards_for_Best_Foreign_Language_Film
English,The Academy Award for Best Foreign Language Film was created in 1956 by the Academy of Motion Picture Arts and Sciences to honour non-English-speaking films produced outside the United States.,en:List of submissions to the 33rd Academy Awards for Best Foreign Language Film,https://en.wikipedia.org/wiki/List_of_submissions_to_the_33rd_Academy_Awards_for_Best_Foreign_Language_Film
English,"The award is handed out annually, and is accepted by the winning film's director, although it is considered an award for the submitting country as a whole.",en:List of submissions to the 33rd Academy Awards for Best Foreign Language Film,https://en.wikipedia.org/wiki/List_of_submissions_to_the_33rd_Academy_Awards_for_Best_Foreign_Language_Film
English,"Countries are invited by the Academy to submit their best films for competition according to strict rules, with only one film being accepted from each country.",en:List of submissions to the 33rd Academy Awards for Best Foreign Language Film,https://en.wikipedia.org/wiki/List_of_submissions_to_the_33rd_Academy_Awards_for_Best_Foreign_Language_Film
English,Clepsis octogona is a species of moth of the family Tortricidae.,en:Clepsis octogona,https://en.wikipedia.org/wiki/Clepsis_octogona
English,The larvae feed on Ulex europaeus.,en:Clepsis octogona,https://en.wikipedia.org/wiki/Clepsis_octogona
English,"Maple Mountain is a summit located in Central New York Region of New York located in the Town of Steuben in Oneida County, northwest of Steuben.","en:Maple Mountain (Oneida County, New York)","https://en.wikipedia.org/wiki/Maple_Mountain_(Oneida_County,_New_York)"
English,"Epinephelus heniochus, the bridled grouper or threeline rockcod, is a species of marine ray-finned fish, a grouper from the subfamily Epinephelinae, part of the family Serranidae, which also includes the anthias and sea basses.",en:Epinephelus heniochus,https://en.wikipedia.org/wiki/Epinephelus_heniochus
English,It is native to the tropical western Pacific Ocean.,en:Epinephelus heniochus,https://en.wikipedia.org/wiki/Epinephelus_heniochus
English,"Robin Patrick Upton (born 9 November 1942), commonly known as Nobby Upton, is an English former professional footballer who played as a wing half or centre half in the Football League for Brighton & Hove Albion.",en:Nobby Upton,https://en.wikipedia.org/wiki/Nobby_Upton
English,"Janet Lee, Baroness Lee of Asheridge, PC LLD HonFRA (3 November 1904 – 16 November 1988), known as Jennie Lee, was a Scottish politician.","en:Jennie Lee, Baroness Lee of Asheridge","https://en.wikipedia.org/wiki/Jennie_Lee,_Baroness_Lee_of_Asheridge"
English,She was a Labour Member of Parliament from a by-election in 1929 until 1931 and then from 1945 to 1970.,"en:Jennie Lee, Baroness Lee of Asheridge","https://en.wikipedia.org/wiki/Jennie_Lee,_Baroness_Lee_of_Asheridge"
English,"""Masterpiece"" is the debut album from British R&B singer Nathan.",en:Masterpiece (Nathan album),https://en.wikipedia.org/wiki/Masterpiece_(Nathan_album)
English,The album was released on 9 October 2006 in the UK.,en:Masterpiece (Nathan album),https://en.wikipedia.org/wiki/Masterpiece_(Nathan_album)
English,"The album features four singles including ""Round and Round"", ""Cold as Ice"", the top 40 hit ""Come into My Room"" and the latest single ""Do Without my Love"".",en:Masterpiece (Nathan album),https://en.wikipedia.org/wiki/Masterpiece_(Nathan_album)
English,"John Lewis (died April 1, 1910), better known by his alias Indian or Spanish Louie (Lewis), was an American criminal and member of the Humpty Jackson Gang, serving as the gang leader's longtime lieutenant from around the turn of the 20th century until his murder in either 1900 or 1910.",en:Spanish Louie,https://en.wikipedia.org/wiki/Spanish_Louie
English,His death was the first recorded use of a drive by shooting as a means of gangland execution in New York City.,en:Spanish Louie,https://en.wikipedia.org/wiki/Spanish_Louie
English,"Zalesie [zaˈlɛɕɛ] is a village in the administrative district of Gmina Mońki, within Mońki County, Podlaskie Voivodeship, in north-eastern Poland.","en:Zalesie, Mońki County","https://en.wikipedia.org/wiki/Zalesie,_Mońki_County"
English,"Rose Hills may refer to: Rose Hills Memorial Park, a cemetery Rose Hills, California, a census-designated place consisting of the area around the cemetery Rose Hills, Los Angeles, a neighborhood surrounding Rose Hill Park.",en:Rose Hills,https://en.wikipedia.org/wiki/Rose_Hills
English,Ojibwe religion is the traditional Native American religion of the Ojibwe people.,en:Ojibwe religion,https://en.wikipedia.org/wiki/Ojibwe_religion
English,"Found primarily in north-eastern North America, it is practiced within Ojibwe communities in Canada and the United States.",en:Ojibwe religion,https://en.wikipedia.org/wiki/Ojibwe_religion
English,The tradition has no formal leadership or organizational structure and displays much internal variation.,en:Ojibwe religion,https://en.wikipedia.org/wiki/Ojibwe_religion
English,Central to Ojibwe religion are powerful spirit beings called the manitouk.,en:Ojibwe religion,https://en.wikipedia.org/wiki/Ojibwe_religion
English,"The 2019–20 season was Ergotelis' 90th season in existence and 13th overall in the second tier of the Greek football league system, as of this season restructured and founded as the Super League 2.",en:2019–20 Ergotelis F.C. season,https://en.wikipedia.org/wiki/2019–20_Ergotelis_F.C._season
English,"The club also participated in the Greek Cup, entering the competition in the Fourth Round.",en:2019–20 Ergotelis F.C. season,https://en.wikipedia.org/wiki/2019–20_Ergotelis_F.C._season
English,The contents of this article cover club activities from 18 May 2019 until 30 June 2020.,en:2019–20 Ergotelis F.C. season,https://en.wikipedia.org/wiki/2019–20_Ergotelis_F.C._season
English,"Following a string of suspension periods due to lengthy and unfruitful negotiations of the Super League 2 board members with state broadcaster ERT, the season eventually began on 29 September 2019, with the club playing its last game on 9 March 2020.",en:2019–20 Ergotelis F.C. season,https://en.wikipedia.org/wiki/2019–20_Ergotelis_F.C._season
English,"Oplismenus undulatifolius, commonly known as wavyleaf basketgrass, is a species of perennial grass from the family Poaceae that is native to Eurasia, specifically Southern Europe through Southern Asia.",en:Oplismenus undulatifolius,https://en.wikipedia.org/wiki/Oplismenus_undulatifolius
English,"Due to its invasive nature, it can be found in countries such as Pakistan (Punjab & Kashmir), China, Japan, Korea, India, Australia, South Africa, and has since been introduced to the Mid-Atlantic United States.",en:Oplismenus undulatifolius,https://en.wikipedia.org/wiki/Oplismenus_undulatifolius
English,There are no recognized subspecies in Catalogue of Life.,en:Oplismenus undulatifolius,https://en.wikipedia.org/wiki/Oplismenus_undulatifolius
English,The National Golf Association of the Philippines (NGAP) is the governing body of golf in the Philippines.,en:National Golf Association of the Philippines,https://en.wikipedia.org/wiki/National_Golf_Association_of_the_Philippines
English,The NGAP is a member of the International Golf Federation.,en:National Golf Association of the Philippines,https://en.wikipedia.org/wiki/National_Golf_Association_of_the_Philippines
English,Bastiaan Woudt (born 1987) is a Dutch photographer and entrepreneur who resides in the Netherlands.,en:Bastiaan Woudt,https://en.wikipedia.org/wiki/Bastiaan_Woudt
English,"In photography he focuses on portraits, landscapes, and still lifes.",en:Bastiaan Woudt,https://en.wikipedia.org/wiki/Bastiaan_Woudt
English,"Jean-Baptiste Dumouchelle (5 April 1784, in Dumouchel – 29 March 1844) was born in Sandwich (now Windsor), Quebec.",en:Jean-Baptiste Dumouchelle,https://en.wikipedia.org/wiki/Jean-Baptiste_Dumouchelle
English,"He was a leading figure in Saint-Benoît through his pursuits as a militia officer, general merchant and magistrate.",en:Jean-Baptiste Dumouchelle,https://en.wikipedia.org/wiki/Jean-Baptiste_Dumouchelle
English,Elizabeth Ann Roberts is an American model who was underage when photographed nude for Playboy.,en:Elizabeth Ann Roberts,https://en.wikipedia.org/wiki/Elizabeth_Ann_Roberts
English,"Amit Ben Shushan (Hebrew: עמית בן שושן; born May 23, 1985) is an Israeli former football player.",en:Amit Ben Shushan,https://en.wikipedia.org/wiki/Amit_Ben_Shushan
English,Ben Shushan can play as a striker or as a supporting forward on the wing.,en:Amit Ben Shushan,https://en.wikipedia.org/wiki/Amit_Ben_Shushan
English,He made a name for himself after his series of goals during Beitar's Intertoto campaign in 2005.,en:Amit Ben Shushan,https://en.wikipedia.org/wiki/Amit_Ben_Shushan
English,"He made his debut for the Israel national football team against Estonia on September 2, 2006, when he came in as a sub for teammate Michael Zandberg.",en:Amit Ben Shushan,https://en.wikipedia.org/wiki/Amit_Ben_Shushan
English,"Haver is a German, Dutch and English surname.",en:Haver,https://en.wikipedia.org/wiki/Haver
English,In Germany or England it refers to oats and is used as an occupational surname for a grower or seller of oats.,en:Haver,https://en.wikipedia.org/wiki/Haver
English,In the Netherlands it is an occupational surname for a wood or stone cutter.,en:Haver,https://en.wikipedia.org/wiki/Haver
English,"The surname may refer to the following notable people: June Haver (1926–2005), American actress Phyllis Haver (1899–1960), American actress Ralph Haver (20th century), American architect Shaye Lynne Haver (21st century), American soldier",en:Haver,https://en.wikipedia.org/wiki/Haver
English,"Bullshit is a common expletive, meaning nonsense.",en:Bullshit (disambiguation),https://en.wikipedia.org/wiki/Bullshit_(disambiguation)
English,"Thamudic B is a Central Semitic language and script concentrated in northwestern Arabia, with attestations in Syria, Egypt, and Yemen.",en:Thamudic B,https://en.wikipedia.org/wiki/Thamudic_B
English,"As a poorly understood form of Ancient North Arabian, it is included in the Thamudic category.",en:Thamudic B,https://en.wikipedia.org/wiki/Thamudic_B
English,"Mentions of the king of Babylon and the Nabataean god Dushara show that Thamudic B was written over a span of centuries, ranging at least from the seventh or sixth to fourth centuries BCE.",en:Thamudic B,https://en.wikipedia.org/wiki/Thamudic_B
English,Blaine County is a county in the U.S.,"en:Blaine County, Idaho","https://en.wikipedia.org/wiki/Blaine_County,_Idaho"
English,"As of the 2020 United States census, the population was 24,272.","en:Blaine County, Idaho","https://en.wikipedia.org/wiki/Blaine_County,_Idaho"
English,The county seat and largest city is Hailey.,"en:Blaine County, Idaho","https://en.wikipedia.org/wiki/Blaine_County,_Idaho"
English,"It is also home to the Sun Valley ski resort, adjacent to Ketchum.","en:Blaine County, Idaho","https://en.wikipedia.org/wiki/Blaine_County,_Idaho"
English,"Ziva Postec: The Editor Behind the Film Shoah (French: Ziva Postec : La monteuse derrière le film Shoah) is a Canadian documentary film, directed by Catherine Hébert and released in 2018.",en:Ziva Postec: The Editor Behind the Film Shoah,https://en.wikipedia.org/wiki/Ziva_Postec:_The_Editor_Behind_the_Film_Shoah
English,"The film is a portrait of Ziva Postec, an Israeli film editor most noted for her work on the 1985 Holocaust documentary film Shoah.",en:Ziva Postec: The Editor Behind the Film Shoah,https://en.wikipedia.org/wiki/Ziva_Postec:_The_Editor_Behind_the_Film_Shoah
English,"The film premiered on November 15, 2018, at the Montreal International Documentary Festival, before screening commercially in March 2019.",en:Ziva Postec: The Editor Behind the Film Shoah,https://en.wikipedia.org/wiki/Ziva_Postec:_The_Editor_Behind_the_Film_Shoah
English,"Annie Jean won the Prix Iris for Best Editing in a Documentary, and the film was a nominee for Best Documentary Film, at the 22nd Quebec Cinema Awards.",en:Ziva Postec: The Editor Behind the Film Shoah,https://en.wikipedia.org/wiki/Ziva_Postec:_The_Editor_Behind_the_Film_Shoah
English,"Masato Shibata (柴田 正人, Shibata Masato; born September 13, 1978) is a Japanese professional wrestler primarily working for DDT Pro-Wrestling (DDT), where he competes as part of the Damnation T.A unit under the ring name MJ Paul (MJポー, Emu Jē Pō).",en:Masato Shibata,https://en.wikipedia.org/wiki/Masato_Shibata
English,"He was previously known under the name Mad Paulie (マッド・ポーリー, Maddo Pōrī).",en:Masato Shibata,https://en.wikipedia.org/wiki/Masato_Shibata
English,"Bradley's Covered Bridge, also known as the Long Cane Covered Bridge, was a covered bridge located near Troy, South Carolina.",en:Bradley's Covered Bridge,https://en.wikipedia.org/wiki/Bradley's_Covered_Bridge
English,"Until its fiery destruction by vandals, the Long Cane Covered Bridge, listed in the National Register of Historic Places in 1977, was one of three covered bridges in South Carolina.",en:Bradley's Covered Bridge,https://en.wikipedia.org/wiki/Bradley's_Covered_Bridge
English,The bridge was constructed in 1892 by Y.P.,en:Bradley's Covered Bridge,https://en.wikipedia.org/wiki/Bradley's_Covered_Bridge
English,"Reagan to replace an earlier bridge, which had been washed away in January 1892.",en:Bradley's Covered Bridge,https://en.wikipedia.org/wiki/Bradley's_Covered_Bridge
English,"One More Try: An Anthology is a compilation album by American singer-songwriter Gregg Allman, released on September 23, 1997, by Polygram Records and Capricorn Records.",en:One More Try: An Anthology,https://en.wikipedia.org/wiki/One_More_Try:_An_Anthology
English,"The set collects demos, outtakes, and previously unreleased alternate versions of songs by Allman, mainly dating from the period in which he recorded his first solo album, Laid Back (1973).",en:One More Try: An Anthology,https://en.wikipedia.org/wiki/One_More_Try:_An_Anthology
English,It was promptly pulled from distribution shortly after its release and has been out of print since.,en:One More Try: An Anthology,https://en.wikipedia.org/wiki/One_More_Try:_An_Anthology
English,Edward Terry (3 February 1840 – 19 November 1907) was an Australian politician.,en:Edward Terry (politician),https://en.wikipedia.org/wiki/Edward_Terry_(politician)
English,"Born at Box Hill near Rouse Hill to landowner John Terry and Eleanor Rouse, he married Isabel Benson, with whom he had thirteen children.",en:Edward Terry (politician),https://en.wikipedia.org/wiki/Edward_Terry_(politician)
English,He owned the Eastwood Estate from around 1863 and built a racecourse at Eastwood.,en:Edward Terry (politician),https://en.wikipedia.org/wiki/Edward_Terry_(politician)
English,"He was an alderman at Ryde from 1871 and served as mayor (1871–73, 1875–76, 1899).",en:Edward Terry (politician),https://en.wikipedia.org/wiki/Edward_Terry_(politician)
English,"Germany was represented at the Eurovision Song Contest 2008 with the song ""Disappear"", written by Remee, Thomas Troelsen, and Hanne Sørvaag, and performed by the group No Angels.",en:Germany in the Eurovision Song Contest 2008,https://en.wikipedia.org/wiki/Germany_in_the_Eurovision_Song_Contest_2008
English,"The German participating broadcaster on behalf of ARD, Norddeutscher Rundfunk (NDR), organised the national final Der deutsche Vorentscheid 2008 – Wer singt für Deutschland?",en:Germany in the Eurovision Song Contest 2008,https://en.wikipedia.org/wiki/Germany_in_the_Eurovision_Song_Contest_2008
English,in order to select their entry for the contest.,en:Germany in the Eurovision Song Contest 2008,https://en.wikipedia.org/wiki/Germany_in_the_Eurovision_Song_Contest_2008
English,The national final took place on 6 March 2008 and featured five competing acts with the winner being selected through two rounds of public televoting.,en:Germany in the Eurovision Song Contest 2008,https://en.wikipedia.org/wiki/Germany_in_the_Eurovision_Song_Contest_2008
English,Driopea delta is a species of beetle in the family Cerambycidae.,en:Driopea delta,https://en.wikipedia.org/wiki/Driopea_delta
English,It was described by Per Olof Christopher Aurivillius in 1922.,en:Driopea delta,https://en.wikipedia.org/wiki/Driopea_delta
English,"Strictly Come Dancing returned for its seventeenth series with a launch show on 7 September 2019 on BBC One, and the live shows beginning on 21 September.",en:Strictly Come Dancing series 17,https://en.wikipedia.org/wiki/Strictly_Come_Dancing_series_17
English,"Tess Daly and Claudia Winkleman returned as hosts, while Zoe Ball returned to host Strictly Come Dancing: It Takes Two alongside new addition Rylan Clark.",en:Strictly Come Dancing series 17,https://en.wikipedia.org/wiki/Strictly_Come_Dancing_series_17
English,"Shirley Ballas, Craig Revel Horwood, and Bruno Tonioli returned to the judging panel.",en:Strictly Come Dancing series 17,https://en.wikipedia.org/wiki/Strictly_Come_Dancing_series_17
English,"After seven years, Darcey Bussell did not return to the series.",en:Strictly Come Dancing series 17,https://en.wikipedia.org/wiki/Strictly_Come_Dancing_series_17
English,"The 2016 Holiday Bowl was a postseason college football bowl game, played at Qualcomm Stadium in San Diego, California, on December 27, 2016.",en:2016 Holiday Bowl,https://en.wikipedia.org/wiki/2016_Holiday_Bowl
English,This was the last time the Holiday Bowl was played at Qualcomm Stadium.,en:2016 Holiday Bowl,https://en.wikipedia.org/wiki/2016_Holiday_Bowl
English,"The game was played at SDCCU Stadium, the home of the San Diego State Aztecs.",en:2016 Holiday Bowl,https://en.wikipedia.org/wiki/2016_Holiday_Bowl
English,The 39th edition of the Holiday Bowl featured the Minnesota Golden Gophers of the Big Ten Conference versus the Washington State Cougars of the Pac-12 Conference.,en:2016 Holiday Bowl,https://en.wikipedia.org/wiki/2016_Holiday_Bowl
English,Gerhard Herbert Kretschmar (20 February 1939 – 25 July 1939) was a German child born with severe disabilities.,en:Gerhard Kretschmar,https://en.wikipedia.org/wiki/Gerhard_Kretschmar
English,"After receiving a petition from the child's parents, the German Führer Adolf Hitler authorized one of his personal physicians, Karl Brandt, to have the child euthanized.",en:Gerhard Kretschmar,https://en.wikipedia.org/wiki/Gerhard_Kretschmar
English,"This marked the beginning of the ""euthanasia program"" (Aktion T4) in Nazi Germany which ultimately resulted in the murder of about 200,000 people with mental and/or physical disabilities.",en:Gerhard Kretschmar,https://en.wikipedia.org/wiki/Gerhard_Kretschmar
English,The 1974 Rally of Portugal (formally the 8º TAP Rallye de Portugal) was the first round of the 1974 World Rally Championship season after the oil crisis forced the cancellation of the Monte Carlo and Swedish rallies.,en:1974 Rallye de Portugal,https://en.wikipedia.org/wiki/1974_Rallye_de_Portugal
English,The 2012 World Mountain Running Championships were held on 2 September in Val Camonica in the Italian Alps.,en:2012 World Mountain Running Championships,https://en.wikipedia.org/wiki/2012_World_Mountain_Running_Championships
English,The course ran from Temù - Ponte di Legno to Tonale Pass.,en:2012 World Mountain Running Championships,https://en.wikipedia.org/wiki/2012_World_Mountain_Running_Championships
English,"It was the 28th edition of the championships, organised by the World Mountain Running Association (WMRA), and the seventh time that Italy had hosted the competition.",en:2012 World Mountain Running Championships,https://en.wikipedia.org/wiki/2012_World_Mountain_Running_Championships
English,"The competition featured four races, with senior and junior (under-19) races for both men and women.",en:2012 World Mountain Running Championships,https://en.wikipedia.org/wiki/2012_World_Mountain_Running_Championships
English,"Jacques or Jack Sayabalian (Paylag) (Armenian: Ժագ Սայապալեան (Փայլակ); June 1880 – 1915) was an Armenian writer and poet who was also an interpreter for the British Consul in Konya between 1904 and 1909, then vice-consul for a year and a half.",en:Jacques Sayabalian,https://en.wikipedia.org/wiki/Jacques_Sayabalian
English,He was also a member of the Armenian National Assembly representing his birthplace of Konya.,en:Jacques Sayabalian,https://en.wikipedia.org/wiki/Jacques_Sayabalian
English,"After 1909, he became a journalist in Constantinople.",en:Jacques Sayabalian,https://en.wikipedia.org/wiki/Jacques_Sayabalian
English,"During the Armenian genocide, Sayabalian was deported to Ankara and then killed.",en:Jacques Sayabalian,https://en.wikipedia.org/wiki/Jacques_Sayabalian
Hindi,मध्यवर्ती खपत से तात्पर्य कच्चे माल से अंतिम उत्पाद बनने के बीच प्रयोग हुवे अन्य पदार्थो से हे।,hi:मध्यवर्ती खपत,https://hi.wikipedia.org/wiki/मध्यवर्ती_खपत
Hindi,शक्ति काक (जन्म : 1950) दिल्ली में जामिया मिलिया इस्लामिया में अर्थशास्त्र की प्रोफेसर है।,hi:शक्ति काक,https://hi.wikipedia.org/wiki/शक्ति_काक
Hindi,इससे पहले वह जामिया हमदर्द और भारतीय प्रौद्योगिकी संस्थान दिल्ली में थीं।,hi:शक्ति काक,https://hi.wikipedia.org/wiki/शक्ति_काक
Hindi,उनकी शिक्षा जवाहरलाल नेहरू विश्वविद्यालय में हुई।,hi:शक्ति काक,https://hi.wikipedia.org/wiki/शक्ति_काक
Hindi,उनका शोध विकास के क्षेत्र में रहा है।,hi:शक्ति काक,https://hi.wikipedia.org/wiki/शक्ति_काक
Hindi,मदर डेरी भारत सरकार के राष्ट्रीय डेरी विकास बोर्ड के स्वामित्व में एक कंपनी है।,hi:मदर डेरी,https://hi.wikipedia.org/wiki/मदर_डेरी
Hindi,"यह बोर्ड मत्स्यपालन, पशुपालन और डेयरी मंत्रालय के अंतर्गत एक वैधानिक निकाय है।",hi:मदर डेरी,https://hi.wikipedia.org/wiki/मदर_डेरी
Hindi,"यह कंपनी दूध और डेरी उत्पादों का निर्माण, विपणन और बिक्री करता है।",hi:मदर डेरी,https://hi.wikipedia.org/wiki/मदर_डेरी
Hindi,मदर डेरी की स्थापना 1974 में राष्ट्रीय डेरी विकास बोर्ड (एनडीडीबी) की सहायक कंपनी के रूप में हुई थी।,hi:मदर डेरी,https://hi.wikipedia.org/wiki/मदर_डेरी
Hindi,Obstinance) एक 2014 की बॉलीवुड इरोटिक थ्रिलर फिल्म है जो विवेक अग्निहोत्री द्वारा निर्देशित और अनुभव सिन्हा प्रोडक्शंस प्राइवेट लिमिटेड और बनारस मीडिया वर्क्स के साथ मिलकर अनुभव सिन्हा द्वारा निर्मित है।,hi:ज़िद (2014 फ़िल्म),https://hi.wikipedia.org/wiki/ज़िद_(2014_फ़िल्म)
Hindi,"फिल्म में करणवीर शर्मा, मन्नारा चोपड़ाऔर श्रद्धा दास मुख्य भूमिकाओं में हैं।",hi:ज़िद (2014 फ़िल्म),https://hi.wikipedia.org/wiki/ज़िद_(2014_फ़िल्म)
Hindi,इसे आलोचकों से काफी नकारात्मक समीक्षा मिली।,hi:ज़िद (2014 फ़िल्म),https://hi.wikipedia.org/wiki/ज़िद_(2014_फ़िल्म)
Hindi,यह पृष्ठ बिग मैजिक द्वारा वर्तमान और पूर्व में प्रसारित किए गये कार्यक्रमों का वर्णन करता है।,hi:बिग मैजिक द्वारा प्रसारित कार्यक्रमों की सूची,https://hi.wikipedia.org/wiki/बिग_मैजिक_द्वारा_प्रसारित_कार्यक्रमों_की_सूची
Hindi,अवू मूहम्मद मूसा इब्ने महदी अल हादी: Abu Muhammad Musa ibn Mahdi al-Hadi (अरबी: أبو محمد موسى بن المهدي الهادي‎) ‏‎अब्बासी ख़िलाफ़त के चार वे खलीफा थे इनकी मृत्यु के बाद हारुन अल रशीद खलीफा वने।,hi:अल हादी,https://hi.wikipedia.org/wiki/अल_हादी
Hindi,उड़नेवाला स्पघेटी दानव (अंग्रेज़ी: Flying Spaghetti Monster) पास्ताफ़ारी धर्म (पास्ता और रस्ताफ़ारी शब्दों का जोड़) का ईश्वर है।,hi:उड़नेवाला स्पघेटी दानव,https://hi.wikipedia.org/wiki/उड़नेवाला_स्पघेटी_दानव
Hindi,इसे अमेरिका के सरकारी विद्यालयों में इंटेलिजेंट डिज़ाइन और क्रिएशनिस्म (अंग्रेज़ी: Creationism) पढ़ाने का विरोध करने के लिए सन् 2005 में बनाया गया था।,hi:उड़नेवाला स्पघेटी दानव,https://hi.wikipedia.org/wiki/उड़नेवाला_स्पघेटी_दानव
Hindi,"इसके माध्यम से ये दर्शाया जाता है कि दर्शनशास्त्रिय सबूत का बोझ उस व्यक्ति पर है जो वैज्ञानिक दृष्टि से झूठाया न जा सकने वाला दावा कर रहा हो, बजाय उस व्यक्ति के जो उस दावे को अस्वीकार कर रहा हो।",hi:उड़नेवाला स्पघेटी दानव,https://hi.wikipedia.org/wiki/उड़नेवाला_स्पघेटी_दानव
Hindi,"हालांकि इस धर्म के अनुयायी इसे एक असली धर्म बताते हैं, पर मीडिया में इसे एक व्यंग्य धर्म की तरह देखा जाता है।",hi:उड़नेवाला स्पघेटी दानव,https://hi.wikipedia.org/wiki/उड़नेवाला_स्पघेटी_दानव
Hindi,बारुवा बालूतट (Baruva Beach) भारत के आन्ध्र प्रदेश राज्य के श्रीकाकुलम ज़िले के बारुवा गाँव में बंगाल की खाड़ी पर एक बालूतट (बीच) है।,hi:बारुवा बालूतट,https://hi.wikipedia.org/wiki/बारुवा_बालूतट
Hindi,यह अनुराग बसु द्वारा निर्देशित और मुकेश भट्ट द्वारा निर्मित है।,hi:साया (2003 फ़िल्म),https://hi.wikipedia.org/wiki/साया_(2003_फ़िल्म)
Hindi,इसमें जॉन अब्राहम और तारा शर्मा ने अभिनय किया है।,hi:साया (2003 फ़िल्म),https://hi.wikipedia.org/wiki/साया_(2003_फ़िल्म)
Hindi,रासलाना भारत के राजस्थान राज्य के हनुमानगढ़ ज़िले के भादरा में स्थित एक गांव है।,hi:रासलाना,https://hi.wikipedia.org/wiki/रासलाना
Hindi,This is never a capital of any state,hi:रासलाना,https://hi.wikipedia.org/wiki/रासलाना
Hindi,"सान मिगुएल दे बारसेना का गिरजाघर (स्पेनी: Iglesia del Monasterio de San Miguel) एक गिरजाघर है जो बारसेना देल मोनास्तेरिओ (Bárcena del Monasterio), तिनिओ (Tineo), अस्तूरियास, स्पेन में मौजूद है।",hi:सान मिगुएल दे बारसेना का गिरजाघर,https://hi.wikipedia.org/wiki/सान_मिगुएल_दे_बारसेना_का_गिरजाघर
Hindi,मौजूदा इमारत तेरहवीं सदी की बनी हुई है।,hi:सान मिगुएल दे बारसेना का गिरजाघर,https://hi.wikipedia.org/wiki/सान_मिगुएल_दे_बारसेना_का_गिरजाघर
Hindi,यहाँ पर 1003 के एक मक़बरे का पत्थर मौजूद है।,hi:सान मिगुएल दे बारसेना का गिरजाघर,https://hi.wikipedia.org/wiki/सान_मिगुएल_दे_बारसेना_का_गिरजाघर
Hindi,"चाई-कौडिया-१, सतपुली तहसील में भारत के उत्तराखण्ड राज्य के अन्तर्गत गढ़वाल मण्डल के पौड़ी जिले का एक गाँव है।","hi:चाई-कौडिया-१, सतपुली तहसील","https://hi.wikipedia.org/wiki/चाई-कौडिया-१,_सतपुली_तहसील"
Hindi,कारगिल विजय दिवस स्वतंत्र भारत के सभी देशवासियों के लिए एक बहुत ही महत्वपूर्ण दिवस है।,hi:कारगिल विजय दिवस,https://hi.wikipedia.org/wiki/कारगिल_विजय_दिवस
Hindi,भारत में प्रत्येक वर्ष 26 जुलाई को यह दिवस मनाया जाता है।,hi:कारगिल विजय दिवस,https://hi.wikipedia.org/wiki/कारगिल_विजय_दिवस
Hindi,इस दिन भारत और पाकिस्तान की सेनाओं के बीच वर्ष 1999 में कारगिल युद्ध हुआ था जो लगभग 60 दिनों तक चला और 26 जुलाई के दिन उसका अंत हुआ और इसमें भारत विजय हुआ।,hi:कारगिल विजय दिवस,https://hi.wikipedia.org/wiki/कारगिल_विजय_दिवस
Hindi,कारगिल विजय दिवस युद्ध में शहीद हुए भारतीय जवानों के सम्मान हेतु यह दिवस मनाया जाता है।,hi:कारगिल विजय दिवस,https://hi.wikipedia.org/wiki/कारगिल_विजय_दिवस
Hindi,शरजील इमाम (जन्म 1988) एक भारतीय सक्रियतावादी हैं।,hi:शरजील इमाम,https://hi.wikipedia.org/wiki/शरजील_इमाम
Hindi,उन्हें नागरिकता संशोधन अधिनियम के विरोध के लिए जान जाता है।,hi:शरजील इमाम,https://hi.wikipedia.org/wiki/शरजील_इमाम
Hindi,"गुजराती लिपि (ગુજરાતી) गुजराती, कच्छी तथा अन्य और भाषाओं के लिए एक आबूगीदा है।",hi:गुजराती लिपि,https://hi.wikipedia.org/wiki/गुजराती_लिपि
Hindi,यह भारत का एक आधिकारिक लिपि भी है।,hi:गुजराती लिपि,https://hi.wikipedia.org/wiki/गुजराती_लिपि
Hindi,गुजराती लिपि में शिरोरेखा नहीं होती है।,hi:गुजराती लिपि,https://hi.wikipedia.org/wiki/गुजराती_लिपि
Hindi,लोमड़ी एक कुत्ते के रूप का जंगली प्राणी है।,hi:लोमड़ी,https://hi.wikipedia.org/wiki/लोमड़ी
Hindi,वैज्ञानिक नज़रिए से लोमड़ी की जातियाँ कैनिडाए जीववैज्ञानिक कुल के अंतर्गत कई वंशों में आयोजित हैं।,hi:लोमड़ी,https://hi.wikipedia.org/wiki/लोमड़ी
Hindi,"यह एक मांसपेशियों को आराम करने के लिए जाना जाता है, इसमें शीतलन गुण होते हैं और ऐंठन को कम करने में मदद करता है।",hi:मेन्थोल,https://hi.wikipedia.org/wiki/मेन्थोल
Hindi,"इसके अतिरिक्त, इसका उपयोग सिरदर्द, मोच और इस तरह के अन्य मामूली दर्द जैसी समस्याओं के इलाज के लिए एक एनाल्जेसिक के रूप में भी किया जाता है।",hi:मेन्थोल,https://hi.wikipedia.org/wiki/मेन्थोल
Hindi,"मेन्थॉल स्थानीय स्तर पर संवेदनाहारी और जलन-रोधी गुणों की मध्यस्थता करता है , इसलिए इसका उपयोग गले की छोटी-मोटी जलन से राहत पाने के लिए व्यापक रूप से किया जाता है।",hi:मेन्थोल,https://hi.wikipedia.org/wiki/मेन्थोल
Hindi,विवरण: क्रियाविधि: मेन्थॉल गले और नाक की श्लेष्मा झिल्ली पर हल्की स्थानीय संवेदनाहारी क्रिया करके खांसी और नाक बंद होने के लक्षणों से राहत दिलाता है।,hi:मेन्थोल,https://hi.wikipedia.org/wiki/मेन्थोल
Hindi,कग्यु (Kagyu) या कग्युद (तिब्बती: བཀའ་བརྒྱུད) तिब्बती बौद्ध धर्म के छह मुख्य सम्प्रदायों में से एक है।,hi:कग्यु,https://hi.wikipedia.org/wiki/कग्यु
Hindi,"अन्य पाँच न्यिंगमा, सक्या, जोनंग, गेलुग और बोन हैं।",hi:कग्यु,https://hi.wikipedia.org/wiki/कग्यु
Hindi,"इनमें से सक्या, गेलुग और कग्यु को वज्रयान का नवप्रसार (New Transmission) या सारमा (གསར་མ) कहा जाता है, क्योंकि यह तिब्बत में बौद्ध धर्म के फैलाव की द्वितीय शृंख्ला में उत्पन्न हुए।",hi:कग्यु,https://hi.wikipedia.org/wiki/कग्यु
Hindi,"न्यिंगमा, सक्या और कग्यु लाल टोपी सम्प्रदाय हैं क्योंकि औपचारिक समारोहों पर इनके अनुयायी लाल रंग की टोपियाँ पहनते हैं।",hi:कग्यु,https://hi.wikipedia.org/wiki/कग्यु
Hindi,"वांडरर्स क्रिकेट ग्राउंड विंडहोक, नामीबिया में स्थित क्रिकेट ग्राउंड है।",hi:वांडरर्स क्रिकेट ग्राउंड,https://hi.wikipedia.org/wiki/वांडरर्स_क्रिकेट_ग्राउंड
Hindi,इस ग्राउंड पर पहला मैच 1990 में हुआ था जब नामीबिया नीदरलैंड से खेला था।,hi:वांडरर्स क्रिकेट ग्राउंड,https://hi.wikipedia.org/wiki/वांडरर्स_क्रिकेट_ग्राउंड
Hindi,इस ग्राउंड ने 2001/02 6 नेशंस चैलेंज में अपना पहला लिस्ट ए मैच आयोजित किया जब नामीबिया श्रीलंका ए से खेला।,hi:वांडरर्स क्रिकेट ग्राउंड,https://hi.wikipedia.org/wiki/वांडरर्स_क्रिकेट_ग्राउंड
Hindi,"2004 में, ग्राउंड ने 2004 इंटरकांटिनेंटल कप में नामीबिया और युगांडा के बीच अपना पहला प्रथम श्रेणी मैच आयोजित किया।",hi:वांडरर्स क्रिकेट ग्राउंड,https://hi.wikipedia.org/wiki/वांडरर्स_क्रिकेट_ग्राउंड
Hindi,यूनाइटेड स्टेट आर्मी (संयुक्त राज्य अमरीका की थलसेना) अमरीका की सैन्य बलों की सबसे बड़ी शाखा है।,hi:संयुक्त राज्य अमरीका की सेना,https://hi.wikipedia.org/wiki/संयुक्त_राज्य_अमरीका_की_सेना
Hindi,सभी अन्य थल सेनाओं की तरह इसका प्रमुख उत्तरदायित्व स्थल पर संचालित होने वाली सैन्य गतिविधियों में भाग लेना है।,hi:संयुक्त राज्य अमरीका की सेना,https://hi.wikipedia.org/wiki/संयुक्त_राज्य_अमरीका_की_सेना
Hindi,अबीचंदाणी सिन्धी भाषा के विख्यात साहित्यकार हैं।,hi:परम ए. अबीचंदाणी,https://hi.wikipedia.org/wiki/परम_ए._अबीचंदाणी
Hindi,इनके द्वारा रचित एक समालोचना तक तोर के लिये उन्हें सन् 2000 में साहित्य अकादमी पुरस्कार से सम्मानित किया गया।,hi:परम ए. अबीचंदाणी,https://hi.wikipedia.org/wiki/परम_ए._अबीचंदाणी
Hindi,"11वां चेन्नई अंतर्राष्ट्रीय फिल्म महोत्सव 12 से 19 दिसंबर 2013 तक चेन्नई, तमिलनाडु, भारत में आयोजित किया गया था।",hi:11वां चेन्नई अंतर्राष्ट्रीय फिल्म महोत्सव,https://hi.wikipedia.org/wiki/11वां_चेन्नई_अंतर्राष्ट्रीय_फिल्म_महोत्सव
Hindi,इस कार्यक्रम का आयोजन इंडो सिने एप्रिसिएशन फाउंडेशन (आईसीएएफ) द्वारा तमिलनाडु सरकार के सहयोग से किया गया था।,hi:11वां चेन्नई अंतर्राष्ट्रीय फिल्म महोत्सव,https://hi.wikipedia.org/wiki/11वां_चेन्नई_अंतर्राष्ट्रीय_फिल्म_महोत्सव
Hindi,इस महोत्सव का आयोजन अभिनेत्री-निर्देशक सुहासिनी मणिरत्नम द्वारा किया गया था और इसका उद्घाटन कमल हासन और आमिर खान ने किया।,hi:11वां चेन्नई अंतर्राष्ट्रीय फिल्म महोत्सव,https://hi.wikipedia.org/wiki/11वां_चेन्नई_अंतर्राष्ट्रीय_फिल्म_महोत्सव
Hindi,"जापानी ड्रामा फिल्म 'लाइक फादर, लाइक सन' से महोत्सव की शुरुआत हुई।",hi:11वां चेन्नई अंतर्राष्ट्रीय फिल्म महोत्सव,https://hi.wikipedia.org/wiki/11वां_चेन्नई_अंतर्राष्ट्रीय_फिल्म_महोत्सव
Hindi,रेखोली भारतीय राज्य उत्तराखण्ड राज्य के कुमाऊँ मण्डल के अल्मोड़ा जिले का एक गाँव है।,"hi:रेखोली, अल्मोडा तहसील","https://hi.wikipedia.org/wiki/रेखोली,_अल्मोडा_तहसील"
Hindi,यह गाँव अल्मोडा तहसील के अंतर्गत आता है।,"hi:रेखोली, अल्मोडा तहसील","https://hi.wikipedia.org/wiki/रेखोली,_अल्मोडा_तहसील"
Hindi,"मोहन रानडे (जन्म नाम : मनोहर आप्टे ; 25 दिसंबर 1930 - 25 जून 2019), भारत के एक महान् स्वतंत्रता सेनानी थे जिन्होंने गोवा मुक्ति आंदोलन में भाग लिया, और कस्टोडियो फर्नांडीस नाम के एक गोवा पुलिसकर्मी की पूर्व-निर्धारित हत्या के लिए चौदह साल पुर्तगाली जेल में बिताए।",hi:मोहन रानडे,https://hi.wikipedia.org/wiki/मोहन_रानडे
Hindi,सायरपुरम (Sawyerpuram) भारत के तमिल नाडु राज्य के तूतुकुड़ी ज़िले में स्थित एक नगर है।,hi:सायरपुरम,https://hi.wikipedia.org/wiki/सायरपुरम
Hindi,"मुग़ल उद्यान एक समूह हैं, उद्यान शैलियों का, जिनका उद्गम इस्लामी मुगल साम्राज्य में है।",hi:मुग़ल बाग़,https://hi.wikipedia.org/wiki/मुग़ल_बाग़
Hindi,यह शैली फारसी बाग एवं तैमूरी बागों से प्रभावित है।,hi:मुग़ल बाग़,https://hi.wikipedia.org/wiki/मुग़ल_बाग़
Hindi,आयताकार खाकों के बाग एक चारदीवारी से घिरे होते हैं।,hi:मुग़ल बाग़,https://hi.wikipedia.org/wiki/मुग़ल_बाग़
Hindi,"इसके खास लक्षण हैं, फव्वारे, झील, सरोवर, इत्यादि।",hi:मुग़ल बाग़,https://hi.wikipedia.org/wiki/मुग़ल_बाग़
Hindi,"धारीऐर, पिथौरागढ (सदर) तहसील में भारत के उत्तराखण्ड राज्य के अन्तर्गत कुमाऊँ मण्डल के पिथोरागढ जिले का एक गाँव है।","hi:धारीऐर, पिथौरागढ (सदर) तहसील","https://hi.wikipedia.org/wiki/धारीऐर,_पिथौरागढ_(सदर)_तहसील"
Hindi,"उड़ारियँ एक भारतीय हिंदी -भाषा की टेलीविजन पारिवारिक ड्रामा सीरीज़ है, जिसका प्रीमियर 15 मार्च 2021 को कलर्स टीवी पर हुआ था।",hi:उड़ारियाँ,https://hi.wikipedia.org/wiki/उड़ारियाँ
Hindi,"सरगुन मेहता और रवि दुबे द्वारा निर्मित, इसमें पूर्व में प्रियंका चौधरी, अंकित गुप्ता और ईशा मालवीय ने अभिनय किया था।",hi:उड़ारियाँ,https://hi.wikipedia.org/wiki/उड़ारियाँ
Hindi,"सितंबर 2022 से, इसमें ट्विंकल अरोड़ा, हितेश भारद्वाज और सोनाक्षी बत्रा हैं।",hi:उड़ारियाँ,https://hi.wikipedia.org/wiki/उड़ारियाँ
Hindi,"नीरज पांडे एक भारतीय फ़िल्म निर्माता, निर्देशक और लेखक हैं।इनका जन्म बिहार के आरा शहर में हुआ था।",hi:नीरज पांडे,https://hi.wikipedia.org/wiki/नीरज_पांडे
Hindi,"सौंदर्यशास्त्रीय सापेक्षवाद (Aestehtic relativism) यह विचार है कि सौंदर्य के दृष्टिकोण और प्रत्यक्षण और विचारण में अंतर के सापेक्ष हैं, और आंतरिक रूप से, कोई परम निरपेक्ष सत्य या वैधता नहीं है।",hi:सौन्दर्यपरक सापेक्षवाद,https://hi.wikipedia.org/wiki/सौन्दर्यपरक_सापेक्षवाद
Hindi,"शिव पूजन राय, भारतीय स्वाधीनता संग्राम में सन् 1942 के भारत छोड़ो आंदोलन के दौरान उत्तर प्रदेश के गाजीपुर जिले में मुहम्मदाबाद तहसील मुख्यालय पर तिरंगा फहराने के प्रयास में शहीद हुए थे।",hi:शिव पूजन राय,https://hi.wikipedia.org/wiki/शिव_पूजन_राय
Hindi,"ब्रिटिश सिपाहियों द्वारा गोलीबारी में डॉ शिवपूजन राय के साथ वंश नारायण राय, वंश नारायण राय द्वितीय, वशिष्ठ नारायण राय, ऋषिकेश राय, राजा राय, नारायण राय और राम बदन उपाध्याय भी शहीद हुए थे जिन्हें अष्ट शहीद कहा जाता है।",hi:शिव पूजन राय,https://hi.wikipedia.org/wiki/शिव_पूजन_राय
Hindi,शिवपूजन राय शेरपुर गाँव के निवासी थे।,hi:शिव पूजन राय,https://hi.wikipedia.org/wiki/शिव_पूजन_राय
Hindi,कोंगनपुरम (Konganapuram) भारत के तमिल नाडु राज्य के सेलम ज़िले में स्थित एक नगर है।,hi:कोंगनपुरम,https://hi.wikipedia.org/wiki/कोंगनपुरम
Hindi,"सुशील कुमार (जन्म: २६ मई १९८३) भारत के एक कुश्ती पहलवान हैं जो 2012 के लंदन ओलंपिक में रजत पदक, 2008 के बीजिंग ओलंपिक में कांस्य पदक जीतकर लगातार दो ओलम्पिक मुकाबलों में व्यक्तिगत पदक जीतने वाला पहला भारतीय खिलाड़ी बना।",hi:सुशील कुमार (पहलवान),https://hi.wikipedia.org/wiki/सुशील_कुमार_(पहलवान)
Hindi,२००८ ओलम्पिक में 66 किग्रा फ्रीस्टाइल में कजा‍खिस्तान के लियोनिड स्प्रिडोनोव को हरा कांस्य पदक जीत कर उन्होंने ५६ साल बाद १९५२ के इतिहास को एक बार फिर से दोहराया जब यह पदक महाराष्ट्र के खशाबा जाधव ने जीता था।,hi:सुशील कुमार (पहलवान),https://hi.wikipedia.org/wiki/सुशील_कुमार_(पहलवान)
Hindi,"सुशील, सतपाल पहलवान का चेला है।",hi:सुशील कुमार (पहलवान),https://hi.wikipedia.org/wiki/सुशील_कुमार_(पहलवान)
Hindi,2010 तथा 2014 राष्ट्रमण्डल खेलों में उसने स्वर्ण पदक प्राप्त किया।,hi:सुशील कुमार (पहलवान),https://hi.wikipedia.org/wiki/सुशील_कुमार_(पहलवान)
Hindi,अमीना (मृत्यु - 1610) एक वीर योद्धा रानी(हाउसा मुस्लिम ऐतिहासिक पात्र) थी।,hi:अमीना,https://hi.wikipedia.org/wiki/अमीना
Hindi,वह जज़्ज़ाउ(नाइज़ीरिया के उत्तर-पश्चिम में स्थित स्थान) की रानी थी जो वर्तमान समय में कदुना राज्य का ज़रिया नगर है।,hi:अमीना,https://hi.wikipedia.org/wiki/अमीना
Hindi,उसके बारे में अनेकों किंवदन्तियाँ हैं किन्तु इतिहासकार भी मानते हैं कि वह वास्तव में एक रानी थी।,hi:अमीना,https://hi.wikipedia.org/wiki/अमीना
Hindi,उसके शासनकाल के सम्बन्ध में विद्वानों में मतभेद है।,hi:अमीना,https://hi.wikipedia.org/wiki/अमीना
Hindi,टीकाराम जूली (जन्म: 30 नवम्बर 1980) एक भारतीय राजनीतिज्ञ तथा वर्तमान राजस्थान विधानसभा में विपक्ष के नेता हैं।,hi:टीकाराम जूली,https://hi.wikipedia.org/wiki/टीकाराम_जूली
Hindi,"वे पूर्व में राजस्थान सरकार में सामाजिक न्याय एवं अधिकारिता विभाग केबिनेट मंत्री व श्रम विभाग (स्वतंत्र प्रभार), कारखाना एवं बॉयलर्स निरीक्षण (स्वतंत्र प्रभार), सहकारिता, इंदिरा गांधी नहर परियोजना राज्यमंत्री रहे हैं।",hi:टीकाराम जूली,https://hi.wikipedia.org/wiki/टीकाराम_जूली
Hindi,वे राजस्थान विधानसभा में अलवर ग्रामीण से विधायक हैं।,hi:टीकाराम जूली,https://hi.wikipedia.org/wiki/टीकाराम_जूली
Hindi,वे भारतीय राष्ट्रीय कांग्रेस के राजनेता हैं।,hi:टीकाराम जूली,https://hi.wikipedia.org/wiki/टीकाराम_जूली
Hindi,उपशास्त्रीय संगीत में शास्त्रीय संगीत तथा लोक संगीत अथवा शास्त्रीय संगीत और लोकप्रिय संगीत जैसे पश्चिमी या पॉप का मिश्रण होता है।,hi:उपशास्त्रीय संगीत,https://hi.wikipedia.org/wiki/उपशास्त्रीय_संगीत
Hindi,ऐसा संगीत को लोकप्रिय बनाने या विशेष प्रभाव उत्पन्न करने के लिए फ़िल्मों या नाटकों में किया जाता है।,hi:उपशास्त्रीय संगीत,https://hi.wikipedia.org/wiki/उपशास्त्रीय_संगीत
Hindi,"लोकगीतों में ध्रुपद, धमार, होली व चैती आदि अनेक विधाएँ हैं जो पहले लोक संगीत की भांति प्रकाश में आए और बाद में उनका शास्त्रीयकरण किया गया।",hi:उपशास्त्रीय संगीत,https://hi.wikipedia.org/wiki/उपशास्त्रीय_संगीत
Hindi,"इनके शास्त्रीय रूप का विद्वान पूरी तरह पालन करते हैं, लेकिन आज भी लोक-संगीतकार इनके शास्त्रीय रूप का गंभीरता से पालन किए बिना इन्हें सुंदरता से प्रस्तुत करते हैं।",hi:उपशास्त्रीय संगीत,https://hi.wikipedia.org/wiki/उपशास्त्रीय_संगीत
Hindi,शर्बत एक पेय है जो पानी और नींबू या फलों के रसों में मसालों तथा अन्य सामग्रियों को मिला कर बनाया जाता है।,hi:शर्बत,https://hi.wikipedia.org/wiki/शर्बत
Hindi,प्रायः यह शीतलता प्रदान करने के लिए पिया जाता है।,hi:शर्बत,https://hi.wikipedia.org/wiki/शर्बत
Hindi,"भारत तथा पाकिस्तान में शर्बत में मुख्तः पानी, चीनी और नमक के अलावे कुछ मसाले और नींबू के रस की प्रधानता होती है।",hi:शर्बत,https://hi.wikipedia.org/wiki/शर्बत
Hindi,"पर तुर्की, अरब तथा फ़ारस (ईरान) के शर्बत कई फलों के रसों तथा सुगंधित पुष्पों और वनस्पतियों से मिलकर बने होते हैं।",hi:शर्बत,https://hi.wikipedia.org/wiki/शर्बत
Hindi,लिसन ग्रोव (अंग्रेज़ी: Lisson Grove) एक केन्द्रीय लंदन में सिटी ऑफ़ वेस्टमिंस्टर बरो का जिला है।,hi:लिसन ग्रोव,https://hi.wikipedia.org/wiki/लिसन_ग्रोव
Hindi,एक ही रास्ता से इनका उल्लेख होता हैं: एक ही रास्ता (1956 फ़िल्म) एक ही रास्ता (1977 फ़िल्म) एक ही रास्ता (1993 फ़िल्म),hi:एक ही रास्ता,https://hi.wikipedia.org/wiki/एक_ही_रास्ता
Hindi,वेबकॉमिक (अंग्रेज़ी: Webcomic) ऐसी कॉमिक या चित्रकथा है जिसे मुख्य रूप से इंटरनेट के माध्यम से प्रकाशित और वितरित किया जाता है।,hi:वेबकॉमिक,https://hi.wikipedia.org/wiki/वेबकॉमिक
Hindi,"वेबकॉमिक में चित्र, संवाद, कथानक और अन्य दृश्य तत्वों का प्रयोग कहानी या विचार प्रस्तुत करने के लिए किया जाता है।",hi:वेबकॉमिक,https://hi.wikipedia.org/wiki/वेबकॉमिक
Hindi,"पारंपरिक मुद्रित कॉमिक्स के विपरीत, वेबकॉमिक को वेबसाइट, ब्लॉग, सोशल मीडिया या अन्य डिजिटल प्लेटफ़ॉर्म पर प्रकाशित किया जा सकता है।",hi:वेबकॉमिक,https://hi.wikipedia.org/wiki/वेबकॉमिक
Hindi,कुम्मी आंध्र प्रदेश का प्रसिद्ध लोक नृत्य है।,hi:कुम्मी,https://hi.wikipedia.org/wiki/कुम्मी
Hindi,कुम्मी आंध्र प्रदेश के अलावा केरल और तमिलनाडु का एक लोकप्रिय लोक नृत्य है।,hi:कुम्मी,https://hi.wikipedia.org/wiki/कुम्मी
Hindi,कुम्मी का प्रदर्शन गोलाकार रूप में खड़ी महिलाओं द्वारा किया जाता है।,hi:कुम्मी,https://hi.wikipedia.org/wiki/कुम्मी
Hindi,कुम्मी नृत्य की खासियत है कि इसका प्रदर्शन बिना संगीत के केवल लयबद्ध ताली बजाकर किया जाता है।,hi:कुम्मी,https://hi.wikipedia.org/wiki/कुम्मी
Hindi,"विद्या योगदान है, किसी और को फ़िल्म दिखाने, संगीत सुनाने, या किताब पढ़ानने के लिए विद्या को आम जगह मे दान करना।",hi:विद्या योगदान,https://hi.wikipedia.org/wiki/विद्या_योगदान
Hindi,"विद्या कई प्रकार की होती है, जैसे शिक्षात्मक सिनेमा, संगीत, किताब।",hi:विद्या योगदान,https://hi.wikipedia.org/wiki/विद्या_योगदान
Hindi,"(भौतिक दुनिया मे) विद्या को योगदान करने का मतलब है किसी पुस्तकालय या विद्यालय मे सिनेमा, संगीत, या किताब को योगदान करना।",hi:विद्या योगदान,https://hi.wikipedia.org/wiki/विद्या_योगदान
Hindi,द्वितीय विश्वयुद्ध की समाप्ति निम्नलिखित दो लेखों द्वारा वर्णित है- (१) यूरोप में द्वितीय विश्वयुद्ध की समाप्ति (२) एशिया में द्वितीय विश्वयुद्ध की समाप्ति,hi:द्वितीय विश्व युद्ध की समाप्ति,https://hi.wikipedia.org/wiki/द्वितीय_विश्व_युद्ध_की_समाप्ति
Hindi,"फेलिक्स अरवीड अल्फ़ शेलबर्ग (जन्म 24 अक्टूबर 1989), प्यूडीपाई (के रूप में जाना जाता है ऑनलाइन) एक स्वीडिश यूट्यूबर, हास्य अभिनेता और परोपकारी के लिए मुख्य रूप से जाना जाता हे लेट्स प्ले वीडियो और कॉमेडिक स्वरूपित शो।",hi:प्यूडीपाई,https://hi.wikipedia.org/wiki/प्यूडीपाई
Hindi,"2010 में अपना नाम यूट्यूब चैनल दर्ज करने के बाद, केजेलबर्ग ने मुख्य रूप से हॉरर और एक्शन वीडियो गेम के वीडियो खेलते हैं ।",hi:प्यूडीपाई,https://hi.wikipedia.org/wiki/प्यूडीपाई
Hindi,उनके चैनल ने अगले दो वर्षों में लोकप्रियता में पर्याप्त वृद्धि का अनुभव किया और वह 1 पर पहुंच गया जुलाई 2012 में मिलियन सब्सक्राइबर।,hi:प्यूडीपाई,https://hi.wikipedia.org/wiki/प्यूडीपाई
Hindi,"समय के साथ, सामग्री की उनकी शैली में व्लॉग्स, कॉमेडी शॉर्ट्स, स्वरूपित शो और संगीत वीडियो शामिल हैं।",hi:प्यूडीपाई,https://hi.wikipedia.org/wiki/प्यूडीपाई
Hindi,"लद्दाख़ी-बलती भाषाएँ (Ladakhi–Balti languages), जिन्हें पश्चिमी पुरानी तिब्बती भाषाएँ (Western Archaic Tibetan) भी कहा जाता है, भारत के लद्दाख़ प्रदेश और पाकिस्तान द्वारा अधिकृत गिलगित-बलतिस्तान (जिसे भारत अपना अंग मानता है) में बोली जाने वाली तिब्बताई भाषाओं का एक उप-परिवार है।",hi:लद्दाख़ी-बलती भाषाएँ,https://hi.wikipedia.org/wiki/लद्दाख़ी-बलती_भाषाएँ
Hindi,इसकी अलग-अलग सदस्य भाषाओं को बोलने वाले एक दूसरे को समझने में असमर्थ हैं।,hi:लद्दाख़ी-बलती भाषाएँ,https://hi.wikipedia.org/wiki/लद्दाख़ी-बलती_भाषाएँ
Hindi,यह सभी भाषाएँ यहाँ से दक्षिण में बोली जाने वाली लाहौली-स्पीति भाषाओं की तुलना में मानक तिब्बती भाषा के अधिक दूर भी हैं।,hi:लद्दाख़ी-बलती भाषाएँ,https://hi.wikipedia.org/wiki/लद्दाख़ी-बलती_भाषाएँ
Hindi,प्रेमजी प्रेम राजस्थानी भाषा के विख्यात साहित्यकार हैं।,hi:प्रेमजी प्रेम,https://hi.wikipedia.org/wiki/प्रेमजी_प्रेम
Hindi,इनके द्वारा रचित एक कविता–संकलन म्हारी कवितावां के लिये उन्हें सन् 1991 में साहित्य अकादमी पुरस्कार से सम्मानित किया गया।,hi:प्रेमजी प्रेम,https://hi.wikipedia.org/wiki/प्रेमजी_प्रेम
Hindi,"असों, कपकोट तहसील में भारत के उत्तराखण्ड राज्य के अन्तर्गत कुमाऊँ मण्डल के बागेश्वर जिले का एक गाँव है।","hi:असों, कपकोट तहसील","https://hi.wikipedia.org/wiki/असों,_कपकोट_तहसील"
Hindi,"सरदारी आंदोलन छोटानागपुर की भूमिज आदिवासियों का शांतिपूर्ण और अहिंसक आंदोलन था, जिसका नेतृत्व गांव की मुखिया, जिसे ""सरदार"" कहा जाता था ने किया था।",hi:सरदारी आंदोलन,https://hi.wikipedia.org/wiki/सरदारी_आंदोलन
Hindi,इस आंदोलन को मूल की लड़ाई भी कहा जाता है।,hi:सरदारी आंदोलन,https://hi.wikipedia.org/wiki/सरदारी_आंदोलन
Hindi,"आंदोलन में विफलता से नाराज़ आदिवासियों, 1900 में बिरसा मुंडा के हिंसक विद्रोह में शामिल हो गए।",hi:सरदारी आंदोलन,https://hi.wikipedia.org/wiki/सरदारी_आंदोलन
Hindi,"यह आंदोलन बिरसा मुंडा के ""उलगुलान"" का नींव बना।",hi:सरदारी आंदोलन,https://hi.wikipedia.org/wiki/सरदारी_आंदोलन
Hindi,"सौंदत्ती (Saundatti) या सवदत्ती (Saundatti), जिसका ऐतिहासिक नाम सुगंधवर्ती (Sugandavarti) था, भारत के कर्नाटक राज्य के बेलगाम ज़िले में स्थित एक नगर व तीर्थस्थल है।",hi:सौंदत्ती,https://hi.wikipedia.org/wiki/सौंदत्ती
Hindi,"शिवड़ी-न्हावा शेवा अटल सेतु २२ किमी लम्बा एक सेतु है जो शिवड़ी, दक्षिण मुम्बई से आरम्भ होकर न्हावा शेवा पर समाप्त होगा।",hi:शिवड़ी-न्हावा शेवा अटल सेतु,https://hi.wikipedia.org/wiki/शिवड़ी-न्हावा_शेवा_अटल_सेतु
Hindi,६० अरब रू की लागत से बनने वाले इस सेतु का प्रस्ताव अनिल धीरूभाई अम्बानी समूह द्वारा समर्थित रिलायन्स एनर्जी ने महाराष्ट्र सरकार के समक्ष २००८ में रखा था।,hi:शिवड़ी-न्हावा शेवा अटल सेतु,https://hi.wikipedia.org/wiki/शिवड़ी-न्हावा_शेवा_अटल_सेतु
Hindi,"महाराष्ट्र राज्य सड़क विकास निगम, जो इस परियोजना की केन्द्रीय संस्था है, यह विचार कर रही है की रिलायन्स एनर्जी और ह्यून्दे के संकाय से ५० अरब रू की प्रतिभू राशि रखवा ली जाए जो कुल लागत का ८५% है।",hi:शिवड़ी-न्हावा शेवा अटल सेतु,https://hi.wikipedia.org/wiki/शिवड़ी-न्हावा_शेवा_अटल_सेतु
Hindi,यह सेतु पिछ्ले चार दशकों से कागज़ों तक ही सिमटा हुआ है।,hi:शिवड़ी-न्हावा शेवा अटल सेतु,https://hi.wikipedia.org/wiki/शिवड़ी-न्हावा_शेवा_अटल_सेतु
Hindi,केपिट टेक्नोलॉजीज़ लिमिटेड एक भारतीय बहुराष्ट्रीय निगम है जो मोटर वाहन कंपनियों को एंबेडेड सॉफ्टवेयर और उत्पाद इंजीनियरिंग सेवाएं प्रदान करता है।,hi:केपिट टेक्नोलॉजीज़,https://hi.wikipedia.org/wiki/केपिट_टेक्नोलॉजीज़
Hindi,"केपिट के नाम से लोकप्रिय कंपनी का मुख्यालय पुणे में है और भारत के अलावा यूरोप, अमेरिका, जापान और चीन में भी इसके विकास केंद्र हैं।",hi:केपिट टेक्नोलॉजीज़,https://hi.wikipedia.org/wiki/केपिट_टेक्नोलॉजीज़
Hindi,"केपिट ने ५८ पेटेंट दायर किए हैं, कुछ शोध पत्र प्रकाशित किए हैं, और नवाचार के लिए कई पुरस्कार जीते हैं।",hi:केपिट टेक्नोलॉजीज़,https://hi.wikipedia.org/wiki/केपिट_टेक्नोलॉजीज़
Hindi,"अमिता कानेकर मुंबई की एक लेखक हैं, जिनके पहले उपन्यास ए स्पोक इन द व्हील को हार्पर कोलिन्स पब्लिशर्स, भारत द्वारा प्रकाशित किया गया था।",hi:अमिता कानेकर,https://hi.wikipedia.org/wiki/अमिता_कानेकर
Hindi,कानकेर मुंबई विश्वविद्यालय में तुलनात्मक पौराणिक कथाओं को पढ़ाती है।,hi:अमिता कानेकर,https://hi.wikipedia.org/wiki/अमिता_कानेकर
Hindi,वह वर्तमान में (2006) अपने दूसरे उपन्यास पर काम कर रही है।,hi:अमिता कानेकर,https://hi.wikipedia.org/wiki/अमिता_कानेकर
Hindi,"वह एक बच्चे के रूप में अमेरिका में रही है, और वास्तुशिल्प इतिहास पढ़ाती है।",hi:अमिता कानेकर,https://hi.wikipedia.org/wiki/अमिता_कानेकर
Hindi,दाऊदनगर (म) - वार्ड नो.10 में भारत के बिहार राज्य के अन्तर्गत मगध मण्डल के औरंगाबाद जिले का एक गाँव है।,hi:दौडनगर (म) - वार्ड नो.10,https://hi.wikipedia.org/wiki/दौडनगर_(म)_-_वार्ड_नो.10
Hindi,शिबुया स्क्रैंबल चौराहा (जापानी: 渋谷スクランブル交差点) या केवल शिबुया चौराहा जापान के शिबुया नगरपालिका में स्थित एक लोकप्रिय पैदल स्क्रैंबल चौराहा है।,hi:शिबुया चौराहा,https://hi.wikipedia.org/wiki/शिबुया_चौराहा
Hindi,"शिबुया चौराहा दुनिया का सबसे व्यस्त पैदल पारपथ, जहाँ लगभग 3000 लोग एक बार में इसको पार करते हैं।",hi:शिबुया चौराहा,https://hi.wikipedia.org/wiki/शिबुया_चौराहा
Hindi,तलाश एक 2012 में प्रदर्शित एक भारतीय थ्रिलर फ़िल्म है जिसे रीमा कागती द्वारा लिखा व निर्देशित किया गया है।,hi:तलाश (2012 फ़िल्म),https://hi.wikipedia.org/wiki/तलाश_(2012_फ़िल्म)
Hindi,"फ़िल्म को एक्सेल इंटरटेनमेंट और आमिर खान प्रोडक्शंस मिल कर निर्मित किया और इसमें आमिर खान, रानी मुखर्जी और करीना कपूर मुख्य भूमिकाओं में है।",hi:तलाश (2012 फ़िल्म),https://hi.wikipedia.org/wiki/तलाश_(2012_फ़िल्म)
Hindi,फ़िल्म का संगीत राम संपथ द्वारा किया गया है और जावेद अख्तर ने गानों को लिखा है।,hi:तलाश (2012 फ़िल्म),https://hi.wikipedia.org/wiki/तलाश_(2012_फ़िल्म)
Hindi,"सहाबा या अस-सहाब (अरबी: ur) इस्लाम धर्म के आखरी पैग़म्बर मुहम्मद साहब के साथियों, शिष्यों, लेखकों और परिवारजनों को कहा जाता है मुहाजिर और अंसारी वो सहाबी है जिनका जिक्र पवित्र क़ुरआन में भी है अरबी भाषा में ""असहाब"" का अर्थ 'साथी' या 'सहयोगी' होता है",hi:सहाबा,https://hi.wikipedia.org/wiki/सहाबा
Hindi,कनरे भारतीय राज्य उत्तराखण्ड राज्य के कुमाऊँ मण्डल के अल्मोड़ा जिले की चौखुटिया तहसील का एक गाँव है।,"hi:कनरे, चौखुटिया तहसील","https://hi.wikipedia.org/wiki/कनरे,_चौखुटिया_तहसील"
Hindi,इनका जन्म उत्तर प्रदेश के वाराणसी में हुआ था।,hi:अमृत राय,https://hi.wikipedia.org/wiki/अमृत_राय
Hindi,अमृतराय प्रसिद्ध लेखक प्रेमचन्द के सुपुत्र हँ।,hi:अमृत राय,https://hi.wikipedia.org/wiki/अमृत_राय
Hindi,ये प्रगतिशील साहित्यकारों में महत्त्वपूर्ण स्थान रखते हैं।,hi:अमृत राय,https://hi.wikipedia.org/wiki/अमृत_राय
Hindi,कहानी तथा ललित निबन्ध के लेखन में भारत विख्यात इस लेखक को कलम का सिपाही नामक पुस्तक पर साहित्य अकादमी का पुरस्कार मिल चुका है।,hi:अमृत राय,https://hi.wikipedia.org/wiki/अमृत_राय
Hindi,"बकार्डी एक परिवार-नियंत्रित शराब की कंपनी है, जिसे रम के साथ-साथ बकार्डी सुपीरियर और बकार्डी 151 के निर्माता के रूप में सबसे अच्छी तरह जाना जाता है।",hi:बकार्डी,https://hi.wikipedia.org/wiki/बकार्डी
Hindi,कंपनी की बिक्री लगभग 100 देशों में प्रति वर्ष 200 मिलियन बोतलों से भी अधिक है।,hi:बकार्डी,https://hi.wikipedia.org/wiki/बकार्डी
Hindi,"2007 में कंपनी की बिक्री 5.5 बिलियन अमेरिकी डॉलर थी, जो 2006 में 4.9 बिलियन डॉलर से अधिक थी।",hi:बकार्डी,https://hi.wikipedia.org/wiki/बकार्डी
Hindi,"बकार्डी का मुख्यालय हैमिल्टन, बरमूडा में है और इसके पास निदेशकों की एक 16-सदस्यीय समिति है जिसका नेतृत्व इसके मूल संस्थापक के परपोते के बेटे, फैकंडो एल.",hi:बकार्डी,https://hi.wikipedia.org/wiki/बकार्डी
Hindi,स्वारगेट (मराठी:स्वारगॅट) यह महाराष्ट्र राज्य के पुणे जिला का एक उपनगर है।,hi:स्वारगेट,https://hi.wikipedia.org/wiki/स्वारगेट
Hindi,यहाँ एक क्रिकेट स्टेडियम भी है - नेहरू स्टेडियम।,hi:स्वारगेट,https://hi.wikipedia.org/wiki/स्वारगेट
Hindi,यह पुणे नगरपालिका का एक क्षेत्र है।,hi:स्वारगेट,https://hi.wikipedia.org/wiki/स्वारगेट
Hindi,1982 हंसेल्स वीटा ताजा महिला विश्व कप एक अंतरराष्ट्रीय क्रिकेट टूर्नामेंट 10 जनवरी से 7 फरवरी 1982 तक न्यूजीलैंड में खेला गया था।,hi:1982 महिला क्रिकेट विश्व कप,https://hi.wikipedia.org/wiki/1982_महिला_क्रिकेट_विश्व_कप
Hindi,"पहली बार के लिए न्यूजीलैंड द्वारा होस्ट किया गया है, यह महिला क्रिकेट विश्व कप के तीसरे संस्करण था, आने वाले भारत में पिछले 1978 की विश्व कप चार साल बाद।",hi:1982 महिला क्रिकेट विश्व कप,https://hi.wikipedia.org/wiki/1982_महिला_क्रिकेट_विश्व_कप
Hindi,"टूर्नामेंट है, जो एक ट्रिपल राउंड रोबिन छापा, समय दोनों की अवधि में सबसे लंबे समय तक विश्व कप में खेला और मैचों की संख्या में था।",hi:1982 महिला क्रिकेट विश्व कप,https://hi.wikipedia.org/wiki/1982_महिला_क्रिकेट_विश्व_कप
Hindi,"छह टीमों मूल रूप से आमंत्रित किया गया था, लेकिन नीदरलैंड में भाग लेने में असमर्थ थे और वेस्टइंडीज न्यूजीलैंड की 1981 में दक्षिण अफ्रीका के रग्बी के दौरे के विरोध में वापस ले लिया।",hi:1982 महिला क्रिकेट विश्व कप,https://hi.wikipedia.org/wiki/1982_महिला_क्रिकेट_विश्व_कप
Hindi,उत्तर रामापुरं (कडप) में भारत के आन्ध्रप्रदेश राज्य के अन्तर्गत के कडप जिले का एक गाँव है।,hi:उत्तर रामापुरं (कडप),https://hi.wikipedia.org/wiki/उत्तर_रामापुरं_(कडप)
Hindi,"इंग्लैंड क्रिकेट टीम ने दिसंबर 2019 से फरवरी 2020 तक चार टेस्ट, तीन एक दिवसीय अंतर्राष्ट्रीय (वनडे) और तीन ट्वेंटी 20 अंतर्राष्ट्रीय (टी20ई) मैच खेलने के लिए दक्षिण अफ्रीका का दौरा किया।",hi:इंग्लैंड क्रिकेट टीम का दक्षिण अफ्रीका दौरा 2019-20,https://hi.wikipedia.org/wiki/इंग्लैंड_क्रिकेट_टीम_का_दक्षिण_अफ्रीका_दौरा_2019-20
Hindi,टेस्ट सीरीज़ ने उद्घाटन 2019–21 आईसीसी विश्व टेस्ट चैम्पियनशिप का हिस्सा बनाया।,hi:इंग्लैंड क्रिकेट टीम का दक्षिण अफ्रीका दौरा 2019-20,https://hi.wikipedia.org/wiki/इंग्लैंड_क्रिकेट_टीम_का_दक्षिण_अफ्रीका_दौरा_2019-20
Hindi,क्रिकेट दक्षिण अफ्रीका ने मई 2019 में दौरे के लिए जुड़नार की पुष्टि की।,hi:इंग्लैंड क्रिकेट टीम का दक्षिण अफ्रीका दौरा 2019-20,https://hi.wikipedia.org/wiki/इंग्लैंड_क्रिकेट_टीम_का_दक्षिण_अफ्रीका_दौरा_2019-20
Hindi,"सितंबर 2019 में, पश्चिमी प्रांत क्रिकेट संघ के मामलों के वित्तीय मुद्दों के संबंध में, क्रिकेट साउथ अफ्रीका ने न्यूलैंड्स क्रिकेट ग्राउंड में नए साल के टेस्ट मैच की मेजबानी के बारे में चिंता जताई।",hi:इंग्लैंड क्रिकेट टीम का दक्षिण अफ्रीका दौरा 2019-20,https://hi.wikipedia.org/wiki/इंग्लैंड_क्रिकेट_टीम_का_दक्षिण_अफ्रीका_दौरा_2019-20
Hindi,"मेघना मिश्रा एक भारतीय पार्श्व गायिका हैं, जो मुख्य रूप से संगीत निर्देशक अमित त्रिवेदी की एक चयनित पार्श्व गायिका हैं।",hi:मेघना मिश्रा,https://hi.wikipedia.org/wiki/मेघना_मिश्रा
Hindi,"उन्होंने 2017 की सीक्रेट सुपरस्टार में आमिर खान द्वारा अभिनीत, दो सुपरहिट ट्रैक, ""नचदी फिरा"" और ""मैं कौन हूँ"" दिया ।",hi:मेघना मिश्रा,https://hi.wikipedia.org/wiki/मेघना_मिश्रा
Hindi,"उन्हें ""नचदी फिरा"" के लिए सर्वश्रेष्ठ महिला पार्श्व गायिका के लिए 63 वें फिल्मफेयर पुरस्कार से सम्मानित किया गया।",hi:मेघना मिश्रा,https://hi.wikipedia.org/wiki/मेघना_मिश्रा
Hindi,"गीत ""मेन कौन हूं"" को 2017 के सर्वश्रेष्ठ हिंदी गीतों में से एक ऑनलाइन पोर्टल द्वारा चुना गया था।",hi:मेघना मिश्रा,https://hi.wikipedia.org/wiki/मेघना_मिश्रा
Hindi,"भारतीय नाम: दहियर, दहियल, ग्वालिन, दयाल, दहगल, काली सुई चिड़िया, श्रीवद (संस्कृत), दहियक (संस्कृत), कालकंठ (संस्कृत)।",hi:दहियर पक्षी,https://hi.wikipedia.org/wiki/दहियर_पक्षी
Hindi,आकार : लगभग 7.5 इंच दहियर पक्षी सामान्य रूप से भारत मे पाया जाने वाला पक्षी है।,hi:दहियर पक्षी,https://hi.wikipedia.org/wiki/दहियर_पक्षी
Hindi,यह सुबह के समय मधुर संगीत गाता हुआ मिल जाता है।,hi:दहियर पक्षी,https://hi.wikipedia.org/wiki/दहियर_पक्षी
Hindi,पूछ को झटके के साथ ऊपर तथा नीचे करते हैं।,hi:दहियर पक्षी,https://hi.wikipedia.org/wiki/दहियर_पक्षी
Hindi,भारत ने 4 से 13 नवंबर 1968 तक तेल अवीव में आयोजित 1968 ग्रीष्मकालीन पैरालिंपिक में भाग लिया।,hi:1968 ग्रीष्मकालीन पैरालम्पिक में भारत,https://hi.wikipedia.org/wiki/1968_ग्रीष्मकालीन_पैरालम्पिक_में_भारत
Hindi,राष्ट्र ने 1968 खेल में अपनी आधिकारिक शुरुआत की।,hi:1968 ग्रीष्मकालीन पैरालम्पिक में भारत,https://hi.wikipedia.org/wiki/1968_ग्रीष्मकालीन_पैरालम्पिक_में_भारत
Hindi,भारत ने खेलों के लिए दस एथलीटों वाला एक दल भेजा और कोई पदक नहीं जीत सका।,hi:1968 ग्रीष्मकालीन पैरालम्पिक में भारत,https://hi.wikipedia.org/wiki/1968_ग्रीष्मकालीन_पैरालम्पिक_में_भारत
Hindi,आरएसी (RAC) या रद्दकरण पर आरक्षण(अंग्रेज़ी: Reservation Against Cancellation) भारतीय रेल में यात्रा के लिए विक्रय योग्य एक प्रकार का टिकट है।,hi:आरएसी (रेलवे आरक्षण),https://hi.wikipedia.org/wiki/आरएसी_(रेलवे_आरक्षण)
Hindi,आरएसी टिकट के साथ रेलगाड़ी में यात्रा की जा सकती है लेकिन इसमें शायिका (बर्थ अथवा सोने की सीट) मिलने की बाध्यता नहीं होती।,hi:आरएसी (रेलवे आरक्षण),https://hi.wikipedia.org/wiki/आरएसी_(रेलवे_आरक्षण)
Hindi,आरएसी टिकट धारक यात्री को अपने सीट एक और सह-यात्री के साथ साझा करना होता है।,hi:आरएसी (रेलवे आरक्षण),https://hi.wikipedia.org/wiki/आरएसी_(रेलवे_आरक्षण)
Hindi,दो आरएसी टिकट धारकों के लिए एक बर्थ को 2 सीटों में बांटा गया है जिसमें यात्रियों को साइड लोअर सीट दिया जाता है।,hi:आरएसी (रेलवे आरक्षण),https://hi.wikipedia.org/wiki/आरएसी_(रेलवे_आरक्षण)
Hindi,दशम ग्रंथ को गुरु गोबिंद सिंह ने छोटी-छोटी पुस्तिकाओं के रूप में अलग-अलग समय पर रचा या सम्कलित किया था।,hi:दशम ग्रंथ का इतिहास,https://hi.wikipedia.org/wiki/दशम_ग्रंथ_का_इतिहास
Hindi,दशम ग्रन्थ में से कुछ सिख मंगलाचरण हैं।,hi:दशम ग्रंथ का इतिहास,https://hi.wikipedia.org/wiki/दशम_ग्रंथ_का_इतिहास
Hindi,गुरुजी के ही जीवनकाल में दशम ग्रंथ की पहली संयुक्त पांडुलिपियाँ बनाई गई थीं।,hi:दशम ग्रंथ का इतिहास,https://hi.wikipedia.org/wiki/दशम_ग्रंथ_का_इतिहास
Hindi,"यह भी कहा जाता है कि 1708 के बाद, दशम ग्रंथ को मणि सिंह खालसा द्वारा संकलित किया गया था और यह माता सुंदरी के प्रत्यक्ष निर्देश के तहत अन्य खालसा सैनिकों के योगदान से तैयार किया गया था।",hi:दशम ग्रंथ का इतिहास,https://hi.wikipedia.org/wiki/दशम_ग्रंथ_का_इतिहास
Hindi,103 रेखांश पश्चिम (103rd meridian west) पृथ्वी की प्रधान मध्याह्न रेखा से पश्चिम में 103 रेखांश पर स्थित उत्तरी ध्रुव से दक्षिणी ध्रुव तक चलने वाली रेखांश है।,hi:103 रेखांश पश्चिम,https://hi.wikipedia.org/wiki/103_रेखांश_पश्चिम
Hindi,"यह काल्पनिक रेखा आर्कटिक महासागर, उत्तर अमेरिका, प्रशांत महासागर, दक्षिणी महासागर और अंटार्कटिका से गुज़रती है।",hi:103 रेखांश पश्चिम,https://hi.wikipedia.org/wiki/103_रेखांश_पश्चिम
Hindi,यह 77 रेखांश पूर्व से मिलकर एक महावृत्त बनाती है।,hi:103 रेखांश पश्चिम,https://hi.wikipedia.org/wiki/103_रेखांश_पश्चिम
Hindi,दक्षिणी तामान्दुआ (Southern tamandua) चींटीख़ोर के तामान्दुआ वंश की एक मध्यम आकार की जाति है जो दक्षिण अमेरिका में पाया जाता है।,hi:दक्षिणी तामान्दुआ,https://hi.wikipedia.org/wiki/दक्षिणी_तामान्दुआ
Hindi,यह चींटीख़ोर सिर-से-पूँछ तक औसतन १.२ मीटर (३ फ़ुट ११ इंच) लम्बा होता है।,hi:दक्षिणी तामान्दुआ,https://hi.wikipedia.org/wiki/दक्षिणी_तामान्दुआ
Hindi,"यह चींटी, दीमक और मक्खी जैसे छोटे कीट खाता है और आमतौर पर रात में सक्रीय रहता है, हालांकि कभी-कभी दिन में भी देखा जा सकता है।",hi:दक्षिणी तामान्दुआ,https://hi.wikipedia.org/wiki/दक्षिणी_तामान्दुआ
Hindi,इसके आगे के पंजे मज़बूत होते हैं और इनसे यह कीटों के छत्ते तोड़ने और परभक्षियों से अपनी रक्षा करने में सक्षम है।,hi:दक्षिणी तामान्दुआ,https://hi.wikipedia.org/wiki/दक्षिणी_तामान्दुआ
Hindi,मोहिउद्दीन हाजिनी कश्मीरी भाषा के विख्यात साहित्यकार हैं।,hi:मोहिउद्दीन हाजिनी,https://hi.wikipedia.org/wiki/मोहिउद्दीन_हाजिनी
Hindi,इनके द्वारा रचित एक निबंध–संग्रह मक़ालात के लिये उन्हें सन् 1970 में साहित्य अकादमी पुरस्कार से सम्मानित किया गया।,hi:मोहिउद्दीन हाजिनी,https://hi.wikipedia.org/wiki/मोहिउद्दीन_हाजिनी
Hindi,"यह चीन के आम नागरिकों, जिनकी कोई न कोई चिंताएँ हैं, की सहायता के लिए चीन सरकार द्वारा गठित विभाग है।",hi:स्टेट ब्यूरो फ़ॉर लेटर्स एंड कॉल्स,https://hi.wikipedia.org/wiki/स्टेट_ब्यूरो_फ़ॉर_लेटर्स_एंड_कॉल्स
Hindi,"बाइत्सी (नाउरुई: Baitsi), पूर्व नाम बाइती, नाउरु का एक ज़िला है।",hi:बाइत्सी ज़िला,https://hi.wikipedia.org/wiki/बाइत्सी_ज़िला
Hindi,"देश के पश्चिमोत्तर में स्थित, यह उबेनिदे निर्वाचन क्षेत्र का भाग है।",hi:बाइत्सी ज़िला,https://hi.wikipedia.org/wiki/बाइत्सी_ज़िला
Hindi,भूख हड़ताल एक अहिंसक प्रतिरोध या दबाव की एक विधि है जिसमें प्रतिभागियों उपवास कर विरोध करते हैं।,hi:भूख हड़ताल,https://hi.wikipedia.org/wiki/भूख_हड़ताल
Hindi,मूलतः यह विरोध राजनीतिक होते हैं या दूसरों में अपराध की भावना को भड़काने के लिए किये जाते हैं।,hi:भूख हड़ताल,https://hi.wikipedia.org/wiki/भूख_हड़ताल
Hindi,आमतौर पर नीति परिवर्तन के रूप में एक विशेष लक्ष्य को प्राप्त करने के उद्देश्य के साथ किये जाते हैं।,hi:भूख हड़ताल,https://hi.wikipedia.org/wiki/भूख_हड़ताल
Hindi,अधिकांश भूख हड़ताली तरल पदार्थ ग्रहण करते हैं लेकिन ठोस पदार्थों का सेवन नहीं किया जाता।,hi:भूख हड़ताल,https://hi.wikipedia.org/wiki/भूख_हड़ताल
Hindi,प्यार किया तो डरना क्या 1998 में बनी हिन्दी भाषा की हास्य प्रेमकहानी फ़िल्म है।,hi:प्यार किया तो डरना क्या (1998 फ़िल्म),https://hi.wikipedia.org/wiki/प्यार_किया_तो_डरना_क्या_(1998_फ़िल्म)
Hindi,ये सुहेल ख़ान द्वारा लिखित और निर्देशित है।,hi:प्यार किया तो डरना क्या (1998 फ़िल्म),https://hi.wikipedia.org/wiki/प्यार_किया_तो_डरना_क्या_(1998_फ़िल्म)
Hindi,फिल्म में उनके वास्तविक जीवन के भाई सलमान खान और अरबाज़ ख़ान के साथ काजोल और धर्मेन्द्र मुख्य भूमिकाओं में हैं।,hi:प्यार किया तो डरना क्या (1998 फ़िल्म),https://hi.wikipedia.org/wiki/प्यार_किया_तो_डरना_क्या_(1998_फ़िल्म)
Hindi,जारी होने पर फिल्म सफल और लोकप्रिय रही थी।,hi:प्यार किया तो डरना क्या (1998 फ़िल्म),https://hi.wikipedia.org/wiki/प्यार_किया_तो_डरना_क्या_(1998_फ़िल्म)
Hindi,आनुवंशिकी और रोग में बहुधा कोई न कोई संबंध रहता है।,hi:आनुवंशिक रोग,https://hi.wikipedia.org/wiki/आनुवंशिक_रोग
Hindi,"अनेक रोग दूषित वातावरण तथा परिस्थतियों से उत्पन्न होते हैं, किन्तु अनेक रोग ऐसे भी होते हैं जिनका कारण माता-पिता से जन्मना प्राप्त कोई दोष होता है।",hi:आनुवंशिक रोग,https://hi.wikipedia.org/wiki/आनुवंशिक_रोग
Hindi,ए रोग #'आनुवंशिक रोग (जेनेटिक डिसऑर्डर) कहलाते हैं।,hi:आनुवंशिक रोग,https://hi.wikipedia.org/wiki/आनुवंशिक_रोग
Hindi,कुछ ऐसे रोग भी हैं जो आनुवंशिकी तथा वातावरण दोनों के प्रभावों के फलस्वरूप उत्पन्न होते हैं।,hi:आनुवंशिक रोग,https://hi.wikipedia.org/wiki/आनुवंशिक_रोग
Hindi,पूर्व एक्स्प्रेस 2381 भारतीय रेल द्वारा संचालित एक मेल एक्स्प्रेस ट्रेन है।,hi:पूर्व एक्स्प्रेस २३८१,https://hi.wikipedia.org/wiki/पूर्व_एक्स्प्रेस_२३८१
Hindi,यह ट्रेन हावड़ा जंक्शन रेलवे स्टेशन (स्टेशन कोड:HWH) से 08:20AM बजे छूटती है और नई दिल्ली रेलवे स्टेशन (स्टेशन कोड:NDLS) पर 07:05AM बजे पहुंचती है।,hi:पूर्व एक्स्प्रेस २३८१,https://hi.wikipedia.org/wiki/पूर्व_एक्स्प्रेस_२३८१
Hindi,केहरि सिंह मधुकर डोगरी भाषा के विख्यात साहित्यकार हैं।,hi:केहरि सिंह मधुकर,https://hi.wikipedia.org/wiki/केहरि_सिंह_मधुकर
Hindi,इनके द्वारा रचित एक कविता–संग्रह मैं मेले रा जानू के लिये उन्हें सन् 1977 में साहित्य अकादमी पुरस्कार से सम्मानित किया गया।,hi:केहरि सिंह मधुकर,https://hi.wikipedia.org/wiki/केहरि_सिंह_मधुकर
Hindi,चंद्रगुप्त इंस्टीट्यूट ऑफ मैनेजमेंट पटना ( CIMP ) की स्थापना 2008 में सोसायटी अधिनियम के तहत एक स्वायत्त संस्थान के रूप में बिहार सरकार के सक्रिय समर्थन से की गई थी।,hi:प्रबंधन के चंद्रगुप्त संस्थान,https://hi.wikipedia.org/wiki/प्रबंधन_के_चंद्रगुप्त_संस्थान
Hindi,"यह एक एआईसीटीई -अनुमोदित और एनबीए मान्यता प्राप्त संस्थान है, जो प्रबंधन में स्नातकोत्तर डिप्लोमा में दो साल का पूर्णकालिक कार्यक्रम प्रदान करता है।",hi:प्रबंधन के चंद्रगुप्त संस्थान,https://hi.wikipedia.org/wiki/प्रबंधन_के_चंद्रगुप्त_संस्थान
Hindi,"मिज़री (अंग्रेज़ी: Misery) वर्ष १९९० में अमेरिका की एक मनोवैज्ञानिक थ्रिलर फिल्म है, रॉब रेनर द्वारा निर्मित और निर्देशित, लेखक विलियम गोल्डमैन द्वारा लिखित एक पटकथा और स्टीफन किंग द्वारा इसी नाम के १९८७ के उपन्यास पर आधारित है।",hi:मिज़री (फिल्म),https://hi.wikipedia.org/wiki/मिज़री_(फिल्म)
Hindi,"इसमें जेम्स कान, कैथी बेट्स, लॉरेन बैकल, रिचर्ड फार्नवर्थ और फ्रांसेस स्टर्नहेगन हैं।",hi:मिज़री (फिल्म),https://hi.wikipedia.org/wiki/मिज़री_(फिल्म)
Hindi,"फिल्म एक लेखक का अनुसरण करती है जिसने एक शीर्षकहीन पुस्तक को समाप्त कर दिया, एक बर्फ़ीला तूफ़ान में गिर गया, उसकी कार दुर्घटनाग्रस्त हो गई और एक जुनूनी प्रशंसक द्वारा बचाया गया, लेकिन उसे पता चला कि उसे बंदी बना लिया गया है।",hi:मिज़री (फिल्म),https://hi.wikipedia.org/wiki/मिज़री_(फिल्म)
Hindi,"हांस माकार्ट (जर्मन: Hans Makart; 28 मई 1840 – 3 अक्टूबर 1884)[उद्धरण चाहिए] आस्ट्रिया का १९वीं शताब्दी का श्रेष्ठ चित्रकार, डिजाइनर और सज्जाकार था।[उद्धरण चाहिए] हांस माकार्ट का जन्म साल्जबर्ग में हुआ था।",hi:हांस माकार्ट,https://hi.wikipedia.org/wiki/हांस_माकार्ट
Hindi,"जब इसने वियना कला अकादमी में प्रवेश किया, जर्मन कला का बौद्धिक स्तर ऊँचा था, फिर भी वहाँ अकादमी कला का ही प्रचलन था।[उद्धरण चाहिए] रंगों की तीव्र भावासक्ति के कारण माकार्ट वियना छोड़कर म्यूनिख में दो साल रहा।",hi:हांस माकार्ट,https://hi.wikipedia.org/wiki/हांस_माकार्ट
Hindi,कला पथदर्शक पाइलॉटी का ध्यान भी उसके चित्रों की ओर गया।[उद्धरण चाहिए] अपनी कृतियों में आलंकारिक शैली को उसने अपनाया।,hi:हांस माकार्ट,https://hi.wikipedia.org/wiki/हांस_माकार्ट
Hindi,वियना के राजा ने उसका 'रोमिओ जूलिएट' शीर्षक चित्र खरीदकर उसे वियना आने के लिये निमंत्रित किया।,hi:हांस माकार्ट,https://hi.wikipedia.org/wiki/हांस_माकार्ट
Hindi,एफ ब्लॉक कनॉट प्लेस दिल्ली के कनॉट प्लेस क्षेत्र का एक खंड है।,hi:एफ ब्लॉक कनॉट प्लेस,https://hi.wikipedia.org/wiki/एफ_ब्लॉक_कनॉट_प्लेस
Hindi,यहां अनेकों कार्यालय और वाणिज्यिक परिसर हैं।,hi:एफ ब्लॉक कनॉट प्लेस,https://hi.wikipedia.org/wiki/एफ_ब्लॉक_कनॉट_प्लेस
Hindi,"गाँधी १९८२ में बनी फिल्म है जो लोकप्रिय भारतीय स्वतंत्रता सेनानी, अहिंसावादी राष्ट्रनायक एवं भारत के राष्ट्रपिता कहे जाने वाले मोहनदास करमचंद गाँधी जिन्हें आदरभाव के साथ बापू और महात्मा गांधी भी कहा जाता है उनके वास्तविक जीवन पर आधारित है।",hi:गाँधी (फ़िल्म),https://hi.wikipedia.org/wiki/गाँधी_(फ़िल्म)
Hindi,फ़िल्म का निर्देशन रिचर्ड एटनबरो द्वारा किया गया है और इसमें बेन किंग्सले गाँधी की भूमिका में है।,hi:गाँधी (फ़िल्म),https://hi.wikipedia.org/wiki/गाँधी_(फ़िल्म)
Hindi,इस फ़िल्म के लिए दोनों को अकादमी पुरस्कार से सम्मानित किया गया था।,hi:गाँधी (फ़िल्म),https://hi.wikipedia.org/wiki/गाँधी_(फ़िल्म)
Hindi,फ़िल्म को सर्वश्रेष्ठ फ़िल्म के अकादमी पुरस्कार के साथ आठ अन्य अकादमी पुरस्कार भी प्राप्त हुए।,hi:गाँधी (फ़िल्म),https://hi.wikipedia.org/wiki/गाँधी_(फ़िल्म)
Hindi,"यूजनेट जिसे यूजर्स नेटवर्क भी कहते हैं, इंटरनेट की सबसे पुरानी सेवा है।",hi:यूज़नेट,https://hi.wikipedia.org/wiki/यूज़नेट
Hindi,यह एक ऐसी सुविधा है जिसकी सहायता से नेटवर्क में निहित सूचनाओं के भंडार को किसी विषय पर आधारित समूह में बांटा जा सकता है तथा एक विषय पर रूचि रखने वाले व्‍यक्ति सूचनाओं का आदान-प्रदान कर सकते हैं।,hi:यूज़नेट,https://hi.wikipedia.org/wiki/यूज़नेट
Hindi,"इसे १९७९ में ड्यूक विश्वविद्यालय, उत्तर कैरोलीना, अमरीका में डिजाइन किया गया था।",hi:यूज़नेट,https://hi.wikipedia.org/wiki/यूज़नेट
Hindi,इसके एक वर्ष उपरांत इसे नॉर्थ कैरोलिना विश्वविद्यालय में विकसित किया गया।,hi:यूज़नेट,https://hi.wikipedia.org/wiki/यूज़नेट
Hindi,"रोटी बोलन (इंडोनेशियाई: Roti Bolen) एक इंडोनेशियाई पेस्टरी है, जिसे चीज़ और केले से भरा जाता है।",hi:रोटी बोलन,https://hi.wikipedia.org/wiki/रोटी_बोलन
Hindi,किसी प्रकार में डुरियन फ़िलिंग भी डाला जाता है।,hi:रोटी बोलन,https://hi.wikipedia.org/wiki/रोटी_बोलन
Hindi,पुनर्विवाह - एक नई उम्मीद एक भारतीय हिंदी भाषा का धारावाहिक है जो ज़ी टीवी पर प्रसारित होता है।,hi:पुनर्विवाह - एक नई उम्मीद,https://hi.wikipedia.org/wiki/पुनर्विवाह_-_एक_नई_उम्मीद
Hindi,इसने पुनर्विवाह की जगह ली और 20 मई 2013 को प्रीमियर हुआ जो सप्ताह के दिनों में प्रसारित हुआ।,hi:पुनर्विवाह - एक नई उम्मीद,https://hi.wikipedia.org/wiki/पुनर्विवाह_-_एक_नई_उम्मीद
Hindi,यह 29 नवंबर 2013 को ऑफ एयर हो गया।इसका कुल 148 प्रकरण है।,hi:पुनर्विवाह - एक नई उम्मीद,https://hi.wikipedia.org/wiki/पुनर्विवाह_-_एक_नई_उम्मीद
Hindi,हम दोनों से तीन फ़िल्म के लेख मौजूद हैं:- हम दोनों (1961 फ़िल्म) ― देव आनन्द और नन्दा अभिनीत हम दोनों (1985 फ़िल्म) ― राजेश खन्ना और हेमामालिनी अभिनीत हम दोनों (1995 फ़िल्म) ― ऋषि कपूर और पूजा भट्ट अभिनीत,hi:हम दोनों,https://hi.wikipedia.org/wiki/हम_दोनों
Hindi,उत्तर दिल्ली जिला दिल्ली का जिला है।,hi:उत्तर दिल्ली,https://hi.wikipedia.org/wiki/उत्तर_दिल्ली
Hindi,"इसमें आने वाले उपमंडल हैं: सदर बाजार, दिल्ली कोतवाली, दिल्ली सब्जी मंडी",hi:उत्तर दिल्ली,https://hi.wikipedia.org/wiki/उत्तर_दिल्ली
Hindi,बेगम पारा (जन्म 25 दिसम्बर 1926 - मृत्यू 8 दिसम्बर 2008) एक भारतीय फ़िल्म अभिनेत्री थी।,hi:बेगम पारा,https://hi.wikipedia.org/wiki/बेगम_पारा
Hindi,फ्लक्समापी या सर्च क्वायल मैग्नेटोमीटर एक मैग्नेटोमीटर है जो परिवर्ती चुम्बकीय फ्लक्स का मापन करता है।,hi:फ्लक्समापी,https://hi.wikipedia.org/wiki/फ्लक्समापी
Hindi,यह एक सदिश मैग्नेटोमीटर है जो किसी बिन्दु पर मौजूद चुम्बकीय क्षेत्र के एक या सभी अंशों (कम्पोनेन्ट) की माप करता है।,hi:फ्लक्समापी,https://hi.wikipedia.org/wiki/फ्लक्समापी
Hindi,यह कुछ मिलीहर्ट्ज से लेकर सैकड़ों मेगाहर्ट्ज तक के परिवर्ती फ्लक्स का मापन कर सकता है।,hi:फ्लक्समापी,https://hi.wikipedia.org/wiki/फ्लक्समापी
Hindi,आयशा क़नदीशा (अरबी: عائشة قنديشة) उत्तरी मोरक्की लोककथाओं में एक महिला पौराणिक पात्र है।,hi:आइचा कंदीचा,https://hi.wikipedia.org/wiki/आइचा_कंदीचा
Hindi,वह जिन्न सदृश विभिन्न लोककथात्मक पात्रों में से एक है किंतु उसका व्यक्तित्व भिन्न है।,hi:आइचा कंदीचा,https://hi.wikipedia.org/wiki/आइचा_कंदीचा
Hindi,उसे आम तौर पर एक खूबसूरत युवती के रूप में-जिसके पैर खुर वाले जानवर सदृश बकरी या ऊँट के होते हैं-के रूप में चित्रित किया जाता है।,hi:आइचा कंदीचा,https://hi.wikipedia.org/wiki/आइचा_कंदीचा
Hindi,हालाँकि मोरक्को में आयशा क़नदीशा का वर्णन एक क्षेत्र से दूसरे क्षेत्र में भिन्न होता है।,hi:आइचा कंदीचा,https://hi.wikipedia.org/wiki/आइचा_कंदीचा
Hindi,कैथोड बिजली की ऋणात्मक छोर को कहते हैं।,hi:कैथोड,https://hi.wikipedia.org/wiki/कैथोड
Hindi,ये electron ही anode कि ओर अकर्शित होकर गति करते है।,hi:कैथोड,https://hi.wikipedia.org/wiki/कैथोड
Hindi,नरसिंह यादव (जन्म : 6 अगस्त 1989) एक भारतीय पहलवान हैं।,hi:नरसिंह पंचम यादव,https://hi.wikipedia.org/wiki/नरसिंह_पंचम_यादव
Hindi,इन्होंने 2010 कॉमनवेल्थ गेम्स में पुरुषों के 74 किलोग्राम भारवर्ग में फ्रीस्टाइल कुश्ती में स्वर्ण पदक जीता था।,hi:नरसिंह पंचम यादव,https://hi.wikipedia.org/wiki/नरसिंह_पंचम_यादव
Hindi,"मेलिला विमानक्षेत्र (IATA: MLN, ICAO: GEML) (स्पेनी: Aeropuerto de Melilla), यह मेलिला शहर में स्थित है, जो स्पेन के शहर मेलिला से 3 किमी दक्षिण-पश्चिम में है, जो मोरक्को के तट पर स्थित है।",hi:मेलिला विमानक्षेत्र,https://hi.wikipedia.org/wiki/मेलिला_विमानक्षेत्र
Hindi,देवाजारा में भारत के बिहार राज्य के अन्तर्गत मगध मण्डल के औरंगाबाद जिले का एक गाँव है।,hi:देवाजारा,https://hi.wikipedia.org/wiki/देवाजारा
Hindi,चक अबूसईद उर्फ पूरे मियाँ भारतीय राज्य उत्तर प्रदेश के प्रयागराज जिले के फूलपुर प्रखण्ड में स्थित एक गाँव है।,"hi:चक अबूसईद उर्फ पूरे मियाँ गाँव, फूलपुर (इलाहाबाद)","https://hi.wikipedia.org/wiki/चक_अबूसईद_उर्फ_पूरे_मियाँ_गाँव,_फूलपुर_(इलाहाबाद)"
Hindi,"कुठ-ढाईज्यूली-३, थलीसैंण तहसील में भारत के उत्तराखण्ड राज्य के अन्तर्गत गढ़वाल मण्डल के पौड़ी जिले का एक गाँव है।","hi:कुठ-ढाईज्यूली-३, थलीसैंण तहसील","https://hi.wikipedia.org/wiki/कुठ-ढाईज्यूली-३,_थलीसैंण_तहसील"
Hindi,"गंज जलालाबाद भारत में उत्तर प्रदेश के हरदोई जिले के ब्लॉक मल्लावाँ में एक गाँव है, जो हरदोई व उन्नाव जिलों की सीमा पर राजकीय राजमार्ग 38 पर स्थित है।",hi:गंज जलालाबाद,https://hi.wikipedia.org/wiki/गंज_जलालाबाद
Hindi,"इस गाँव में कई विद्यालय हैं, जिनमें परिषदीय विद्यालय, प्रताप सिंह स्मारक शिक्षण संस्थान, छोटेलाल स्मारक पब्लिक स्कूल प्रमुख हैं।",hi:गंज जलालाबाद,https://hi.wikipedia.org/wiki/गंज_जलालाबाद
Hindi,गाँव में स्टेट बैंक ऑफ इण्डिया की एक शाखा भी है।,hi:गंज जलालाबाद,https://hi.wikipedia.org/wiki/गंज_जलालाबाद
Hindi,"इस गाँव से थोड़ी दूर उत्तर में स्थित कपिलेश्वर महादेव का मंदिर दर्शनीय स्थल है, जो शारदा नहर के किनारे पर स्थित है।",hi:गंज जलालाबाद,https://hi.wikipedia.org/wiki/गंज_जलालाबाद
Hindi,डैनी बॉयल (जन्म- 20 अक्टूबर 1956) एक ब्रिटिश फ़िल्ममेकर और निर्माता हैं।,hi:डैनी बॉयल,https://hi.wikipedia.org/wiki/डैनी_बॉयल
Hindi,"वे शैलो ग्रेव, ट्रेनस्पॉटिंग, 28 डेज़ लेटर औरस्लमडॉग मिलियनेयर आदि फ़िल्मों में अपने काम के लिए जाने जाते हैं।",hi:डैनी बॉयल,https://hi.wikipedia.org/wiki/डैनी_बॉयल
Hindi,बाद में बॉयल ने 2009 में कई पुरस्कार जीते जिसमेंएकेडमी अवार्ड बेस्ट फॉर डायरेक्टरभी शामिल है।,hi:डैनी बॉयल,https://hi.wikipedia.org/wiki/डैनी_बॉयल
Hindi,"महादेवी (संस्कृत: महादेवी ), जिसे देवी, शक्ति, आदि पराशक्ति और आदि-शक्ति के रूप में भी जाना जाता है, अभय शक्ति आदिम देवी या देवी माँ है - सर्वोच्च ऊर्जा जो सभी धन, सभी शक्ति, सभी प्रसिद्धि, सभी सौंदर्य, सभी ज्ञान, सभी त्याग को धारण करती है और हिंदू धर्म में ब्रह्मांड की निर्माता है।",hi:महादेवी,https://hi.wikipedia.org/wiki/महादेवी
Hindi,"शैव उसे दुर्गा मानते हैं, जबकि शाक्त उसे त्रिपुरा सुंदरी या दुर्गा मानते हैं।",hi:महादेवी,https://hi.wikipedia.org/wiki/महादेवी
Hindi,"लेखक हेलेन टी बोर्सियर कहते हैं, ""हिंदू दर्शन मे पार्वतीको — महादेवी — और शक्ति या दिव्य शक्ति के साथ पहचाना जाता है""।",hi:महादेवी,https://hi.wikipedia.org/wiki/महादेवी
Hindi,केंद्रीय आर्थिक आसूचना ब्यूरो (Central Economic Intelligence Bureau (CEIB)) भारत की आसूचना एजेंसी है जो आर्थिक अपराधों एवं आर्थिक युद्धों से सम्बन्धित सूचना एकत्र करती है।,hi:केंद्रीय आर्थिक आसूचना ब्यूरो,https://hi.wikipedia.org/wiki/केंद्रीय_आर्थिक_आसूचना_ब्यूरो
Hindi,यह आर्थिक अपराधों के क्षेत्र में सभी संबंधित एजेंसियों के बीच प्रभावी परस्‍पर क्रिया (इंटरैक्शन) और समन्‍वय सुनिश्‍चित करने के लिए आर्थिक आसूचना हेतु अधिदेशित नोडल एजेंसी है।,hi:केंद्रीय आर्थिक आसूचना ब्यूरो,https://hi.wikipedia.org/wiki/केंद्रीय_आर्थिक_आसूचना_ब्यूरो
Hindi,ब्‍यूरो के अध्‍यक्ष विशेष सचिव एवं महानिदेशक हैं जिनकी सहायता के लिए तीन संयुक्त सचिव स्‍तर के अधिकारी होते हैं जिनमें से एक संयुक्त सचिव (कोफेपोसा) के रूप में और अन्‍य दो उप महानिदेशक (प्रशासन और समन्‍वय) और उप महानिदेशक (आर्थिक आसूचना) के रूप में पदनामित होते हैं।,hi:केंद्रीय आर्थिक आसूचना ब्यूरो,https://hi.wikipedia.org/wiki/केंद्रीय_आर्थिक_आसूचना_ब्यूरो
Hindi,ब्‍यूरो के तीन स्‍कंध हैं : (क) प्रशासन और समन्‍वय स्‍कंध (एसी) – यह स्‍कंध वित्‍त मंत्री की अध्‍यक्षता में आर्थिक आसूचना परिषद (ईआईसी) के सचिवालय के रूप में कार्य करता है।,hi:केंद्रीय आर्थिक आसूचना ब्यूरो,https://hi.wikipedia.org/wiki/केंद्रीय_आर्थिक_आसूचना_ब्यूरो
Hindi,विपश्यना (संस्कृत) या विपस्सना (पालि) यह गौतम बुद्ध द्वारा बताई गई एक योग साधना हैं।,hi:विपश्यना,https://hi.wikipedia.org/wiki/विपश्यना
Hindi,विपश्यना का अर्थ है - विशेष प्रकार से देखना (वि + पश्य + ना)।,hi:विपश्यना,https://hi.wikipedia.org/wiki/विपश्यना
Hindi,"योग साधना के तीन मार्ग प्रचलित हैं - विपश्यना, भावातीत ध्यान और हठयोग।",hi:विपश्यना,https://hi.wikipedia.org/wiki/विपश्यना
Hindi,भगवान बुद्ध ने ध्यान की 'विपश्यना-साधना' द्वारा बुद्धत्व प्राप्त किया था।,hi:विपश्यना,https://hi.wikipedia.org/wiki/विपश्यना
Hindi,"1896 से 2016 तक सभी ओलंपिक खेलों के लिए ऑल टाइम मेडल टेबल, जिसमें ग्रीष्मकालीन ओलंपिक खेलों, शीतकालीन ओलंपिक खेलों और दोनों के संयुक्त कुल शामिल हैं, नीचे सारणीबद्ध है।",hi:ऑल टाइम ओलंपिक खेलों पदक गिनती,https://hi.wikipedia.org/wiki/ऑल_टाइम_ओलंपिक_खेलों_पदक_गिनती
Hindi,ये ओलंपिक पदक के मायने में 1906 इंटरैलेटेड गेम्स शामिल नहीं हैं जो आधिकारिक खेलों के रूप में अंतरराष्ट्रीय ओलंपिक समिति (आईओसी) द्वारा अब मान्यता प्राप्त नहीं हैं।,hi:ऑल टाइम ओलंपिक खेलों पदक गिनती,https://hi.wikipedia.org/wiki/ऑल_टाइम_ओलंपिक_खेलों_पदक_गिनती
Hindi,"आईओसी स्वयं ही सभी समय सारणी प्रकाशित नहीं करता है, और केवल एकल खेलों के लिए अनौपचारिक तालिकाओं को प्रकाशित करता है।",hi:ऑल टाइम ओलंपिक खेलों पदक गिनती,https://hi.wikipedia.org/wiki/ऑल_टाइम_ओलंपिक_खेलों_पदक_गिनती
Hindi,इस तालिका को आईओसी डेटाबेस से एकल प्रविष्टियां जोड़कर संकलित किया गया था।,hi:ऑल टाइम ओलंपिक खेलों पदक गिनती,https://hi.wikipedia.org/wiki/ऑल_टाइम_ओलंपिक_खेलों_पदक_गिनती
Hindi,"चौड, थराली तहसील में भारत के उत्तराखण्ड राज्य के अन्तर्गत गढ़वाल मण्डल के चमोली जिले का एक गाँव है।","hi:चौड, थराली तहसील","https://hi.wikipedia.org/wiki/चौड,_थराली_तहसील"
Hindi,"भराडी N.Z.A., कोश्याँकुटोली तहसील में भारत के उत्तराखण्ड राज्य के अन्तर्गत कुमाऊँ मण्डल के नैनीताल जिले का एक गाँव है।","hi:भराडी N.Z.A., कोश्याँकुटोली तहसील","https://hi.wikipedia.org/wiki/भराडी_N.Z.A.,_कोश्याँकुटोली_तहसील"
Hindi,फ़्रिसियन भाषा नीदरलैण्ड और जर्मनी के तटों पर रहने वाले लगभग पांच लाख फ़्रिसियन लोगों द्वारा बोली जाती है।,hi:फ़्रिसियन,https://hi.wikipedia.org/wiki/फ़्रिसियन
Hindi,नियमीया बार्ता भारत में प्रकाशित होने वाला असमीया भाषा का एक समाचार पत्र (अखबार) है।,hi:नियमीया बार्ता,https://hi.wikipedia.org/wiki/नियमीया_बार्ता
Hindi,क्रिस्टियान जोंकर (जन्म 24 सितंबर 1986) एक दक्षिण अफ्रीकी क्रिकेटर है जो दक्षिण अफ्रीका की राष्ट्रीय क्रिकेट टीम का प्रतिनिधित्व करता है।,hi:क्रिस्टियान जोंकर,https://hi.wikipedia.org/wiki/क्रिस्टियान_जोंकर
Hindi,उन्हें 2015 अफ्रीका टी 20 कप के लिए बॉर्डर क्रिकेट टीम के टीम में शामिल किया गया था।,hi:क्रिस्टियान जोंकर,https://hi.wikipedia.org/wiki/क्रिस्टियान_जोंकर
Hindi,"संयुक्त राज्य अमेरिका ने 1980 के ग्रीष्मकालीन ओलंपिक को छोड़कर आधुनिक ओलंपिक खेलों के हर समारोह में एथलीटों को भेजा है, जिसके दौरान इसमें बहिष्कार का नेतृत्व किया गया था।",hi:संयुक्त राज्य अमेरिका ओलंपिक विवरण,https://hi.wikipedia.org/wiki/संयुक्त_राज्य_अमेरिका_ओलंपिक_विवरण
Hindi,संयुक्त राज्य ओलंपिक समिति (यूएसओसी) संयुक्त राज्य अमेरिका के लिए अंतरराष्ट्रीय ओलंपिक समिति है।,hi:संयुक्त राज्य अमेरिका ओलंपिक विवरण,https://hi.wikipedia.org/wiki/संयुक्त_राज्य_अमेरिका_ओलंपिक_विवरण
Hindi,"यू एस एथलीट ने ग्रीष्मकालीन ओलंपिक खेलों में 2,521 पदक जीते (1,022 स्वर्ण हैं) और शीतकालीन ओलंपिक खेलों में 282 अन्य।",hi:संयुक्त राज्य अमेरिका ओलंपिक विवरण,https://hi.wikipedia.org/wiki/संयुक्त_राज्य_अमेरिका_ओलंपिक_विवरण
Hindi,"एथलेटिक्स (ट्रैक एंड फील्ड) (801, 32%) और तैराकी (553, 22%) में अधिकतर पदक जीते हैं।",hi:संयुक्त राज्य अमेरिका ओलंपिक विवरण,https://hi.wikipedia.org/wiki/संयुक्त_राज्य_अमेरिका_ओलंपिक_विवरण
Hindi,दीपाकोट भारतीय राज्य उत्तराखण्ड राज्य के कुमाऊँ मण्डल के अल्मोड़ा जिले की चौखुटिया तहसील का एक गाँव है।,"hi:दीपाकोट, चौखुटिया तहसील","https://hi.wikipedia.org/wiki/दीपाकोट,_चौखुटिया_तहसील"
Hindi,सतना विमानक्षेत्र भारत के सतना शहर में स्थित हवाई अड्डा है।,hi:सतना विमानक्षेत्र,https://hi.wikipedia.org/wiki/सतना_विमानक्षेत्र
Hindi,इसका ICAO कोड है: VIST और IATA कोड है: TNI।,hi:सतना विमानक्षेत्र,https://hi.wikipedia.org/wiki/सतना_विमानक्षेत्र
Hindi,"यहाँ की उड़ान पट्टी पेव्ड है, इसकी लंबाई ५७०० फुट है और यहाँ अवतरण प्रणाली यांत्रिक नहीं है।",hi:सतना विमानक्षेत्र,https://hi.wikipedia.org/wiki/सतना_विमानक्षेत्र
Hindi,"अजंता पत्रिका, मंडल रेल प्रबंधक कार्यालय (राजभाषा विभाग), भुसावल, महाराष्ट्र से प्रकाशित होती हॅ।",hi:अजंता (रेल पत्रिका),https://hi.wikipedia.org/wiki/अजंता_(रेल_पत्रिका)
Hindi,"निर्मल वर्मा की तीन कहानियों ‘धूप का एक टुकड़ा’, ‘डेढ़ इंच ऊपर’ और ‘वीकएंड’ की मंच-प्रस्तुति देवेंद्र राज के निर्देशन में की गई थी।",hi:तीन एकांत,https://hi.wikipedia.org/wiki/तीन_एकांत
Hindi,इस संग्रह में ये तीनों कहानियाँ संकलित हैं।,hi:तीन एकांत,https://hi.wikipedia.org/wiki/तीन_एकांत
Hindi,इस प्रकार ये कहानियाँ अकेलेपन के कुछ क्षणों में पात्रों के स्वयं अपने से साक्षात्कार की कहानियाँ हैं।,hi:तीन एकांत,https://hi.wikipedia.org/wiki/तीन_एकांत
Hindi,"धूप का एक टुकड़ा कहानी का दृश्य एक पब्लिक पार्क से शुरू होता है जहाँ कई बेंचें हैं, पृष्ठभूमि में एक चर्च है और जहाँ-तहाँ फैले धूप के कुछ टुकड़े हैं।",hi:तीन एकांत,https://hi.wikipedia.org/wiki/तीन_एकांत
Hindi,आकाशले पनि ठाउँ खोजिरहेछ नेपाली भाषा के विख्यात साहित्यकार गोपीनारायण प्रधान द्वारा रचित एक कविता–संग्रह है जिसके लिये उन्हें सन् 2010 में नेपाली भाषा के लिए साहित्य अकादमी पुरस्कार से सम्मानित किया गया।,hi:आकाशले पनि ठाउँ खोजिरहेछ,https://hi.wikipedia.org/wiki/आकाशले_पनि_ठाउँ_खोजिरहेछ
Hindi,"जगथली, कांडा तहसील में भारत के उत्तराखण्ड राज्य के अन्तर्गत कुमाऊँ मण्डल के बागेश्वर जिले का एक गाँव है।","hi:जगथली, कांडा तहसील","https://hi.wikipedia.org/wiki/जगथली,_कांडा_तहसील"
Hindi,"खानापुर (Khanapur), जिसे खानापुर-विटा भी कहते हैं, भारत के महाराष्ट्र राज्य के सांगली ज़िले में स्थित एक गाँव है।","hi:खानापुर, सांगली","https://hi.wikipedia.org/wiki/खानापुर,_सांगली"
Hindi,इसे कहते हैं गोलमाल घर एक भारतीय टेलीविजन श्रृंखला है जो 2004 में सहारा वन चैनल पर प्रसारित हुई थी।,hi:इसे कहते हैं गोलमाल घर,https://hi.wikipedia.org/wiki/इसे_कहते_हैं_गोलमाल_घर
Hindi,"इस श्रृंखला का प्रीमियर 30 अक्टूबर 2004 को हुआ, जिसमें गौरी प्रधान तेजवानी, मानव गोहिल, शगुफ्ता अली, लवलीन मिश्रा, अशोक लोखंडे और आशीष रॉय ने अभिनय किया।",hi:इसे कहते हैं गोलमाल घर,https://hi.wikipedia.org/wiki/इसे_कहते_हैं_गोलमाल_घर
Hindi,श्रीधर रंगायन द्वारा लिखित और निर्देशित।,hi:इसे कहते हैं गोलमाल घर,https://hi.wikipedia.org/wiki/इसे_कहते_हैं_गोलमाल_घर
Hindi,"तमिल-कन्नड़ दक्षिणी द्रविड़-I की एक आंतरिक शाखा है, (ज़ेविलबिल 1990: 56) जो तमिल, कन्नड़ और मलयालम में द्रविड़ भाषाओं की उप-भाषा है।",hi:तमिल-कन्नड़ भाषाएँ,https://hi.wikipedia.org/wiki/तमिल-कन्नड़_भाषाएँ
Hindi,"(जिस तरह से द्रविड़ भाषाओं को विभिन्न द्रविड़ भाषाविदों द्वारा समूहीकृत किया गया है, उसमें थोड़ा अंतर है: सुब्रह्मण्यम 1983, ज़ेविलबिल 1990, कृष्णमूर्ति 2003 देखें)।",hi:तमिल-कन्नड़ भाषाएँ,https://hi.wikipedia.org/wiki/तमिल-कन्नड़_भाषाएँ
Hindi,तमिल-कन्नड़ को ही दक्षिण द्रविड़ियन-I की एक शाखा के रूप में नामित किया गया है और तमिल-कोडागु और कन्नड़-बदागा में बंद शाखाएं हैं।,hi:तमिल-कन्नड़ भाषाएँ,https://hi.wikipedia.org/wiki/तमिल-कन्नड़_भाषाएँ
Hindi,"तमिल-कन्नड़ शाखा का गठन करने वाली भाषाएँ तमिल, कन्नड़, मलयालम, इरुला, टोडा, कोटा, कोडावा और बदागा हैं।",hi:तमिल-कन्नड़ भाषाएँ,https://hi.wikipedia.org/wiki/तमिल-कन्नड़_भाषाएँ
Hindi,"मेथागु एक तमिल भाषा की राजनीतिक थ्रिलर है, जिसे किट्टू ने लिखा और निर्देशित किया है।",hi:मेथागु,https://hi.wikipedia.org/wiki/मेथागु
Hindi,फिल्म का निर्माण तमिल ईलम स्क्रीन द्वारा विश्व तमिलों के समर्थन से किया गया था।,hi:मेथागु,https://hi.wikipedia.org/wiki/मेथागु
Hindi,"शुरुआत में, फिल्म २६ नवंबर, २०२० को रिलीज़ होने की उम्मीद थी।",hi:मेथागु,https://hi.wikipedia.org/wiki/मेथागु
Hindi,लेकिन कोरोना महामारी और कुछ मुद्दों के कारण इसे स्थगित कर दिया गया और कहा गया कि इसे 2021 में रिलीज़ किया जाएगा।,hi:मेथागु,https://hi.wikipedia.org/wiki/मेथागु
Hindi,"जोशीखोला N.Z.A., कालाढूगी तहसील में भारत के उत्तराखण्ड राज्य के अन्तर्गत कुमाऊँ मण्डल के नैनीताल जिले का एक गाँव है।","hi:जोशीखोला N.Z.A., कालाढूगी तहसील","https://hi.wikipedia.org/wiki/जोशीखोला_N.Z.A.,_कालाढूगी_तहसील"
Hindi,देहरादून के राजपुर मार्ग पर स्थित यह संस्थान भारत सरकार की दृष्टिबाधितों के लिए स्थापित पहली और एकमात्र राष्ट्रीय स्तर की संस्था है।,hi:राष्ट्रीय दृष्टिबाधितार्थ संस्थान,https://hi.wikipedia.org/wiki/राष्ट्रीय_दृष्टिबाधितार्थ_संस्थान
Hindi,इसकी स्थापना 19वीं सदी के नब्बे के दशक में विकलांगों के लिए स्थापित चार राष्ट्रीय संस्थाओं की श्रंखला में हुआ जिसमें राष्ट्रीय दृष्टिबाधित संस्था के लिए देहरादून का चयन किया गया।,hi:राष्ट्रीय दृष्टिबाधितार्थ संस्थान,https://hi.wikipedia.org/wiki/राष्ट्रीय_दृष्टिबाधितार्थ_संस्थान
Hindi,"यहाँ दृष्टिबाधित बच्चों के लिए स्कूल, कॉलेज, छात्रावास, ब्रेल पुस्तास्तलय एवं ध्वन्यांकित पुस्तकों का पुस्तकालय भी स्थापित किया गया है।",hi:राष्ट्रीय दृष्टिबाधितार्थ संस्थान,https://hi.wikipedia.org/wiki/राष्ट्रीय_दृष्टिबाधितार्थ_संस्थान
Hindi,इसके कर्मचारी इसके अन्दर रहते हैं,hi:राष्ट्रीय दृष्टिबाधितार्थ संस्थान,https://hi.wikipedia.org/wiki/राष्ट्रीय_दृष्टिबाधितार्थ_संस्थान
Hindi,वचन साहित्य कन्नड साहित्य का भाग है जिसकी रचना ११वीं शताब्दी में हुई तथा १२वीं शताब्दी में फला-फूला।,hi:वचन साहित्य,https://hi.wikipedia.org/wiki/वचन_साहित्य
Hindi,वचन साहित्य आसानी से समझ आने वाला गद्य साहित्य है।,hi:वचन साहित्य,https://hi.wikipedia.org/wiki/वचन_साहित्य
Hindi,मादर चेन्नय्य नामक एक सन्त इसके प्रवर्तक कहे जाते हैं जो मोची का काम करते थे।,hi:वचन साहित्य,https://hi.wikipedia.org/wiki/वचन_साहित्य
Hindi,यह पश्चिमी चालुक्यों का शासन काल था।,hi:वचन साहित्य,https://hi.wikipedia.org/wiki/वचन_साहित्य
Hindi,कुट्टीपिल्लई मुनुसम्पिल्लई गोपाल (K.,hi:कुट्टीपिल्लई मुनुसम्पिल्लई गोपाल,https://hi.wikipedia.org/wiki/कुट्टीपिल्लई_मुनुसम्पिल्लई_गोपाल
Hindi,"Gopal) एक भारतीय चित्रकार, मूर्तिकार और वास्तुकार हैं।",hi:कुट्टीपिल्लई मुनुसम्पिल्लई गोपाल,https://hi.wikipedia.org/wiki/कुट्टीपिल्लई_मुनुसम्पिल्लई_गोपाल
Hindi,उनका जन्म 21 अक्टूबर 1928 को सलेम के अन्नादानपट्टी में हुआ था।,hi:कुट्टीपिल्लई मुनुसम्पिल्लई गोपाल,https://hi.wikipedia.org/wiki/कुट्टीपिल्लई_मुनुसम्पिल्लई_गोपाल
Hindi,वह कुट्टीपिल्लई मुनुसम्पिल्लई और मणिकानमल के पुत्र थे।,hi:कुट्टीपिल्लई मुनुसम्पिल्लई गोपाल,https://hi.wikipedia.org/wiki/कुट्टीपिल्लई_मुनुसम्पिल्लई_गोपाल
Hindi,गोयासाफात (Goasafat) भारत के पश्चिम बंगाल राज्य के पूर्व मेदिनीपुर ज़िले में स्थित एक नगर है।,hi:गोयासाफात,https://hi.wikipedia.org/wiki/गोयासाफात
Hindi,बांडीपूर ज़िला (Bandipore district) भारत के जम्मू व कश्मीर प्रदेश का एक ज़िला है।,hi:बांडीपूर ज़िला,https://hi.wikipedia.org/wiki/बांडीपूर_ज़िला
Hindi,यह पहले बारामूला ज़िले का हिस्सा हुआ करता था लेकिन २००६ में इसे एक अलग ज़िले का दर्जा दे दिया गया।,hi:बांडीपूर ज़िला,https://hi.wikipedia.org/wiki/बांडीपूर_ज़िला
Hindi,इस ज़िले का मुख्यालय बांडीपूर नगर है।,hi:बांडीपूर ज़िला,https://hi.wikipedia.org/wiki/बांडीपूर_ज़िला
Hindi,"1906 सैन फ्रांसिस्को भूकम्प उत्तरी कैलिफ़ोर्निया में 18 अप्रैल, दिन बुधवार को प्रातः 05:12 बजे आया एक भयानक भूकम्प था जिसकी तीव्रता आघूर्ण परिमाण मापक्रम पर 7.9 तथा अधिकतम मेर्साली तीव्रता परिमाप XI (अत्यधिक) थी।",hi:1906 सैन फ्रांसिस्को भूकम्प,https://hi.wikipedia.org/wiki/1906_सैन_फ्रांसिस्को_भूकम्प
Hindi,इस अत्यधिक तीव्रता के भूकम्प के झटके उत्तर तट के यूरेका से लेकर सैन फ्रांसिस्को खाड़ी क्षेत्र के दक्षिण में स्थित सेलिनास घाटी तक महसूस किये गये।,hi:1906 सैन फ्रांसिस्को भूकम्प,https://hi.wikipedia.org/wiki/1906_सैन_फ्रांसिस्को_भूकम्प
Hindi,इन झटकों से हजारों क्षतिग्रस्त हो गये।,hi:1906 सैन फ्रांसिस्को भूकम्प,https://hi.wikipedia.org/wiki/1906_सैन_फ्रांसिस्को_भूकम्प
Hindi,"परिणामस्वरूप 3,000 लोगों की मृत्यु हो गयी तथा सैन फ्रांसिस्को नगर का 80% हिस्सा तबाह हो गया।",hi:1906 सैन फ्रांसिस्को भूकम्प,https://hi.wikipedia.org/wiki/1906_सैन_फ्रांसिस्को_भूकम्प
Hindi,"मालदीव को पूरी राजनीतिक स्वतंत्रता देने का समझौता 11 नवम्बर 1968 को राजशाही समाप्त कर दी गयी और इब्राहीम नासिर के राष्ट्रपति पद के तहत एक गणतंत्र से बदल दी गयी, हालांकि यह एक प्रसाधक बदलाव था इससे मालदीव का संविधान सरकार के ढांचे में कोई महत्वपूर्ण परिवर्तन नहीं आया।",hi:मालदीव का संविधान,https://hi.wikipedia.org/wiki/मालदीव_का_संविधान
Hindi,देश का अधिकारी का नाम मालदीव द्वीप समूह से बदल कर मालदीवज रख दिया गया।,hi:मालदीव का संविधान,https://hi.wikipedia.org/wiki/मालदीव_का_संविधान
Hindi,1970 के दशक के आरंभ तक पर्यटन द्वीपसमूह पर विकसित होना शुरू हो गया।,hi:मालदीव का संविधान,https://hi.wikipedia.org/wiki/मालदीव_का_संविधान
Hindi,"शेलपेक (कज़ाख़: Шелпек, किर्गिज़: Челпек, उज़्बेक: Chalpak, तुर्कमेन: Çelpek) एक मध्य एशियाई रोटी है।",hi:शेलपेक,https://hi.wikipedia.org/wiki/शेलपेक
Hindi,"इसे आटा, दूध, चीनी, मक्खन, कायमाक, मीठे सोडा, नमक और वनस्पति तेल से बनाया जाता है।",hi:शेलपेक,https://hi.wikipedia.org/wiki/शेलपेक
Hindi,आटे को चपटी गोले बनाकर तेल में तला जाता है।,hi:शेलपेक,https://hi.wikipedia.org/wiki/शेलपेक
Hindi,"इसमें ख़मीर भी डाला जा सकता है, जिस कारण आटा लंबे समय तक कोमल रहे।",hi:शेलपेक,https://hi.wikipedia.org/wiki/शेलपेक
Hindi,भाषाविज्ञान में रूपिम की संरचनात्मक इकाई के आधार पर शब्द-रूप (अर्थात् पद) के अध्ययन को पदविज्ञान या रूपविज्ञान (मॉर्फोलोजी) कहते हैं।,hi:पदविज्ञान,https://hi.wikipedia.org/wiki/पदविज्ञान
Hindi,"दूसरे शब्दों में, 'शब्द' को 'पद' में बदलने की प्रक्रिया के अध्ययन को रूपविज्ञान कहा जाता है।",hi:पदविज्ञान,https://hi.wikipedia.org/wiki/पदविज्ञान
Hindi,"रूपविज्ञान, भाषाविज्ञान का एक प्रमुख अंग है।",hi:पदविज्ञान,https://hi.wikipedia.org/wiki/पदविज्ञान
Hindi,"इसके अंतर्गत पद के विभिन्न अंशों - मूल प्रकृति (baseform) तथा उपसर्ग, प्रत्यय, विभक्ति (affixation) - का सम्यक् विश्लेषण किया जाता है इसलिये कतिपय भारतीय भाषाशास्त्रियों ने पदविज्ञान को ""प्रकृति-प्रत्यय-विचार"" का नाम भी दिया है।",hi:पदविज्ञान,https://hi.wikipedia.org/wiki/पदविज्ञान
Hindi,"सुखरानी देवी,भारत के उत्तर प्रदेश की दूसरी विधानसभा सभा में विधायक रहीं।",hi:सुखरानी देवी,https://hi.wikipedia.org/wiki/सुखरानी_देवी
Hindi,1957 उत्तर प्रदेश विधान सभा चुनाव में इन्होंने उत्तर प्रदेश के फतेहपुर जिले के 166 - फतेहपुर विधान सभा निर्वाचन क्षेत्र से कांग्रेस की ओर से चुनाव में भाग लिया।,hi:सुखरानी देवी,https://hi.wikipedia.org/wiki/सुखरानी_देवी
Tamil,"நடுக்காவேரி ஹரிபிர்மேசுவரர் மற்றும் லெட்சுமி நாராயண பெருமாள் கோயில் தமிழ்நாட்டில் தஞ்சாவூர் மாவட்டம், நடுக்காவேரி என்னும் ஊரில் அமைந்துள்ள சிவன் கோயிலாகும்.",ta:நடுக்காவேரி ஹரிபிர்மேசுவரர் மற்றும் லெட்சுமி நாராயண பெருமாள் கோயில்,https://ta.wikipedia.org/wiki/நடுக்காவேரி_ஹரிபிர்மேசுவரர்_மற்றும்_லெட்சுமி_நாராயண_பெருமாள்_கோயில்
Tamil,இறுதிநிலை என்று மொழிக்கு ஈற்றில் நிற்கும் எழுத்துகள் இவையிவை என நன்னூலின் எழுத்தியலில் சுட்டிக் காட்டப்பட்டுள்ளன.,ta:இறுதிநிலை,https://ta.wikipedia.org/wiki/இறுதிநிலை
Tamil,"உயிரெழுத்துகள் பன்னிரண்டும், மெய்யெழுத்துக்களான ஞ், ண், ந், ம், ன், ய், ர், ல், வ் , ழ், ள் ஆகிய பதினொரு எழுத்துக்களும் குற்றியலுகரம் ஒன்றும் என மொத்தம் இருபத்து நான்கு எழுத்துகள் மொழிக்கு இறுதியில் வரும்.",ta:இறுதிநிலை,https://ta.wikipedia.org/wiki/இறுதிநிலை
Tamil,எடுத்துக்காட்டுகள் உயிர் எழுத்துகள் தனித்து வரும்போது அவை மொழிக்கு இறுதியாய் வரும்.,ta:இறுதிநிலை,https://ta.wikipedia.org/wiki/இறுதிநிலை
Tamil,"அ, ஆ, இ, ஈ உயிர் எழுத்துகள் ஓரெழுத்து ஒரு மொழியாய் வருமிடங்களில் மொழிக்கு இறுதியில் வரும்.",ta:இறுதிநிலை,https://ta.wikipedia.org/wiki/இறுதிநிலை
Tamil,புது ஜல்பாய்குரி தொடருந்து நிலையம் இந்திய மாநிலமான மேற்கு வங்காளத்தின் ஜல்பாய்குரி மாவட்டத்திலுள்ள புது ஜல்பாய்குரியில் அமைந்துள்ளது.,ta:புது ஜல்பாய்குரி தொடருந்து நிலையம்,https://ta.wikipedia.org/wiki/புது_ஜல்பாய்குரி_தொடருந்து_நிலையம்
Tamil,இந்திய அளவில் அதிக மக்கள் வந்து செல்லும் முதன்மையான நூறு நிலையங்களில் இதுவும் ஒன்று ஆகும்.,ta:புது ஜல்பாய்குரி தொடருந்து நிலையம்,https://ta.wikipedia.org/wiki/புது_ஜல்பாய்குரி_தொடருந்து_நிலையம்
Tamil,"vadakadu Gram Panchayat), தமிழ்நாட்டின் தஞ்சாவூர் மாவட்டத்தில் உள்ள பட்டுக்கோட்டை வட்டாரத்தில் அமைந்துள்ளது.",ta:த. வடகாடு ஊராட்சி,https://ta.wikipedia.org/wiki/த._வடகாடு_ஊராட்சி
Tamil,"இந்த ஊராட்சி, பட்டுக்கோட்டை சட்டமன்றத் தொகுதிக்கும் தஞ்சாவூர் மக்களவைத் தொகுதிக்கும் உட்பட்டதாகும்.",ta:த. வடகாடு ஊராட்சி,https://ta.wikipedia.org/wiki/த._வடகாடு_ஊராட்சி
Tamil,"இந்த ஊராட்சி, மொத்தம் 7 ஊராட்சி மன்றத் தொகுதிகளைக் கொண்டுள்ளது.",ta:த. வடகாடு ஊராட்சி,https://ta.wikipedia.org/wiki/த._வடகாடு_ஊராட்சி
Tamil,இவற்றில் இருந்து 7 ஊராட்சி மன்ற உறுப்பினர்களைத் தேர்ந்தெடுக்கின்றனர்.,ta:த. வடகாடு ஊராட்சி,https://ta.wikipedia.org/wiki/த._வடகாடு_ஊராட்சி
Tamil,பத்மாபுரம் தோட்டம் (Padmapuram Gardens) என்பது இந்தியாவின் ஆந்திரப் பிரதேசத்தில் அரக்கு பள்ளத்தாக்கில் உள்ள ஒரு சுற்றுலாத்தலமாகும்.,ta:பத்மபுரம் தோட்டம்,https://ta.wikipedia.org/wiki/பத்மபுரம்_தோட்டம்
Tamil,இரண்டாம் உலகப் போரில் போராடிய வீரர்களுக்குக் காய்கறிகள் வழங்குவதற்காக 26 ஏக்கர் நிலப்பரப்பில் 1942ஆம் ஆண்டு இத்தோட்டம் நிறுவப்பட்டது.,ta:பத்மபுரம் தோட்டம்,https://ta.wikipedia.org/wiki/பத்மபுரம்_தோட்டம்
Tamil,"போருக்குப் பிறகு, இது ஒரு தோட்டக்கலை நாற்றங்கால் மற்றும் பயிற்சி மையமாக மாற்றப்பட்டது.",ta:பத்மபுரம் தோட்டம்,https://ta.wikipedia.org/wiki/பத்மபுரம்_தோட்டம்
Tamil,"இங்கு அமைந்துள்ள பழத்தோட்டங்கள், அரிய வகை மலர்கள் மற்றும் மரங்கள், மர வீடுகள் மற்றும் கல் சிற்பங்கள் சுற்றுலா அமசங்களாக உள்ளன.",ta:பத்மபுரம் தோட்டம்,https://ta.wikipedia.org/wiki/பத்மபுரம்_தோட்டம்
Tamil,"கொத்தமங்கலம் (kothamangalam), இந்தியாவின் தமிழ்நாடு மாநிலத்தின் புதுக்கோட்டை மாவட்டத்தில் உள்ள ஆலங்குடி வட்டத்தில் அமைந்திருக்கும் ஓர் வருவாய் கிராமம் ஆகும்.","ta:கொத்தமங்கலம், புதுக்கோட்டை மாவட்டம்","https://ta.wikipedia.org/wiki/கொத்தமங்கலம்,_புதுக்கோட்டை_மாவட்டம்"
Tamil,இது வடக்கு கொத்தமங்கலம் மற்றும் தெற்கு கொத்தமங்கலம் என இரண்டு வருவாய் கிராமங்களாக உள்ளது.,"ta:கொத்தமங்கலம், புதுக்கோட்டை மாவட்டம்","https://ta.wikipedia.org/wiki/கொத்தமங்கலம்,_புதுக்கோட்டை_மாவட்டம்"
Tamil,"கையடக்கமான பல டிஜிடல் காமிராக்களில், அசையும் விடியோபடக்காட்சிகள், அசையாத புகைப்படங்களுடன் ஒலியையும் பதிவு செய்து கொள்ளலாம்.",ta:இருமப் படமி,https://ta.wikipedia.org/wiki/இருமப்_படமி
Tamil,"மேற்கத்திய சந்தைகளில் டிஜிடல் காமிராக்கள், தங்களை ஒத்த 35 எம்எம் பிலிம்(படச் சுருள்) புகைப்படக் கருவிகளை விட அதிகம் விற்கின்றன.",ta:இருமப் படமி,https://ta.wikipedia.org/wiki/இருமப்_படமி
Tamil,"சிலவற்றில் க்ராப் பிக்சர்ஸ்முறையில் பிம்பங்களை செதுக்க இயலும்; மேலும், ஒரு பிம்பத்தை வெட்டித் தொகுப்பதற்கான இமேஜ் எடிட்டிங் அடிப்படை வேலைகளையும் செய்ய முடியும்.",ta:இருமப் படமி,https://ta.wikipedia.org/wiki/இருமப்_படமி
Tamil,"அடிப்படையாக, ஒரு படச்சுருள் புகைப்படக் கருவியைப் போலவேதான் லென்ஸ் எனப்படும் ஒரு விழி வில்லை மற்றும் பிம்பத்தின் மீது ஒளியைச் செலுத்தி அதைப் பதிவு செய்யும் கருவியில் பதிப்பிக்க ஒரு மாறுபடக்கூடிய டயாஃப்ரம் ஆகியவை கொண்டு இவையும் இயங்குகின்றன.",ta:இருமப் படமி,https://ta.wikipedia.org/wiki/இருமப்_படமி
Tamil,"செபெக்-கு கல்வெட்டு (Sebek-khu Stele), இது செபெக்-கு (கு-சோபெக்) என்ற மனிதரின் நினைவாக எகிப்தின் மத்தியகால இராச்சியத்தை ஆண்ட 12-ஆம் வம்சத்தின் ஐந்தாம் மன்னர் மூன்றாம் செனுஸ்ரெத் (ஆட்சிக் காலம் கிமு 1878 முதல் கிமு 1839) அபிதோஸ் நகரத்தில் நிறுவிய ஒரு கல்வெட்டு ஆகும்.",ta:செபெக்-கு கல்வெட்டு,https://ta.wikipedia.org/wiki/செபெக்-கு_கல்வெட்டு
Tamil,"இக்கல்வெட்டை, ஆங்கிலேய தொல்லியல் ஆய்வாளர் ஜான் கார்ஸ்டாங்கால் 1901ம் ஆண்டில் எகிப்தின் பண்டைய அபிதோஸ் நகரத்தில் உள்ள கூ-சோபெக்கின் கல்லறைக்கு வெளியே கண்டுபிடிக்கப்பிடிக்கப்பட்டது.தற்போது இக்கல்வெட்டு ஐக்கிய இராச்சியத்தின் மான்செஸ்டர் அருங்காட்சியகத்தில் காட்சிக்கு வைக்கப்பட்டுள்ளது.",ta:செபெக்-கு கல்வெட்டு,https://ta.wikipedia.org/wiki/செபெக்-கு_கல்வெட்டு
Tamil,"ஈல-திராவிட மொழிக் குடும்பம், என்பது ஒரு கருதுகோள் அடிப்படையிலான ஒரு மொழிக் குடும்பம் ஆகும்.",ta:ஈல-திராவிட மொழிக் குடும்பம்,https://ta.wikipedia.org/wiki/ஈல-திராவிட_மொழிக்_குடும்பம்
Tamil,"இது, பெரும்பாலும் தென்னிந்திய மொழிகளை உள்ளடக்கிய திராவிட மொழிக் குடும்பத்தையும், தற்போதைய தென்மேற்கு ஈரானில் ஒரு காலத்தில் இருந்து மறைந்துவிட்ட ஈலம் மொழியையும் உள்ளடக்கும் மொழிக் குடும்பம்.",ta:ஈல-திராவிட மொழிக் குடும்பம்,https://ta.wikipedia.org/wiki/ஈல-திராவிட_மொழிக்_குடும்பம்
Tamil,மொழியியலாளரான டேவிட் மக்-அல்பின் என்பவரே இக் கருதுகோளை ஆதரிப்பவர்களில் முதன்மையானவர்.,ta:ஈல-திராவிட மொழிக் குடும்பம்,https://ta.wikipedia.org/wiki/ஈல-திராவிட_மொழிக்_குடும்பம்
Tamil,"இக் கருதுகோளை முன்மொழிந்தவர்கள் சிந்துவெளி நாகரிகக் காலத்தில் பேசப்பட்டதும், இன்று அழிந்துவிட்டதுமான அரப்பா மொழியும் கூட இக்குடும்பத்தின் ஒரு பகுதியாக இருக்கலாம் எனக் கருதுகின்றனர்.",ta:ஈல-திராவிட மொழிக் குடும்பம்,https://ta.wikipedia.org/wiki/ஈல-திராவிட_மொழிக்_குடும்பம்
Tamil,"நான்காம் செயேந்திரவர்மன் (Jaya Indravarman IV) 1167-1192 வரை, நவீன வியட்நாமில் அமைந்திருந்த முன்னாள் பிராந்தியமான சம்பா இராச்சியத்தின் அரசராக இருந்தார்.",ta:நான்காம் செயேந்திரவர்மன்,https://ta.wikipedia.org/wiki/நான்காம்_செயேந்திரவர்மன்
Tamil,"இவர் சீன அரசவைக்கும், தாய் வியட் ஆகியோருக்கு அடிபணிந்து ஆட்சி செய்தார்.",ta:நான்காம் செயேந்திரவர்மன்,https://ta.wikipedia.org/wiki/நான்காம்_செயேந்திரவர்மன்
Tamil,"தரைவழிப் படையெடுப்பிற்காக சீனாவிலிருந்து குதிரைகளை வாங்குவதில் தோல்வியுற்ற இவர், கப்பல் படையைத் தயாரித்தார்.",ta:நான்காம் செயேந்திரவர்மன்,https://ta.wikipedia.org/wiki/நான்காம்_செயேந்திரவர்மன்
Tamil,1177 இல் கெமர் பேரரசின் சம்பா படையெடுப்பிற்கு தலைமை தாங்கியதற்காக இவர் குறிப்பிடத்தக்கவர்.,ta:நான்காம் செயேந்திரவர்மன்,https://ta.wikipedia.org/wiki/நான்காம்_செயேந்திரவர்மன்
Tamil,முதல்வன் (Mudhalvan) 1999 ஆம் ஆண்டு வெளிவந்த இந்தியத் தமிழ்த் திரைப்படமாகும்.,ta:முதல்வன்,https://ta.wikipedia.org/wiki/முதல்வன்
Tamil,"ஷங்கர் இயக்கத்தில் வெளிவந்து மிகப் பெரும் வெற்றி பெற்ற இத்திரைப்படத்தில் அர்ஜூன், மனிஷா கொய்ராலா, சுஷ்மிதா சென், வடிவேல் மற்றும் பலர் நடித்திருந்தனர்.",ta:முதல்வன்,https://ta.wikipedia.org/wiki/முதல்வன்
Tamil,இதே திரைப்படம் தெலுங்கில் மொழிமாற்றம் செய்யப்பட்டு வெளிவந்தது.,ta:முதல்வன்,https://ta.wikipedia.org/wiki/முதல்வன்
Tamil,இத்திரைப்படம் இந்தியில் நாயக் எனப் பெருமளவு செலவில் மறு தயாரிப்பு செய்யப்பட்டது.,ta:முதல்வன்,https://ta.wikipedia.org/wiki/முதல்வன்
Tamil,"ஆசியான் பல்கலைக்கழக விளையாட்டுகள் (ஆங்கிலம்: ASEAN University Games; மலாய்: Sukan Universiti ASEAN, (AUG) என்பது தென்கிழக்கு ஆசிய நாடுகளின் (ASEAN) கூட்டமைப்பில் உள்ள பல்கலைக்கழக மாணவர்களுக்காக; ஈராண்டுகளுக்கு ஒரு முறை நடைபெறும் பல்துறை விளையாட்டு நிகழ்வாகும்.",ta:ஆசியான் பல்கலைக்கழக விளையாட்டுகள்,https://ta.wikipedia.org/wiki/ஆசியான்_பல்கலைக்கழக_விளையாட்டுகள்
Tamil,இந்த விளையாட்டுகள் ஆசியான் பல்கலைக்கழக விளையாட்டு மன்றத்தின் (ASEAN University Sports Council) (AUSC) நிர்வாகத்தின் கீழ் ஏற்பாடு செய்யப்படுகிறது.,ta:ஆசியான் பல்கலைக்கழக விளையாட்டுகள்,https://ta.wikipedia.org/wiki/ஆசியான்_பல்கலைக்கழக_விளையாட்டுகள்
Tamil,மெகாட் இசுகந்தர் ஷா அல்லது ராம விக்கிரமா (மலாய் மொழி: Sultan Megat Iskandar Shah ibni Almarhum Raja Parameswara; ஆங்கிலம்: Megat Iskandar Shah of Malacca); என்பவர் மலாக்கா சுல்தானகத்தின் இரண்டாவது அரசர் ஆவார்.,ta:மெகாட் இசுகந்தர் ஷா,https://ta.wikipedia.org/wiki/மெகாட்_இசுகந்தர்_ஷா
Tamil,இவர் பரமேஸ்வராவின் மகன் என்று நம்பப்படுகிறது.,ta:மெகாட் இசுகந்தர் ஷா,https://ta.wikipedia.org/wiki/மெகாட்_இசுகந்தர்_ஷா
Tamil,மலாக்காவின் இரண்டாவது ஆட்சியாளரான மெகாட் இசுகந்தர் ஷாவின் பதவி குறித்து வரலாற்றுக் கருத்து முரண்பாடுகள் உள்ளன.,ta:மெகாட் இசுகந்தர் ஷா,https://ta.wikipedia.org/wiki/மெகாட்_இசுகந்தர்_ஷா
Tamil,மெகாட் இசுகந்தர் ஷா என்பவர் பரமேசுவரா என்பவராக இருக்கலாம் என்று சிலர் வாதிடுகின்றனர்.,ta:மெகாட் இசுகந்தர் ஷா,https://ta.wikipedia.org/wiki/மெகாட்_இசுகந்தர்_ஷா
Tamil,"கிரில் பாவ்லோவிச் புளோரன்சுகி (Kirill Pavlovich Florensky) (உருசியம்: Кири́лл Па́влович Флоре́нский; 27திசம்பர் 1915 – 9ஏப்பிரல் 1982) ஓர் உருசிய, சோவியத் வானியலாளரும் புவிவேதியியலாளரும் ஆவார்.",ta:கிரில் பாவ்லோவிச் புளோரன்சுகி,https://ta.wikipedia.org/wiki/கிரில்_பாவ்லோவிச்_புளோரன்சுகி
Tamil,இவர் கோள் அறிவியலில் புலமை வாய்ந்தவர்.இவர் சோவியத் அறிவியல் கல்விக்கழகத்தின் வெர்னத்சுகி நிறுவனகொப்பீட்டுக் கோளியல் துறையின் தலவராவார்.,ta:கிரில் பாவ்லோவிச் புளோரன்சுகி,https://ta.wikipedia.org/wiki/கிரில்_பாவ்லோவிச்_புளோரன்சுகி
Tamil,இவர் உருசியப் பல்துறை அறிஞர் பாவேல் புளோரன்சுகியின் இரண்டாம் மகனாவார்.,ta:கிரில் பாவ்லோவிச் புளோரன்சுகி,https://ta.wikipedia.org/wiki/கிரில்_பாவ்லோவிச்_புளோரன்சுகி
Tamil,நிலாவின் குழிப்பள்ளம் புளோரன்சுகி குழிப்பள்ளம் என இவரது நினைவாகப் பெயர் இடப்பட்டுள்ளது.,ta:கிரில் பாவ்லோவிச் புளோரன்சுகி,https://ta.wikipedia.org/wiki/கிரில்_பாவ்லோவிச்_புளோரன்சுகி
Tamil,பிரிஸிங்கர் (Brisingr) என்பது கிறிஸ்டோபர் பாலோனி என்ற அமெரிக்க எழுத்தாளர் எழுதிய ஒரு புதினம் ஆகும்.,ta:பிரிஸிங்கர்,https://ta.wikipedia.org/wiki/பிரிஸிங்கர்
Tamil,இவர் மரபுவழி சுழற்சி என்ற புதினத் தொடர்கதைகளின் ஆசிரியர் ஆவார்.,ta:பிரிஸிங்கர்,https://ta.wikipedia.org/wiki/பிரிஸிங்கர்
Tamil,இந்த புதினம் மூன்றாவது தொடர் புதினம் ஆகும்.,ta:பிரிஸிங்கர்,https://ta.wikipedia.org/wiki/பிரிஸிங்கர்
Tamil,இப் புதினம் செப்டம்பர் மாதம் 20 ம் தேதி 2008 ஆம் ஆண்டு முதல் வெளிவந்தது.,ta:பிரிஸிங்கர்,https://ta.wikipedia.org/wiki/பிரிஸிங்கர்
Tamil,ஒரு பொருளிலோ அல்லது ஒரு பணியிலோ இருக்கின்ற மனித விருப்பத்தை நிறைவு செய்கின்ற ஆற்றலே பொருளியலில் பயன்பாடு (Utility)எனப்படும்.,ta:பயன்பாடு,https://ta.wikipedia.org/wiki/பயன்பாடு
Tamil,பயன்பாடானது மனித மனநிலையை ஒட்டிய உளவியல் ரீதியான கருத்தாகும்.,ta:பயன்பாடு,https://ta.wikipedia.org/wiki/பயன்பாடு
Tamil,எடுத்துக்காட்டாக எழுதத் தெரிந்தவர்களுக்கே பேனா பயன்பாடுள்ள பொருளாகும்.,ta:பயன்பாடு,https://ta.wikipedia.org/wiki/பயன்பாடு
Tamil,எழுதத் தெரியாதவர்களுக்கு அல்ல.,ta:பயன்பாடு,https://ta.wikipedia.org/wiki/பயன்பாடு
Tamil,"உத்தனப்பள்ளி கன்னசந்திரம் திம்மராயசாமி கோயில் தமிழ்நாட்டில் கிருஷ்ணகிரி மாவட்டம், உத்தனப்பள்ளி என்னும் ஊரில் அமைந்துள்ள பெருமாள் கோயிலாகும்.",ta:உத்தனப்பள்ளி கன்னசந்திரம் திம்மராயசாமி கோயில்,https://ta.wikipedia.org/wiki/உத்தனப்பள்ளி_கன்னசந்திரம்_திம்மராயசாமி_கோயில்
Tamil,"கல்ப் நியூஸ் (en:Gulf News தமிழில் - வளைகுடா செய்தி) ஐக்கிய அரபு எமிரேட்ஸின்,துபாயிலிருந்து 1978 ஆம் ஆண்டு முதல் வெளியிடப்பட்டு வரும் ஒரு ஆங்கில தினசரி செய்தித்தாள்.",ta:கல்ப் நியூஸ்,https://ta.wikipedia.org/wiki/கல்ப்_நியூஸ்
Tamil,தற்போது ஐக்கிய அரபு எமிரேட் முழுவதும் மற்றும் பிற பாரசீக வளைகுடா நாடுகளிலும் விநியோகிக்கப்படுகிறது.,ta:கல்ப் நியூஸ்,https://ta.wikipedia.org/wiki/கல்ப்_நியூஸ்
Tamil,இதன் இணையதள பதிப்பு 1996 ஆம் ஆண்டில் துவங்கப்பட்டது.,ta:கல்ப் நியூஸ்,https://ta.wikipedia.org/wiki/கல்ப்_நியூஸ்
Tamil,ஜுகல்ஜி மாதுர்ஜி தாக்கூர் (Jugalji Thakor) என்பவர் இந்திய அரசியல்வாதியும் நாடாளுமன்ற உறுப்பினரும் ஆவார்.,ta:ஜுகல்ஜி தாக்கூர்,https://ta.wikipedia.org/wiki/ஜுகல்ஜி_தாக்கூர்
Tamil,இவர் பாரதிய ஜனதா கட்சியினைச் சார்ந்த உறுப்பினர்.,ta:ஜுகல்ஜி தாக்கூர்,https://ta.wikipedia.org/wiki/ஜுகல்ஜி_தாக்கூர்
Tamil,இவர் 5 சூலை 2019 அன்று இந்திய மேலவையான மாநிலங்களவையின் குசராத்து மாநிலத்தைப் பிரதிநிதித்துவப்படுத்தும் இந்திய நாடாளுமன்ற உறுப்பினர் ஆனார்.,ta:ஜுகல்ஜி தாக்கூர்,https://ta.wikipedia.org/wiki/ஜுகல்ஜி_தாக்கூர்
Tamil,"சிங்கப்பூர் குடியரசின் பிரதமர் (Prime Minister of the Republic of Singapore, மலாய்: Perdana Menteri Republik Singapura; சீன மொழி: 新加坡共和国总理) சிங்கப்பூர் குடியரசின் அரசாங்கத்தின் தலைவராவார்.",ta:சிங்கப்பூரின் பிரதமர்,https://ta.wikipedia.org/wiki/சிங்கப்பூரின்_பிரதமர்
Tamil,நாடாளுமன்ற உறுப்பினர்களின் பெரும்பான்மையின் நம்பிக்கையைப் பெற்றவரை குடியரசுத் தலைவர் பிரதமராக நியமிக்கிறார்.,ta:சிங்கப்பூரின் பிரதமர்,https://ta.wikipedia.org/wiki/சிங்கப்பூரின்_பிரதமர்
Tamil,பிரதமர் அமைச்சரவைக்குத் தலைமை தாங்குகிறார்.,ta:சிங்கப்பூரின் பிரதமர்,https://ta.wikipedia.org/wiki/சிங்கப்பூரின்_பிரதமர்
Tamil,சிங்கப்பூரின் பிரதமர் பதவி 1959ஆம் ஆண்டிலிருந்து இருந்து வருகிறது.,ta:சிங்கப்பூரின் பிரதமர்,https://ta.wikipedia.org/wiki/சிங்கப்பூரின்_பிரதமர்
Tamil,தேவேந்திர படேல் (Devendra Patel) என்பவர் மத்தியப் பிரதேசத்தைச் சேர்ந்த அரசியல்வாதி ஆவார்.,ta:தேவேந்திர படேல்,https://ta.wikipedia.org/wiki/தேவேந்திர_படேல்
Tamil,இவர் 2008ஆம் ஆண்டில் மத்தியப் பிரதேசம் சட்டமன்றத் தேர்தலில் சில்வாணி சட்டமன்றத்தொகுதிக்குப் போட்டியிட பாரதீய ஜனசக்தி கட்சி சார்பில் போட்டியிட வாய்ப்புக்கேட்டு போராடித் தேர்தலில் போட்டியிட்டார்.,ta:தேவேந்திர படேல்,https://ta.wikipedia.org/wiki/தேவேந்திர_படேல்
Tamil,இவர் பாரதிய ஜனதா கட்சியைச் சேர்ந்த ராம்பால் சிங்கை 247 வாக்குகள் வித்தியாசத்தில் தோற்கடித்துத் தேர்தலில் வெற்றி பெற்றார்.,ta:தேவேந்திர படேல்,https://ta.wikipedia.org/wiki/தேவேந்திர_படேல்
Tamil,கட்சியின் நிறுவனர் உமா பாரதி பாரதிய ஜனதாவுடன் பாரதீய ஜனசக்தி கட்சியினை இணைத்த பின்னர் தனக்கு உரிய முக்கியத்துவம் இல்லை எனக் கூறி 2013 மத்தியப் பிரதேச சட்டமன்றத் தேர்தலுக்கு முன்னதாக தனது 17 ஆதரவாளர்களுடன் இந்திய தேசிய காங்கிரசில் சேர்ந்தார்.,ta:தேவேந்திர படேல்,https://ta.wikipedia.org/wiki/தேவேந்திர_படேல்
Tamil,சித்திரக்கவியில் காணப்படும் வகைகள் சிலவற்றை சேந்தன் திவாகரம் என்னும் நிகண்டு நூல் குறிப்பிடுகிறது.,ta:சித்திரக்கவி வகை,https://ta.wikipedia.org/wiki/சித்திரக்கவி_வகை
Tamil,அவற்றின் பெயர்களை இங்கே காணலாம்.,ta:சித்திரக்கவி வகை,https://ta.wikipedia.org/wiki/சித்திரக்கவி_வகை
Tamil,அனுராதா பட்டாச்சார்யா (Anuradha Bhattacharyya) (பிறப்பு: 1975 திசம்பர் 6) இவர் இந்திய கவிதை மற்றும் புனைகதை எழுத்தாளர் ஆவார்.,ta:அனுராதா பட்டாச்சார்யா,https://ta.wikipedia.org/wiki/அனுராதா_பட்டாச்சார்யா
Tamil,இவர் ஆங்கிலத்தில் எழுதுகிறார் மற்றும் பல புத்தகங்களையும் எழுதியுள்ளார்.,ta:அனுராதா பட்டாச்சார்யா,https://ta.wikipedia.org/wiki/அனுராதா_பட்டாச்சார்யா
Tamil,"இவரது நூலான ""ஒன் வேர்ட்"" என்பது 2016ஆம் ஆண்டு சண்டிகர் சாகித்ய அகாடமி சிறந்த புத்தகத்திற்கான விருதினை வழங்கியது.",ta:அனுராதா பட்டாச்சார்யா,https://ta.wikipedia.org/wiki/அனுராதா_பட்டாச்சார்யா
Tamil,"தற்போது இவர் சண்டிகரின் பிரிவு -11, முதுகலை அரசு கல்லூரியில் ஆங்கில இணை பேராசிரியராக உள்ளார்.",ta:அனுராதா பட்டாச்சார்யா,https://ta.wikipedia.org/wiki/அனுராதா_பட்டாச்சார்யா
Tamil,காசி மசூம் அக்தர் (Kazi Masum Akhtar) பத்மசிறீ விருது பெற்ற ஒரு கல்வியாளர் ஆவார்.,ta:காசி மசூம் அக்தர்,https://ta.wikipedia.org/wiki/காசி_மசூம்_அக்தர்
Tamil,இந்தியாவின் மேற்கு வங்கத்தைச் சேர்ந்த இவர் 1971 ஆம் ஆண்டு பிறந்தார்.,ta:காசி மசூம் அக்தர்,https://ta.wikipedia.org/wiki/காசி_மசூம்_அக்தர்
Tamil,2020 ஆம் ஆண்டு இலக்கியம் மற்றும் கல்வித் துறையில் செய்த பங்களிப்புக்காக இந்தியாவின் நான்காவது மிக உயர்ந்த குடிமை விருதான பத்மசிறீ விருது இவருக்கு வழங்கப்பட்டது.,ta:காசி மசூம் அக்தர்,https://ta.wikipedia.org/wiki/காசி_மசூம்_அக்தர்
Tamil,மேற்கு வங்காளத்தின் கொல்கத்தா அருகே உள்ள தல்புகூர் அரா உயர் மதர்சா என்ற பள்ளியில் தலைமை ஆசிரியராக உள்ளார்.,ta:காசி மசூம் அக்தர்,https://ta.wikipedia.org/wiki/காசி_மசூம்_அக்தர்
Tamil,இந்திய அஞ்சல் துறை 'இந்தியா போஸ்ட்' (India Post) என்ற பெயரில் செயல்படுகிறது.,ta:இந்திய அஞ்சல் துறை,https://ta.wikipedia.org/wiki/இந்திய_அஞ்சல்_துறை
Tamil,இது இந்திய அரசினால் செயல்படுத்தப்படும் அஞ்சல் சேவை ஆகும்.,ta:இந்திய அஞ்சல் துறை,https://ta.wikipedia.org/wiki/இந்திய_அஞ்சல்_துறை
Tamil,இது பல வழிகளில் மக்களுக்குச் சேவை செய்து வருகிறது.,ta:இந்திய அஞ்சல் துறை,https://ta.wikipedia.org/wiki/இந்திய_அஞ்சல்_துறை
Tamil,நாள் ஒன்றுக்கு இரண்டு இலட்சம் கடிதங்கள் பட்டுவாடா செய்யப்படுகின்றன.,ta:இந்திய அஞ்சல் துறை,https://ta.wikipedia.org/wiki/இந்திய_அஞ்சல்_துறை
Tamil,"தச்சநல்லூர் வரம் தரும் பெருமாள் கோயில் என்பது தமிழ்நாட்டில் திருநெல்வேலி மாவட்டம், தச்சநல்லூர் என்னும் ஊரில் அமைந்துள்ள ஒரு பெருமாள் கோயிலாகும்.","ta:வரம் தரும் பெருமாள் கோயில், தச்சநல்லூர்","https://ta.wikipedia.org/wiki/வரம்_தரும்_பெருமாள்_கோயில்,_தச்சநல்லூர்"
Tamil,"மலேசிய புத்ரா பல்கலைக்கழகம் (மலாய்: Universiti Putra Malaysia; ஆங்கிலம்: University of Putra Malaysia; (UPM) சீனம்: 马来西亚博特拉大学) என்பது மலேசியா, சிலாங்கூர், செரி கெம்பாங்கான் வனப்பகுதியில் அமைந்துள்ள வேளாண் துறை பல்கலைக்கழகம் ஆகும்.",ta:மலேசிய புத்ரா பல்கலைக்கழகம்,https://ta.wikipedia.org/wiki/மலேசிய_புத்ரா_பல்கலைக்கழகம்
Tamil,கோலாலம்பூர் மாநகரத்தில் இருந்து 25 கி.மீ.,ta:மலேசிய புத்ரா பல்கலைக்கழகம்,https://ta.wikipedia.org/wiki/மலேசிய_புத்ரா_பல்கலைக்கழகம்
Tamil,"தொலைவில் உள்ள இந்தப் பல்கலைக்கழகம், மலேசிய வேளாண் பல்கலைக்கழகம் (Agricultural University of Malaysia) என்று முன்பு அழைக்கப்பட்டது.",ta:மலேசிய புத்ரா பல்கலைக்கழகம்,https://ta.wikipedia.org/wiki/மலேசிய_புத்ரா_பல்கலைக்கழகம்
Tamil,தற்போது வேளாண்மை தொடர்பான துறைகளின் உயர்க்கல்விக் கூடமாக விளங்குகின்றது.,ta:மலேசிய புத்ரா பல்கலைக்கழகம்,https://ta.wikipedia.org/wiki/மலேசிய_புத்ரா_பல்கலைக்கழகம்
Tamil,இந்தியாவில் வங்கித்தொழில் முதன்முதலாக பதினெட்டாம் நூற்றாண்டின் இறுதிப் பத்தாண்டுகளில் துவங்கியது.,ta:இந்தியாவில் வங்கித்தொழில்,https://ta.wikipedia.org/wiki/இந்தியாவில்_வங்கித்தொழில்
Tamil,"இந்தியாவின் மிகப்பழமையான வங்கி இந்திய ஸ்டேட் வங்கியாகும், அது 1806 ஆம் ஆண்டு ஜூன் மாதம் முதல் செயல்படத் துவங்கியது.",ta:இந்தியாவில் வங்கித்தொழில்,https://ta.wikipedia.org/wiki/இந்தியாவில்_வங்கித்தொழில்
Tamil,"இந்திய ஸ்டேட் வங்கி ஓர் அரசுடைமை வங்கியும், நாட்டின் மிகப்பெரும் வணிக வங்கியுமாகும்.",ta:இந்தியாவில் வங்கித்தொழில்,https://ta.wikipedia.org/wiki/இந்தியாவில்_வங்கித்தொழில்
Tamil,"மைய வங்கித்தொழிலின் பொறுப்புகளை மேற்கொண்டுள்ள இந்திய ரிசர்வ் வங்கியானது , 1935 ஆம் ஆண்டில், அப்போதைய இந்திய இம்பீரியல் வங்கியிடமிருந்து இந்த பொறுப்புகளை முறைப்படி பெற்றுக்கொண்டதும், அதனை வணிகவங்கியாகச் செயல்படும் நிலைக்கு மாற்றியது.",ta:இந்தியாவில் வங்கித்தொழில்,https://ta.wikipedia.org/wiki/இந்தியாவில்_வங்கித்தொழில்
Tamil,"கோவில்பாப்பாகுடி என்னும் ஊராட்சி, தமிழ்நாட்டின் மதுரை மாவட்டத்தில் அமைந்துள்ளது.",ta:கோவில் பாப்பாகுடி,https://ta.wikipedia.org/wiki/கோவில்_பாப்பாகுடி
Tamil,இது மதுரை மாநகராட்சியின் வடமேற்கு எல்லையில் அமைந்துள்ள ஒரு வளர்நகர்ப் பகுதியாகும்.,ta:கோவில் பாப்பாகுடி,https://ta.wikipedia.org/wiki/கோவில்_பாப்பாகுடி
Tamil,"இவ்வூராட்சியில் சிக்கந்தர் சாவடி கிராமமும், தினமணி நகர், எஸ்.வி.டி நகர் உள்ளிட்ட சில விரிவாக்கப் பகுதிகளும் அடங்கும்.",ta:கோவில் பாப்பாகுடி,https://ta.wikipedia.org/wiki/கோவில்_பாப்பாகுடி
Tamil,"குமாரபுரம் கைலாசத்து மகாதேவர் கோயில் தமிழ்நாட்டில் கன்னியாகுமரி மாவட்டம், குமாரபுரம் என்னும் ஊரில் அமைந்துள்ள சிவன் கோயிலாகும்.",ta:குமாரபுரம் கைலாசத்து மகாதேவர் கோயில்,https://ta.wikipedia.org/wiki/குமாரபுரம்_கைலாசத்து_மகாதேவர்_கோயில்
Tamil,"வெள்ளேரிதாங்கல் ஊராட்சி (Vellerithangal Gram Panchayat), தமிழ்நாட்டின் திருவள்ளூர் மாவட்டத்தில் உள்ள கடம்பத்தூர் வட்டாரத்தில் அமைந்துள்ளது.",ta:வெள்ளேரிதாங்கள் ஊராட்சி,https://ta.wikipedia.org/wiki/வெள்ளேரிதாங்கள்_ஊராட்சி
Tamil,"இந்த ஊராட்சி, திருவள்ளூர் சட்டமன்றத் தொகுதிக்கும் திருவள்ளூர் மக்களவைத் தொகுதிக்கும் உட்பட்டதாகும்.",ta:வெள்ளேரிதாங்கள் ஊராட்சி,https://ta.wikipedia.org/wiki/வெள்ளேரிதாங்கள்_ஊராட்சி
Tamil,"இந்த ஊராட்சி, மொத்தம் 7 ஊராட்சி மன்றத் தொகுதிகளைக் கொண்டுள்ளது.",ta:வெள்ளேரிதாங்கள் ஊராட்சி,https://ta.wikipedia.org/wiki/வெள்ளேரிதாங்கள்_ஊராட்சி
Tamil,இவற்றில் இருந்து 7 ஊராட்சி மன்ற உறுப்பினர்களைத் தேர்ந்தெடுக்கின்றனர்.,ta:வெள்ளேரிதாங்கள் ஊராட்சி,https://ta.wikipedia.org/wiki/வெள்ளேரிதாங்கள்_ஊராட்சி
Tamil,"மேஜர் இராம ரகோபா ராணே (Rama Raghoba Rane), PVC (26 சூன் 1918 – 11 சூலை 1994) இந்திய இராணுவ அதிகாரி ஆவார்.",ta:இராம ரகோபா ராணே,https://ta.wikipedia.org/wiki/இராம_ரகோபா_ராணே
Tamil,"1947-48 இந்திய பாகிஸ்தான் போரின் இவரது வீர தீர செயல்களுக்காக, 1950-இல் இந்திய இராணுவத்தின் மிக உயரிய பரம் வீர் சக்கரம் விருது வழங்கப்பட்டது.",ta:இராம ரகோபா ராணே,https://ta.wikipedia.org/wiki/இராம_ரகோபா_ராணே
Tamil,வாழும் போதே பரம் வீர் சக்கர விருது பெற்ற முதல் இந்திய இராணுவ அதிகாரி மேஜர் இராம ரகோபா ராணே ஆவார்.,ta:இராம ரகோபா ராணே,https://ta.wikipedia.org/wiki/இராம_ரகோபா_ராணே
Tamil,ஒலியா (Olia) என்பது வைக்கோல் அல்லது மூங்கிலால் கட்டமைக்கப்படும் ஒரு மூடிய பாத்திரமாகும்.,ta:ஒலியா,https://ta.wikipedia.org/wiki/ஒலியா
Tamil,பாரம்பரியமாக இது அரிசி மற்றும் பிற தானியங்களை சேமிக்க பயன்படுகிறது.,ta:ஒலியா,https://ta.wikipedia.org/wiki/ஒலியா
Tamil,ஒடிசா மற்றும் இந்தியாவின் பிற மாநிலங்களின் பல்வேறு பழங்குடிப் பகுதிகளில் இப்பாத்திரம் பயன்படுத்தப்படுகிறது.,ta:ஒலியா,https://ta.wikipedia.org/wiki/ஒலியா
Tamil,சிறீகுமார் ஆச்சாரி என்பவர் இந்திய திரைப்பட நடிகர் ஆவார்.,ta:ஜகதி சிறீகுமார்,https://ta.wikipedia.org/wiki/ஜகதி_சிறீகுமார்
Tamil,இவரை ஜகதி சிறீகுமார் என்று அறிகின்றனர்.,ta:ஜகதி சிறீகுமார்,https://ta.wikipedia.org/wiki/ஜகதி_சிறீகுமார்
Tamil,500 கற்கும் மேற்பட்ட மலையாளத் திரைப்படங்களில் நடித்துள்ளார்.,ta:ஜகதி சிறீகுமார்,https://ta.wikipedia.org/wiki/ஜகதி_சிறீகுமார்
Tamil,இவர் நகைச்சுவை மற்றும் குணச்சித்திர கதாபாத்திரங்களில் நடித்துள்ளார்.,ta:ஜகதி சிறீகுமார்,https://ta.wikipedia.org/wiki/ஜகதி_சிறீகுமார்
Tamil,2-அமினோபென்சால்டிகைடு (2-Aminobenzaldehyde) என்பது C6H4(NH2)CHO என்ற மூலக்கூற்று வாய்ப்பாடு கொண்ட ஒரு கரிம வேதியியல் சேர்மமாகும்.,ta:2-அமினோபென்சால்டிகைடு,https://ta.wikipedia.org/wiki/2-அமினோபென்சால்டிகைடு
Tamil,அமினோபென்சால்டிகைடின் மூன்று மாற்றியன்களில் இதுவும் ஒன்றாகும்.,ta:2-அமினோபென்சால்டிகைடு,https://ta.wikipedia.org/wiki/2-அமினோபென்சால்டிகைடு
Tamil,தண்ணீரில் கரையக்கூடிய இச்சேர்மம் மஞ்சள் நிறத்துடன் குறைந்த உருகுநிலை கொண்ட திண்மமாக உள்ளது.,ta:2-அமினோபென்சால்டிகைடு,https://ta.wikipedia.org/wiki/2-அமினோபென்சால்டிகைடு
Tamil,2-நைட்ரோபென்சால்டிகைடுடன் இரும்பு அல்லது இரும்பு(II) சல்பேட்டு சேர்த்து ஒடுக்க வினைக்கு உட்படுத்துவதால் 2-அமினோபென்சால்டிகைடு தயாரிக்கப்படுகிறது.,ta:2-அமினோபென்சால்டிகைடு,https://ta.wikipedia.org/wiki/2-அமினோபென்சால்டிகைடு
Tamil,"பேராசிரியர் ஜோஸ்ட் கிப்பர்ட் (இடாய்ச்சு: 'Jost Gippert'), 1956-ஆம் ஆண்டு மார்ச் மாதம் 12-ஆம் தேதி, வின்ஸ்–நிய்டர்வெனிகர்ன் (பின்னர் ஹட்டிங்கனுடன் இணைக்கப்பட்டது) என்னும் ஊரில் பிறந்தார்.",ta:ஜோஸ்ட் கிப்பர்ட்,https://ta.wikipedia.org/wiki/ஜோஸ்ட்_கிப்பர்ட்
Tamil,"இவர் ஜெர்மானிய மொழியியல் அறிஞர், காக்கசிய மொழி – பண்பாட்டு ஆய்வறிஞர் ஆவார்.",ta:ஜோஸ்ட் கிப்பர்ட்,https://ta.wikipedia.org/wiki/ஜோஸ்ட்_கிப்பர்ட்
Tamil,மேலும் பிராங்க்ஃபுர்ட்டில் உள்ள கோயத் பல்கலைக்கழகத்தின் தரகு - ஆய்வு மொழியியல் நிறுவனத்தில் ஒப்பாய்வு மொழியியல் பேராசிரியராகப் பணியாற்றி வருகின்றார்.,ta:ஜோஸ்ட் கிப்பர்ட்,https://ta.wikipedia.org/wiki/ஜோஸ்ட்_கிப்பர்ட்
Tamil,"சிலைமான் ஐயனார் கோயில் தமிழ்நாட்டில் மதுரை மாவட்டம், சிலைமான் என்னும் ஊரில் அமைந்துள்ள ஒரு கிராமக் கோயிலாகும்.",ta:சிலைமான் அய்யனார் கோயில்,https://ta.wikipedia.org/wiki/சிலைமான்_அய்யனார்_கோயில்
Tamil,"குருசாமி பாலசுப்பிரமணியன் (கும்பகோணம், தமிழ்நாடு) ஒரு சமூக சேவையாளர், காந்தியடிகள் நற்பணிக் கழகம் அமைப்பாளர்.",ta:குருசாமி பாலசுப்பிரமணியன்,https://ta.wikipedia.org/wiki/குருசாமி_பாலசுப்பிரமணியன்
Tamil,சிறு வணிகரான இவர் காந்தியடிகள் நற்பணிக் கழகம் ஊடாக சுமார் 300 வரையான வசதி குறைந்த மாணவர்களுக்கு இலவசக் கல்வியை வழங்க ஏற்பாடு செய்துள்ளார்.,ta:குருசாமி பாலசுப்பிரமணியன்,https://ta.wikipedia.org/wiki/குருசாமி_பாலசுப்பிரமணியன்
Tamil,இயேசுவின் தாய் மரியாவைப் பற்றிய இறையியல் கண்ணோட்டமே மரியாளியல் என்று அழைக்கப்படுகிறது.,ta:மரியாளியல்,https://ta.wikipedia.org/wiki/மரியாளியல்
Tamil,"கன்னி மரியாவின் வாழ்வு, குணநலன்கள், இறைவனின் திட்டத்தில் அவருக்குள்ள பங்கு ஆகியவை பற்றி நற்செய்திகளும், கிறிஸ்தவ மரபும் தரும் செய்திகளின் ஆய்வியல் கல்வியாக இது விளங்குகிறது.",ta:மரியாளியல்,https://ta.wikipedia.org/wiki/மரியாளியல்
Tamil,குமார்வீன் சட்டமன்றத் தொகுதி (Ghumarwin Assembly constituency) இந்தியாவின் இமாச்சலப் பிரதேச மாநிலத்திலுள்ள 68 சட்டமன்றத் தொகுதிகளுள் ஒன்றாகும்.,ta:குமார்வீன் சட்டமன்றத் தொகுதி,https://ta.wikipedia.org/wiki/குமார்வீன்_சட்டமன்றத்_தொகுதி
Tamil,இது பிலாஸ்பூர் மாவட்டத்தில் உள்ளது.,ta:குமார்வீன் சட்டமன்றத் தொகுதி,https://ta.wikipedia.org/wiki/குமார்வீன்_சட்டமன்றத்_தொகுதி
Tamil,ஹமீர்ப்பூர் மக்களவைத் தொகுதியில் அடங்கும் 17 சட்டமன்றத் தொகுதிகளுள் இதுவும் ஒன்று.,ta:குமார்வீன் சட்டமன்றத் தொகுதி,https://ta.wikipedia.org/wiki/குமார்வீன்_சட்டமன்றத்_தொகுதி
Tamil,"பனப்பாடி ஊராட்சி (Panappadi Gram Panchayat), தமிழ்நாட்டின் கள்ளக்குறிச்சி மாவட்டத்தில் உள்ள திருக்கோவிலூர் வட்டாரத்தில் அமைந்துள்ளது.",ta:பனப்பாடி ஊராட்சி,https://ta.wikipedia.org/wiki/பனப்பாடி_ஊராட்சி
Tamil,"இந்த ஊராட்சி, ரிஷிவந்தியம் சட்டமன்றத் தொகுதிக்கும் கள்ளக்குறிச்சி மக்களவைத் தொகுதிக்கும் உட்பட்டதாகும்.",ta:பனப்பாடி ஊராட்சி,https://ta.wikipedia.org/wiki/பனப்பாடி_ஊராட்சி
Tamil,"இந்த ஊராட்சி, மொத்தம் 7 ஊராட்சி மன்றத் தொகுதிகளைக் கொண்டுள்ளது.",ta:பனப்பாடி ஊராட்சி,https://ta.wikipedia.org/wiki/பனப்பாடி_ஊராட்சி
Tamil,இவற்றில் இருந்து 7 ஊராட்சி மன்ற உறுப்பினர்களைத் தேர்ந்தெடுக்கின்றனர்.,ta:பனப்பாடி ஊராட்சி,https://ta.wikipedia.org/wiki/பனப்பாடி_ஊராட்சி
Tamil,"சர்க்கரை சுத்திகரிப்பு என்பது ஒரு சுத்திகரிப்பு ஆகும், இது கரும்பு அல்லது பீட்ஸில் இருந்து மூல சர்க்கரையை வெள்ளை சுத்திகரிக்கப்பட்ட சர்க்கரையாக மாற்றுகிறது .",ta:சர்க்கரை சுத்திகரிப்பு நிலையம்,https://ta.wikipedia.org/wiki/சர்க்கரை_சுத்திகரிப்பு_நிலையம்
Tamil,"கரும்புச் சர்க்கரை சுவையாக இருக்க சுத்திகரிப்பு தேவையில்லை என்றாலும், சர்க்கரைவள்ளிக்கிழங்கிலிருந்து வரும் சர்க்கரையானது, பீட்ஸின் வலுவான, பொதுவாக தேவையற்ற, சுவையை நீக்குவதற்கு எப்போதும் சுத்திகரிக்கப்படுகிறது.",ta:சர்க்கரை சுத்திகரிப்பு நிலையம்,https://ta.wikipedia.org/wiki/சர்க்கரை_சுத்திகரிப்பு_நிலையம்
Tamil,உற்பத்தி செய்யப்படும் சுத்திகரிக்கப்பட்ட சர்க்கரை 99 சதவிகிதத்திற்கும் அதிகமான தூய்மையான சுக்ரோஸ் ஆகும்.,ta:சர்க்கரை சுத்திகரிப்பு நிலையம்,https://ta.wikipedia.org/wiki/சர்க்கரை_சுத்திகரிப்பு_நிலையம்
Tamil,"பல சர்க்கரை ஆலைகள் அறுவடை காலத்தில் மட்டுமே செயல்படுகின்றன, அதேசமயம் சுத்திகரிப்பு நிலையங்கள் ஆண்டு முழுவதும் வேலை செய்யலாம்.",ta:சர்க்கரை சுத்திகரிப்பு நிலையம்,https://ta.wikipedia.org/wiki/சர்க்கரை_சுத்திகரிப்பு_நிலையம்
Tamil,"மெத்திவ் டெனிங்டன் (Matthew Dennington, பிறப்பு: அக்டோபர் 16 1982), தென்னாப்பிரிக்க அணியின் துடுப்பாட்டக்காரர்.",ta:மெத்திவ் டெனிங்டன்,https://ta.wikipedia.org/wiki/மெத்திவ்_டெனிங்டன்
Tamil,இவர் எந்தவொரு தேர்வுத் துடுப்பாட்டப் போட்டியிலும் கலந்து கொள்ளவில்லை.,ta:மெத்திவ் டெனிங்டன்,https://ta.wikipedia.org/wiki/மெத்திவ்_டெனிங்டன்
Tamil,"இருப்பினும் முதல்தர துடுப்பாட்டப் போட்டிகளிலும், ஏ-தர துடுப்பாட்டப் போட்டிகளிலும், இருபது20 போட்டிகளிலும் கலந்து கொண்டுள்ளார்.",ta:மெத்திவ் டெனிங்டன்,https://ta.wikipedia.org/wiki/மெத்திவ்_டெனிங்டன்
Tamil,இலைலா தேவி (Lila Devi) என்பவர் இந்திய அரசியல்வாதி ஆவார்.,ta:இலைலா தேவி,https://ta.wikipedia.org/wiki/இலைலா_தேவி
Tamil,இவர் இந்திய நாடாளுமன்ற உறுப்பினராக இருந்துள்ளார்.,ta:இலைலா தேவி,https://ta.wikipedia.org/wiki/இலைலா_தேவி
Tamil,இந்திய தேசிய காங்கிரசின் உறுப்பினரான இவர் இந்திய நாடாளுமன்றத்தின் மேல் சபையான மாநிலங்களவைக்கு இமாச்சலப் பிரதேசத்திலிருந்து தேர்ந்தெடுக்கப்பட்டு 1956 முதல் 1962 வரை பணியாற்றினார்.,ta:இலைலா தேவி,https://ta.wikipedia.org/wiki/இலைலா_தேவி
Tamil,"அதிரடி வேட்டை என்பது, 2011 ஆம் ஆண்டு வெளியான தூக்குடு என்ற தெலுங்குத் திரைப்படத்தின் தமிழ் மொழியாக்கம் ஆகும்.",ta:அதிரடி வேட்டை,https://ta.wikipedia.org/wiki/அதிரடி_வேட்டை
Tamil,"மகேசு பாபு, சமந்தா ருத் பிரபு ஆகியோர் முதன்மை வேடங்களில் நடித்துள்ளனர்.",ta:அதிரடி வேட்டை,https://ta.wikipedia.org/wiki/அதிரடி_வேட்டை
Tamil,சிதெங்கா வாவ்ரோவா (Zdeňka Vávrová) (பிறப்பு:1945) ஒரு செக் வானியலாளர் ஆவார்.,ta:சிதெங்கா வாவ்ரோவா,https://ta.wikipedia.org/wiki/சிதெங்கா_வாவ்ரோவா
Tamil,இவர் அலைவுநேர வால்வெள்ளியான 134P/கோவல்-வாவ்ரோவாவை இணையாக கண்டுபிடித்தார்.,ta:சிதெங்கா வாவ்ரோவா,https://ta.wikipedia.org/wiki/சிதெங்கா_வாவ்ரோவா
Tamil,இவர் இதைச் சிறுகோளாக வாலின்றிக் கண்டுபிடித்தார்.,ta:சிதெங்கா வாவ்ரோவா,https://ta.wikipedia.org/wiki/சிதெங்கா_வாவ்ரோவா
Tamil,இதற்கு 1983 JG எனும் தற்காலிகப் பெயரும் இடப்பட்டது.,ta:சிதெங்கா வாவ்ரோவா,https://ta.wikipedia.org/wiki/சிதெங்கா_வாவ்ரோவா
Tamil,"மைக்கல் போர் (Michael Bore, பிறப்பு: சூன் 2 1947), இங்கிலாந்து அணியின் துடுப்பாட்டக்காரர்.",ta:மைக்கல் போர்,https://ta.wikipedia.org/wiki/மைக்கல்_போர்
Tamil,இவர் எந்தவொரு தேர்வுத் துடுப்பாட்டப் போட்டியிலும் கலந்து கொள்ளவில்லை.,ta:மைக்கல் போர்,https://ta.wikipedia.org/wiki/மைக்கல்_போர்
Tamil,"இருப்பினும் 159 முதல்தர துடுப்பாட்டப் போட்டிகளிலும், 147 ஏ-தர துடுப்பாட்டப் போட்டிகளிலும் கலந்து கொண்டுள்ளார்.",ta:மைக்கல் போர்,https://ta.wikipedia.org/wiki/மைக்கல்_போர்
Tamil,"1969-1988 ஆண்டுகளில், முதல்தர துடுப்பாட்டப் போட்டிகளில் பங்குகொண்டார்.",ta:மைக்கல் போர்,https://ta.wikipedia.org/wiki/மைக்கல்_போர்
Tamil,தேக்லூர் சட்டமன்றத் தொகுதி (Deglur Assembly constituency) என்பது மேற்கு இந்தியாவின் மகாராட்டிர மாநில சட்டப்பேரவையில் உள்ள 288 சட்டமன்றத் தொகுதிகளில் ஒன்றாகும்.,ta:தேக்லூர் சட்டமன்றத் தொகுதி,https://ta.wikipedia.org/wiki/தேக்லூர்_சட்டமன்றத்_தொகுதி
Tamil,இந்த தொகுதி நாந்தேட் மாவட்டத்தில் அமைந்துள்ளது.,ta:தேக்லூர் சட்டமன்றத் தொகுதி,https://ta.wikipedia.org/wiki/தேக்லூர்_சட்டமன்றத்_தொகுதி
Tamil,2008 இல் தொகுதி எல்லை நிர்ணயம் நடந்தது.,ta:தேக்லூர் சட்டமன்றத் தொகுதி,https://ta.wikipedia.org/wiki/தேக்லூர்_சட்டமன்றத்_தொகுதி
Tamil,இது பட்டியல் சாதியினருக்கு ஒதுக்கப்பட்டுள்ளது.,ta:தேக்லூர் சட்டமன்றத் தொகுதி,https://ta.wikipedia.org/wiki/தேக்லூர்_சட்டமன்றத்_தொகுதி
Tamil,குண்டலப்பட்டி(kundalapatty) என்பது இந்தியாவின் தமிழ்நாடு மாநிலத்தில் உள்ள ஒரு கிராமம் ஆகும்.,"ta:குண்டலப்பட்டி, திண்டுக்கல்","https://ta.wikipedia.org/wiki/குண்டலப்பட்டி,_திண்டுக்கல்"
Tamil,இக்கிராமம் திண்டுக்கல் மாவட்டத்தின் நிலக்கோட்டை வட்டத்தில் அமைந்துள்ளது.,"ta:குண்டலப்பட்டி, திண்டுக்கல்","https://ta.wikipedia.org/wiki/குண்டலப்பட்டி,_திண்டுக்கல்"
Tamil,"குண்டலப்பட்டி கிராமத்தின் மக்கள் தொகை சுமார் 2,000 ஆகும்.","ta:குண்டலப்பட்டி, திண்டுக்கல்","https://ta.wikipedia.org/wiki/குண்டலப்பட்டி,_திண்டுக்கல்"
Tamil,"இந்த கிராமத்தில் தமிழ், தெலுங்கு மற்றும் கன்னடம் பேசும் பல மொழியினர் வாழ்கின்றனர்.","ta:குண்டலப்பட்டி, திண்டுக்கல்","https://ta.wikipedia.org/wiki/குண்டலப்பட்டி,_திண்டுக்கல்"
Tamil,"குவேம்பு பல்கலைக்கழகம் (Kuvempu University, கன்னடம்: ಕುವೆಂಪು ವಿಶ್ವವಿದ್ಯಾಲಯ) கருநாடக மாநிலத்தில் சிமோகா நகரில் அமைக்கப்பட்டுள்ள ஓர் பொதுத்துறை மாநில அரசு பல்கலைக்கழகம் ஆகும்.",ta:குவேம்பு பல்கலைக்கழகம்,https://ta.wikipedia.org/wiki/குவேம்பு_பல்கலைக்கழகம்
Tamil,இது 1987ஆம் ஆண்டு கருநாடக மாநில பல்கலைக்கழக சட்டம் 1976இன் கீழ் திருத்தம் எண்.28/1976 மூலம் சட்டப் பேரவை தீர்மானத்தால் நிறுவப்பட்டது.,ta:குவேம்பு பல்கலைக்கழகம்,https://ta.wikipedia.org/wiki/குவேம்பு_பல்கலைக்கழகம்
Tamil,இந்தப் பல்கலைக்கழகத்தில் பல்வேறு துறைகளில் பட்ட மற்றும் பட்டமேற்படிப்பு கல்வித்திட்டங்கள் வழங்கப்படுகின்றன.,ta:குவேம்பு பல்கலைக்கழகம்,https://ta.wikipedia.org/wiki/குவேம்பு_பல்கலைக்கழகம்
Tamil,இதன் வளாகம் 230 ஏக்கர்கள் (0.93 km2) பரப்பளவு நிலத்தில் அமைக்கப்பட்டுள்ளது.,ta:குவேம்பு பல்கலைக்கழகம்,https://ta.wikipedia.org/wiki/குவேம்பு_பல்கலைக்கழகம்
Tamil,"டாமன்சாரா உத்தாமா (மலாய்: Damansara Utama; ஆங்கிலம்: Damansara Utama); சீனம்: 白沙罗万达) என்பது மலேசியா, சிலாங்கூர், பெட்டாலிங் மாவட்டத்தின் புறநகர்ப் பகுதி ஆகும்.",ta:டாமன்சாரா உத்தாமா,https://ta.wikipedia.org/wiki/டாமன்சாரா_உத்தாமா
Tamil,இந்தப் புறநகர்ப் பகுதியை டாமன்சாரா-பூச்சோங் விரைவுச்சாலை; கிழக்கில் செக்சன் SS20 (Section SS20) எனவும்; மேற்கில் செக்சன் SS21 (Section SS21) எனவும் இரண்டு பிரிவுகளாகப் பிரிக்கிறது.,ta:டாமன்சாரா உத்தாமா,https://ta.wikipedia.org/wiki/டாமன்சாரா_உத்தாமா
Tamil,மற்றும் இந்த டாமன்சாரா உத்தாமா புறநகர்ப் பகுதி; பெட்டாலிங் மாவட்டத்தின் சுங்கை பூலோ முக்கிம் (Sungai Buloh Mukim) துணைப் பிரிவுக்குள் ஒரு பகுதியாகவும் உள்ளது.,ta:டாமன்சாரா உத்தாமா,https://ta.wikipedia.org/wiki/டாமன்சாரா_உத்தாமா
Tamil,"மகிழம்பாடி ஊராட்சி (Mahilambadi Gram Panchayat), தமிழ்நாட்டின் திருச்சிராப்பள்ளி மாவட்டத்தில் உள்ள இலால்குடி வட்டாரத்தில் அமைந்துள்ளது.",ta:மகிழம்பாடி ஊராட்சி,https://ta.wikipedia.org/wiki/மகிழம்பாடி_ஊராட்சி
Tamil,"இந்த ஊராட்சி, இலால்குடி சட்டமன்றத் தொகுதிக்கும் பெரம்பலூர் மக்களவைத் தொகுதிக்கும் உட்பட்டதாகும்.",ta:மகிழம்பாடி ஊராட்சி,https://ta.wikipedia.org/wiki/மகிழம்பாடி_ஊராட்சி
Tamil,"இந்த ஊராட்சி, மொத்தம் 7 ஊராட்சி மன்றத் தொகுதிகளைக் கொண்டுள்ளது.",ta:மகிழம்பாடி ஊராட்சி,https://ta.wikipedia.org/wiki/மகிழம்பாடி_ஊராட்சி
Tamil,இவற்றில் இருந்து 7 ஊராட்சி மன்ற உறுப்பினர்களைத் தேர்ந்தெடுக்கின்றனர்.,ta:மகிழம்பாடி ஊராட்சி,https://ta.wikipedia.org/wiki/மகிழம்பாடி_ஊராட்சி
Tamil,சார்தீனியா (Sardinia) என்பது மத்திய தரைக்கடல் கடலில் அமைந்துள்ள இரண்டாவது பெரியதீவு ஆகும்.,ta:சார்தீனியா,https://ta.wikipedia.org/wiki/சார்தீனியா
Tamil,"இந்தத் தீவு இத்தாலிய தீபகற்பத்திற்கு மேற்கே, துனிசியாவின் வடக்கே, பிரெஞ்சு தீவான கோர்சிகாவின் தெற்கே அமைந்துள்ளது.",ta:சார்தீனியா,https://ta.wikipedia.org/wiki/சார்தீனியா
Tamil,சார்தீனியா அரசியல் ரீதியாக இத்தாலியின் ஒரு பகுதி ஆகும்.,ta:சார்தீனியா,https://ta.wikipedia.org/wiki/சார்தீனியா
Tamil,ஒரு குறிப்பிட்ட சட்டத்தால்வழங்கப்பட்ட ஓரளவு உள்நாட்டு சுயாட்சியைப் பெறுகிறது.,ta:சார்தீனியா,https://ta.wikipedia.org/wiki/சார்தீனியா
Tamil,எல்க் சிகரம் (Elk Hill) என்பது இந்தியாவின் தமிழ்நாட்டில் அமைந்துள்ள மேற்குத் தொடர்ச்சி மலையின் நீலகிரி மலைகளில் உள்ள ஒரு சிகரம் ஆகும்.,ta:எல்க் சிகரம்,https://ta.wikipedia.org/wiki/எல்க்_சிகரம்
Tamil,"இதன் உயரம் உயரம்: (2,466 மீட்டர்கள் (8,091 அடி)) 11°23′55″N 76°42′39″E ஆகும்.",ta:எல்க் சிகரம்,https://ta.wikipedia.org/wiki/எல்க்_சிகரம்
Tamil,இதன்மீது பல கோயில்கள் உள்ளன.,ta:எல்க் சிகரம்,https://ta.wikipedia.org/wiki/எல்க்_சிகரம்
Tamil,இவ்வுச்சியின் பக்கத்தில் ஓர் அழகிய கோயில் குடையப்பட்டுள்ளது.,ta:எல்க் சிகரம்,https://ta.wikipedia.org/wiki/எல்க்_சிகரம்
Tamil,"ஒரிவயல் ஊராட்சி (Orivayal Gram Panchayat), தமிழ்நாட்டின் இராமநாதபுரம் மாவட்டத்தில் உள்ள கடலாடி வட்டாரத்தில் அமைந்துள்ளது.",ta:ஒரிவயல் ஊராட்சி,https://ta.wikipedia.org/wiki/ஒரிவயல்_ஊராட்சி
Tamil,"இந்த ஊராட்சி, முதுகுளத்தூர் சட்டமன்றத் தொகுதிக்கும் ராமநாதபுரம் மக்களவைத் தொகுதிக்கும் உட்பட்டதாகும்.",ta:ஒரிவயல் ஊராட்சி,https://ta.wikipedia.org/wiki/ஒரிவயல்_ஊராட்சி
Tamil,"இந்த ஊராட்சி, மொத்தம் 7 ஊராட்சி மன்றத் தொகுதிகளைக் கொண்டுள்ளது.",ta:ஒரிவயல் ஊராட்சி,https://ta.wikipedia.org/wiki/ஒரிவயல்_ஊராட்சி
Tamil,இவற்றில் இருந்து 7 ஊராட்சி மன்ற உறுப்பினர்களைத் தேர்ந்தெடுக்கின்றனர்.,ta:ஒரிவயல் ஊராட்சி,https://ta.wikipedia.org/wiki/ஒரிவயல்_ஊராட்சி
Tamil,"நெரும்பூர் திருவாலிங்கேஸ்வரர் நீல மாணிக்கபெருமாள் கோயில் தமிழ்நாட்டில் காஞ்சிபுரம் மாவட்டம், நெரும்பூர் என்னும் ஊரில் அமைந்துள்ள சிவன் கோயிலாகும்.",ta:நெரும்பூர் திருவாலிங்கேஸ்வரர் நீல மாணிக்கபெருமாள் கோயில்,https://ta.wikipedia.org/wiki/நெரும்பூர்_திருவாலிங்கேஸ்வரர்_நீல_மாணிக்கபெருமாள்_கோயில்
Tamil,நெட்டிமையார் சங்க காலப் பெண் புலவர்களில் ஒருவர்.,ta:நெட்டிமையார்,https://ta.wikipedia.org/wiki/நெட்டிமையார்
Tamil,நீண்ட இமைகளை உடையவர் என்ற ‌காரணத்தால் நெட்டிமையார் எனும் பெயர் அமைந்திருக்கலாம்.,ta:நெட்டிமையார்,https://ta.wikipedia.org/wiki/நெட்டிமையார்
Tamil,"பாண்டியன் பல்யாக சாலை முதுகுடுமிப் பெருவழுதியை இவர் பாடிய பாடல்கள் புறநானூற்றில் 9, 12, 15 ஆம் எண்வரிசையில் தொகுத்து வைக்கப்பட்டுள்ளன.",ta:நெட்டிமையார்,https://ta.wikipedia.org/wiki/நெட்டிமையார்
Tamil,எம்கோ வாழிய குடுமி-தம்கோச் செந்நீர்ப் பசும்பொன் வயிரியர்க்கு ஈத்த முந்நீர் விழவின் நெடியோன் (புறம்-9),ta:நெட்டிமையார்,https://ta.wikipedia.org/wiki/நெட்டிமையார்
Tamil,"கரம்பை அல்லது வண்டல் (Silt) என்பது ஏரி, குளங்களில் அடியில் படியும் மண் ஆகும்.",ta:கரம்பை,https://ta.wikipedia.org/wiki/கரம்பை
Tamil,காட்டில் உள்ள மரங்கள் இலைகளை உதிர்க்கும் போது அவை மண்ணில் மக்கும்.,ta:கரம்பை,https://ta.wikipedia.org/wiki/கரம்பை
Tamil,மழைபெய்யும் போது இலைமக்குகள் மண்துகள்களோடு ஆற்றில் அடித்து வரப்படும்.,ta:கரம்பை,https://ta.wikipedia.org/wiki/கரம்பை
Tamil,ஆற்றுநீர் ஏரி குளங்களில் தேக்கப்படும்.,ta:கரம்பை,https://ta.wikipedia.org/wiki/கரம்பை
Tamil,பாடம் கேட்ட பின்னர்ப் பயிலும் முறை என்பது ஆசிரியரிடம் பயின்ற பாடநூலை மாணவன் எவ்வாறு பயில்வது என்று விளக்கும் நன்னூல் பகுதியாகும்.,ta:பாடம் கேட்ட பின்னர் பயிலும் முறை,https://ta.wikipedia.org/wiki/பாடம்_கேட்ட_பின்னர்_பயிலும்_முறை
Tamil,"மாணவன் தான் பயின்ற நூலின் உலக வழக்கு , செய்யுள் வழக்கு ஆகியனவற்றை அறிந்துகொள்ளும் வகையில் பயிலவேண்டும்.",ta:பாடம் கேட்ட பின்னர் பயிலும் முறை,https://ta.wikipedia.org/wiki/பாடம்_கேட்ட_பின்னர்_பயிலும்_முறை
Tamil,ஒரு நூலை ஒரு முறை பாடம் கேட்பதோடு நில்லாமல் மறுமுறையும் ஒரு மாண்வன் கேட்பானாகில் பெரும்பாலும் தவறில்லாமல் கற்றவனாகக் கருதப்படுவான்.,ta:பாடம் கேட்ட பின்னர் பயிலும் முறை,https://ta.wikipedia.org/wiki/பாடம்_கேட்ட_பின்னர்_பயிலும்_முறை
Tamil,எனவே மாணவன் ஒரு நூலை இரண்டுமுறை பயிலவேண்டும்.,ta:பாடம் கேட்ட பின்னர் பயிலும் முறை,https://ta.wikipedia.org/wiki/பாடம்_கேட்ட_பின்னர்_பயிலும்_முறை
Tamil,பயாத் சட்டமன்றத் தொகுதி (Bayad Assembly constituency) (தொகுதி வரிசை எண்:32) என்பது இந்தியாவின் குஜராத் மாநிலத்தில் உள்ள 182 சட்டமன்றத் தொகுதிகளில் ஒன்றாகும்.,ta:பயாத் சட்டமன்றத் தொகுதி,https://ta.wikipedia.org/wiki/பயாத்_சட்டமன்றத்_தொகுதி
Tamil,இத்தொகுதி ஆரவல்லி மாவட்டத்தில் அமைந்துள்ளது.,ta:பயாத் சட்டமன்றத் தொகுதி,https://ta.wikipedia.org/wiki/பயாத்_சட்டமன்றத்_தொகுதி
Tamil,இத்தொகுதியில் சுயேட்சையாகப் போட்டியிட்டு பிகுசின்ஜி சதுர்சின்ஜி பர்மர் என்பவர் சட்டமன்ற உறுப்பினராக உள்ளார்.,ta:பயாத் சட்டமன்றத் தொகுதி,https://ta.wikipedia.org/wiki/பயாத்_சட்டமன்றத்_தொகுதி
Tamil,"இணை அறுவடை இயந்திரம் என்பது அறுவடை, கதிர் அடித்தல், உமி நீக்கல் ஆகிய எல்லா செயல்களையும் ஒருங்கே செய்யக்கூடிய ஒரு வேளாண் இயந்திரம் ஆகும்.",ta:இணை அறுவடை இயந்திரம்,https://ta.wikipedia.org/wiki/இணை_அறுவடை_இயந்திரம்
Tamil,முந்திய காலத்தில் மனிதர்களே இந்த செயற்பாடுகளில் உழைப்பு செலுத்த வேண்டி இருந்தது.,ta:இணை அறுவடை இயந்திரம்,https://ta.wikipedia.org/wiki/இணை_அறுவடை_இயந்திரம்
Tamil,"அதன் பின்னர் அறுவடை இயந்திரம் (binder), கதிரடி இயந்திரம், உமி நீக்கி போன்ற இயந்திரங்கள் பயன்பாட்டுக்கு வந்தன.",ta:இணை அறுவடை இயந்திரம்,https://ta.wikipedia.org/wiki/இணை_அறுவடை_இயந்திரம்
Tamil,பின்னர் இவை எல்லாவற்றையும் ஒருங்கே செய்யும் இணை அறுவடை இயந்திரம் பயன்பாட்டுக்கு வந்தது.,ta:இணை அறுவடை இயந்திரம்,https://ta.wikipedia.org/wiki/இணை_அறுவடை_இயந்திரம்
Tamil,"மருதனப்பள்ளி ஊராட்சி (Marudhanapalli Gram Panchayat), தமிழ்நாட்டின் கிருஷ்ணகிரி மாவட்டத்தில் உள்ள தளி வட்டாரத்தில் அமைந்துள்ளது.",ta:மருதனப்பள்ளி ஊராட்சி,https://ta.wikipedia.org/wiki/மருதனப்பள்ளி_ஊராட்சி
Tamil,"இந்த ஊராட்சி, தளி சட்டமன்றத் தொகுதிக்கும் கிருஷ்ணகிரி மக்களவைத் தொகுதிக்கும் உட்பட்டதாகும்.",ta:மருதனப்பள்ளி ஊராட்சி,https://ta.wikipedia.org/wiki/மருதனப்பள்ளி_ஊராட்சி
Tamil,"இந்த ஊராட்சி, மொத்தம் 7 ஊராட்சி மன்றத் தொகுதிகளைக் கொண்டுள்ளது.",ta:மருதனப்பள்ளி ஊராட்சி,https://ta.wikipedia.org/wiki/மருதனப்பள்ளி_ஊராட்சி
Tamil,இவற்றில் இருந்து 7 ஊராட்சி மன்ற உறுப்பினர்களைத் தேர்ந்தெடுக்கின்றனர்.,ta:மருதனப்பள்ளி ஊராட்சி,https://ta.wikipedia.org/wiki/மருதனப்பள்ளி_ஊராட்சி
Tamil,செலீனியம் மோனோகுளோரைடு (Selenium monochloride) என்பது Se2Cl2 என்ற மூலக்கூற்று வாய்ப்பாட்டால் விவரிக்கப்படும் ஒரு கனிம வேதியியல் சேர்மமாகும்.,ta:செலீனியம் மோனோகுளோரைடு,https://ta.wikipedia.org/wiki/செலீனியம்_மோனோகுளோரைடு
Tamil,செலீனியம் மோனோகுளோரைடு என்று அழைக்கப்பட்டாலும் இதன் சரியான விளக்கப் பெயர் டைசெலீனியம் டைகுளோரைடு என்பதாகும்.,ta:செலீனியம் மோனோகுளோரைடு,https://ta.wikipedia.org/wiki/செலீனியம்_மோனோகுளோரைடு
Tamil,"டைகுளோரோசெலீனைடு, டைசெலீனியம் டைகுளோரைடு, செலீனியம் குளோரைடு, 1,2-டைகுளோரோசெலேன் போன்ற பல பெயர்களால் செலீனியம் மோனோகுளோரைடு அழைக்கப்படுகிறது.",ta:செலீனியம் மோனோகுளோரைடு,https://ta.wikipedia.org/wiki/செலீனியம்_மோனோகுளோரைடு
Tamil,செம்பழுப்பு நிறத்தில் நீர்மமாகக் காணப்படும் இச்சேர்மம் மெல்ல நீராற்பகுப்பு அடைகிறது.,ta:செலீனியம் மோனோகுளோரைடு,https://ta.wikipedia.org/wiki/செலீனியம்_மோனோகுளோரைடு
Tamil,வீரபாண்டி (Veerapandi) என்பது இந்தியாவின் தமிழ்நாடு மாநிலத்தில் அமைந்துள்ள கோயம்புத்தூர் மாவட்டத்திலுள்ள ஒரு பேரூராட்சி ஆகும்,"ta:வீரபாண்டி பேரூராட்சி, கோயம்புத்தூர்","https://ta.wikipedia.org/wiki/வீரபாண்டி_பேரூராட்சி,_கோயம்புத்தூர்"
Tamil,மலாக்கா மாநிலத் தேர்தல் 2021 (மலாய்: Pilihan Raya Negeri Melaka 2021; ஆங்கிலம்: 2021 Malacca State Election) என்பது மலேசியாவின் மலாக்கா மாநிலத்தில் 20 நவம்பர் 2021 அன்று நடைபெற்ற மலாக்கா மாநிலச் சட்டமன்றத்தின் 15-ஆவது தேர்தலைக் குறிப்பிடுவதாகும்.,ta:மலாக்கா மாநிலத் தேர்தல் 2021,https://ta.wikipedia.org/wiki/மலாக்கா_மாநிலத்_தேர்தல்_2021
Tamil,மலாக்கா மாநிலச் சட்டமன்றத்தின் 28 சட்டமன்ற உறுப்பினர்களைத் தேர்வு செய்வதற்காக இந்தத் தேர்தல் நடைபெற்றது.,ta:மலாக்கா மாநிலத் தேர்தல் 2021,https://ta.wikipedia.org/wiki/மலாக்கா_மாநிலத்_தேர்தல்_2021
Tamil,முந்தைய சட்டமன்றம் 4 அக்டோபர் 2021 அன்று கலைக்கப்பட்டது.,ta:மலாக்கா மாநிலத் தேர்தல் 2021,https://ta.wikipedia.org/wiki/மலாக்கா_மாநிலத்_தேர்தல்_2021
Tamil,"கரக் மாவட்டம் (Karak District) (பஷ்தூ: کرک ولسوالۍ, உருது: ضِلع کرک) பாகிஸ்தான் நாட்டின் வடமேற்கில் உள்ள பக்துன்வா மாகாணத்தின் தென்மத்திய பகுதியில் அமைந்த மாவட்டங்களில் ஒன்றாகும்.",ta:கரக் மாவட்டம்,https://ta.wikipedia.org/wiki/கரக்_மாவட்டம்
Tamil,"இதன் தெற்கில் கோஹாட் மாவட்டம், வடக்கில் பன்னு மாவட்டம் மற்றும் லக்கி மார்வாத் மாவட்டம் எல்லைகளாக உள்ளது.",ta:கரக் மாவட்டம்,https://ta.wikipedia.org/wiki/கரக்_மாவட்டம்
Tamil,கைபர் பக்துன்வா மாகாணத் தலைநகரம் பெசாவரிலிருந்து 123 கிலோ மீட்டர் தொலைவில் உள்ளது.,ta:கரக் மாவட்டம்,https://ta.wikipedia.org/wiki/கரக்_மாவட்டம்
Tamil,இம்மாவட்டம் 3 வருவாய் வட்டங்களைக் கொண்டது.,ta:கரக் மாவட்டம்,https://ta.wikipedia.org/wiki/கரக்_மாவட்டம்
Tamil,சிங்கரௌலி மாவட்டம் (Singrauli district) மத்திய இந்தியாவின் மத்தியப் பிரதேச மாநிலத்தின் ஐம்பத்து ஒன்று மாவட்டங்களில் ஒன்றாகும்.,ta:சிங்கரௌலி மாவட்டம்,https://ta.wikipedia.org/wiki/சிங்கரௌலி_மாவட்டம்
Tamil,இம்மாவட்டத்தின் நிர்வாகத் தலைமையிடம் சிங்கரௌலி நகரம் ஆகும்.,ta:சிங்கரௌலி மாவட்டம்,https://ta.wikipedia.org/wiki/சிங்கரௌலி_மாவட்டம்
Tamil,இது ரேவா கோட்டத்தில் அமைந்துள்ளது.,ta:சிங்கரௌலி மாவட்டம்,https://ta.wikipedia.org/wiki/சிங்கரௌலி_மாவட்டம்
Tamil,இம்மாவட்டம் 5672 சதுர கிலோ மீட்டர் பரப்பளவு கொண்டது.,ta:சிங்கரௌலி மாவட்டம்,https://ta.wikipedia.org/wiki/சிங்கரௌலி_மாவட்டம்
Tamil,பல்கேரியா மற்றும் செர்பியா மீதான மங்கோலியப் படையெடுப்பு 1240ஆம் ஆண்டின் வசந்த காலத்தில் நடைபெற்றறது.,ta:பல்கேரியா மற்றும் செர்பியா மீதான மங்கோலியப் படையெடுப்பு,https://ta.wikipedia.org/wiki/பல்கேரியா_மற்றும்_செர்பியா_மீதான_மங்கோலியப்_படையெடுப்பு
Tamil,மங்கோலியர்களின் ஐரோப்பிய படையெடுப்பின் போது படு கான் மற்றும் கதான் தலைமையிலான மங்கோலிய தியூமன்கள் செர்பியா மற்றும் பல்கேரியா மீது படையெடுத்தன.,ta:பல்கேரியா மற்றும் செர்பியா மீதான மங்கோலியப் படையெடுப்பு,https://ta.wikipedia.org/wiki/பல்கேரியா_மற்றும்_செர்பியா_மீதான_மங்கோலியப்_படையெடுப்பு
Tamil,"மொகி யுத்தத்தில் அங்கேரியர்களை தோற்கடித்த பிறகு, குரோவாசியா, டால்மேசியா மற்றும் போஸ்னியா ஆகிய அங்கேரிய பகுதிகளுக்கு அழிவுகளை ஏற்படுத்திய பிறகு இந்த படையெடுப்பை அவர்கள் நடத்தினர்.",ta:பல்கேரியா மற்றும் செர்பியா மீதான மங்கோலியப் படையெடுப்பு,https://ta.wikipedia.org/wiki/பல்கேரியா_மற்றும்_செர்பியா_மீதான_மங்கோலியப்_படையெடுப்பு
Tamil,ஆரம்பத்தில் கதானின் துருப்புக்கள் அத்ரியாடிக் கடலின் பக்கவாட்டில் தெற்கு நோக்கி செர்பிய நிலப்பகுதிக்குள் நுழைந்தன.,ta:பல்கேரியா மற்றும் செர்பியா மீதான மங்கோலியப் படையெடுப்பு,https://ta.wikipedia.org/wiki/பல்கேரியா_மற்றும்_செர்பியா_மீதான_மங்கோலியப்_படையெடுப்பு
Tamil,இரணை இலுப்பைக்குளம் என்பது இலங்கையில் வட மாகாணத்தின் மன்னார் மாவட்டத்தில் அமைந்துள்ள ஒரு கிராமம் ஆகும்.,ta:இரணை இலுப்பைக்குளம்,https://ta.wikipedia.org/wiki/இரணை_இலுப்பைக்குளம்
Tamil,இது மடு பிரதேச செயலாளர் பிரிவில் அமைந்துள்ளது.,ta:இரணை இலுப்பைக்குளம்,https://ta.wikipedia.org/wiki/இரணை_இலுப்பைக்குளம்
Tamil,இது வவுனியாவிற்கு வடமேற்கே சுமார் 25 கிலோமீட்டர் தூரத்தில் அமைந்துள்ளது.,ta:இரணை இலுப்பைக்குளம்,https://ta.wikipedia.org/wiki/இரணை_இலுப்பைக்குளம்
Tamil,லோகா சிங் (Loha Singh)(போச்புரி: 𑂪𑂷𑂯𑂰 𑂮𑂱𑂁𑂯) காஷ்யப் எழுதிய போச்புரி நாடகம் ஆகும்.,ta:லோகா சிங் (நாடகம்),https://ta.wikipedia.org/wiki/லோகா_சிங்_(நாடகம்)
Tamil,இந்த நாடகம் லோஹா சிங் என்ற ஓய்வுபெற்ற பிரித்தானியத் தரைப்படை வீரரைச் பற்றியது.,ta:லோகா சிங் (நாடகம்),https://ta.wikipedia.org/wiki/லோகா_சிங்_(நாடகம்)
Tamil,இந்த நாடகம் அனைத்திந்திய வானொலி பட்னாவின் வழக்கமான வாராந்திர ஒலிபரப்பு அம்சமாக இருந்தது.,ta:லோகா சிங் (நாடகம்),https://ta.wikipedia.org/wiki/லோகா_சிங்_(நாடகம்)
Tamil,"தமிழா தமிழா என்பது ஜீ தமிழ் தொலைக்காட்சியில் நவம்பர் 11, 2018 ஆம் ஆண்டு முதல் ஒவ்வொரு ஞாயிற்றுக்கிழமைகளில் மதியம் 12:00 மணிக்கு ஒளிபரப்பாகும் ஒரு விவாத பேச்சு நிகழ்ச்சி ஆகும்.",ta:தமிழா தமிழா,https://ta.wikipedia.org/wiki/தமிழா_தமிழா
Tamil,விவாதங்களை மட்டறுத்து நிகழ்ச்சியினை தொகுத்து வழக்குபவர் பிரபல இயக்குநர் கரு பழனியப்பன் ஆவார்.,ta:தமிழா தமிழா,https://ta.wikipedia.org/wiki/தமிழா_தமிழா
Tamil,இந்த நிகழ்ச்சயில் ஒவ்வொரு வாரமும் ஒரு தலைப்பை எடுத்து இரு கருத்துணர்வுகளை கொண்ட மக்களை விவாதிக்க வழி வகுக்கிறது.,ta:தமிழா தமிழா,https://ta.wikipedia.org/wiki/தமிழா_தமிழா
Tamil,அப்படி விவாதித்த பின் அவர்களுக்கிடையே உள்ள இடைவெளியைக் குறைப்பதற்கான வழிகளைக் கூறுகிறது.,ta:தமிழா தமிழா,https://ta.wikipedia.org/wiki/தமிழா_தமிழா
Tamil,மண்டகத்தே பறவைகள் சரணாலயம் (Mandagadde Bird Sanctuary) இந்தியாவின் கர்நாடக மாநிலத்தில் உள்ள சிமோகா மாவட்டத்தில் அமைந்துள்ளது.,ta:மண்டகத்தே பறவைகள் சரணாலயம்,https://ta.wikipedia.org/wiki/மண்டகத்தே_பறவைகள்_சரணாலயம்
Tamil,சிமோகா நகரிலிருந்து 30 கிலோமீட்டர் தொலைவிலுள்ள மண்டகத்தே கிராமத்திற்கு அருகில் இத்தீவு அமைந்துள்ளது.,ta:மண்டகத்தே பறவைகள் சரணாலயம்,https://ta.wikipedia.org/wiki/மண்டகத்தே_பறவைகள்_சரணாலயம்
Tamil,1.14 ஏக்கர் பரப்பளவில் அமைந்துள்ள இந்தத் தீவு காடுகளாலும் துங்கா நதியாலும் சூழப்பட்டுள்ளது.,ta:மண்டகத்தே பறவைகள் சரணாலயம்,https://ta.wikipedia.org/wiki/மண்டகத்தே_பறவைகள்_சரணாலயம்
Tamil,சிமோகாவிலிருந்து தீர்த்தல்லி வரை செல்லும் தேசிய நெடுஞ்சாலைக்கு மிக அருகில் சரணாலயம் உள்ளதால் இங்கு எளிதில் சென்றடைய முடியும்.,ta:மண்டகத்தே பறவைகள் சரணாலயம்,https://ta.wikipedia.org/wiki/மண்டகத்தே_பறவைகள்_சரணாலயம்
Tamil,புனர்பூசம் என்பது இந்திய வானியலிலும் சோதிடத்திலும் இராசி சக்கரத்தில் (Zodiac) பேசப்படுகிற 27 நட்சத்திரங்களில் ஏழாவது நட்சத்திரம் ஆகும்.,ta:புனர்பூசம் (நட்சத்திரம்),https://ta.wikipedia.org/wiki/புனர்பூசம்_(நட்சத்திரம்)
Tamil,Castor மற்றும் Pollux என்று மேற்கத்திய உலகத்தில் வழக்கிலிருக்கும் பெயர்களால் அறியப்படும் இந்த இரண்டு நட்சத்திரங்களை புனர்பூசம் என்று இந்திய மரபில் சொல்லப்படுகிறது.,ta:புனர்பூசம் (நட்சத்திரம்),https://ta.wikipedia.org/wiki/புனர்பூசம்_(நட்சத்திரம்)
Tamil,"ஏறக்குறைய ஜனவரி 15 தேதிகளில் 11-30 மணி அளவிலும் இரண்டு மாதம் முன்னமேயே காலை 3-30 மணியளவிலும், இன்னும் மற்ற நாட்களில் அட்டவணைப்படியும் இவைகளைக் காணலாம்.",ta:புனர்பூசம் (நட்சத்திரம்),https://ta.wikipedia.org/wiki/புனர்பூசம்_(நட்சத்திரம்)
Tamil,பொதுவாக டிசம்பரிலிருந்து மே வரையில் இதைப்பார்க்கலாம்.,ta:புனர்பூசம் (நட்சத்திரம்),https://ta.wikipedia.org/wiki/புனர்பூசம்_(நட்சத்திரம்)
Tamil,"ஜார்ஜ் ஜென்னிங்ஸ் (George Jennings , பிறப்பு: சனவரி 14 1895 , இறப்பு: சூலை 12 1959), இங்கிலாந்து அணியின் துடுப்பாட்டக்காரர்.",ta:ஜார்ஜ் ஜென்னிங்ஸ்,https://ta.wikipedia.org/wiki/ஜார்ஜ்_ஜென்னிங்ஸ்
Tamil,இவர் எந்தவொரு தேர்வுத் துடுப்பாட்டப் போட்டியிலும் கலந்து கொள்ளவில்லை.,ta:ஜார்ஜ் ஜென்னிங்ஸ்,https://ta.wikipedia.org/wiki/ஜார்ஜ்_ஜென்னிங்ஸ்
Tamil,இருப்பினும் 20 முதல்தர துடுப்பாட்டப் போட்டிகளில் கலந்து கொண்டுள்ளார்.,ta:ஜார்ஜ் ஜென்னிங்ஸ்,https://ta.wikipedia.org/wiki/ஜார்ஜ்_ஜென்னிங்ஸ்
Tamil,"1923-1925 ஆண்டுகளில், முதல்தர துடுப்பாட்டப் போட்டிகளில் பங்குகொண்டார்.",ta:ஜார்ஜ் ஜென்னிங்ஸ்,https://ta.wikipedia.org/wiki/ஜார்ஜ்_ஜென்னிங்ஸ்
Tamil,"ராபர்ட் கூம்ப்ஸ் ( Robert Coombs , பிறப்பு: சூலை 20 1959 ), இங்கிலாந்து அணியின் துடுப்பாட்டக்காரர்.",ta:ராபர்ட் கூம்ப்ஸ்,https://ta.wikipedia.org/wiki/ராபர்ட்_கூம்ப்ஸ்
Tamil,இவர் எந்தவொரு தேர்வுத் துடுப்பாட்டப் போட்டியிலும் கலந்து கொள்ளவில்லை.,ta:ராபர்ட் கூம்ப்ஸ்,https://ta.wikipedia.org/wiki/ராபர்ட்_கூம்ப்ஸ்
Tamil,இருப்பினும் 13 முதல்தர துடுப்பாட்டப் போட்டிகளில் கலந்து கொண்டுள்ளார்.,ta:ராபர்ட் கூம்ப்ஸ்,https://ta.wikipedia.org/wiki/ராபர்ட்_கூம்ப்ஸ்
Tamil,"1985-1986 ஆண்டுகளில், முதல்தர துடுப்பாட்டப் போட்டிகளில் பங்குகொண்டார்.",ta:ராபர்ட் கூம்ப்ஸ்,https://ta.wikipedia.org/wiki/ராபர்ட்_கூம்ப்ஸ்
Tamil,""" கோவிந்த ஜெய ஜெய "" என்பது ஒரு இந்திய பக்தி மந்திரம் அல்லது பாடல் ஆகும்.",ta:கோவிந்த ஜெய ஜெய,https://ta.wikipedia.org/wiki/கோவிந்த_ஜெய_ஜெய
Tamil,"இது அபய சரணாரவிந்த பக்திவேதாந்த சுவாமி பிரபுபாதாவால் நிறுவப்பட்ட கிருஷ்ண உணர்வு இயக்கத்திலும், மற்றும் பல்வேறு யோகா பள்ளிகளிலும், பொதுவாக இந்துக்களால் அடிக்கடி பாடப்படுகிறது.",ta:கோவிந்த ஜெய ஜெய,https://ta.wikipedia.org/wiki/கோவிந்த_ஜெய_ஜெய
Tamil,"பிரபுபாதாவின் பக்தர்களான ராதா கிருஷ்ணா கோயில் (லண்டன்) ஜார்ஜ் ஹாரிசன் தயாரித்து 1971 இல் பீட்டில்ஸின் ஆப்பிள் ரெக்கார்ட் லேபிளில் வெளியிடப்பட்ட பாடல்களின் தொகுப்பிற்காக ""கோவிந்தா ஜெய் ஜெய் "" என்று முழக்கத்தை பதிவு செய்தனர்.",ta:கோவிந்த ஜெய ஜெய,https://ta.wikipedia.org/wiki/கோவிந்த_ஜெய_ஜெய
Tamil,"1970 இல், இந்த பதிவு முதலில் பக்தர்களின் பக்கமாக, "" கோவிந்தா "" என்று வெளியிடப்பட்டது.",ta:கோவிந்த ஜெய ஜெய,https://ta.wikipedia.org/wiki/கோவிந்த_ஜெய_ஜெய
Tamil,சோதின் பட்டாச்சார்யா (Jotin Bhattacharya) இந்துத்தானி இசையில் சரோத் கலைஞராவார்.,ta:ஜோதின் பட்டாச்சார்யா,https://ta.wikipedia.org/wiki/ஜோதின்_பட்டாச்சார்யா
Tamil,"இவர், அலாவுதீன் கானின் சீடராக இருந்தார்.",ta:ஜோதின் பட்டாச்சார்யா,https://ta.wikipedia.org/wiki/ஜோதின்_பட்டாச்சார்யா
Tamil,"தா நாங் (Đà Nẵng, 城舖沱灢, ) என்பது வியட்நாமின் பிரதான துறைமுக நகரங்களில் ஒன்றாகும் (மற்றவை ஹோ சி மின் நகரம் மற்றும் கைபோங்).",ta:தா நாங்,https://ta.wikipedia.org/wiki/தா_நாங்
Tamil,இதுவே வியட்நாமின் தென் மத்திய கோஸ்ட்டின் மிகப்பெரிய நகரமாகும்.,ta:தா நாங்,https://ta.wikipedia.org/wiki/தா_நாங்
Tamil,தா நாங் தென் கடலின் கரையோரமாகவும் ஹான் ஆற்றின் தொடக்க எல்லையிலும் அமைந்துள்ளது.,ta:தா நாங்,https://ta.wikipedia.org/wiki/தா_நாங்
Tamil,மத்திய வியட்நாமின் வணிக மற்றும் கல்வியின் மத்திய நிலையமாக இது விளங்குகிறது.,ta:தா நாங்,https://ta.wikipedia.org/wiki/தா_நாங்
Tamil,"அல்லிகுளம் ஊராட்சி (Alligulam Gram Panchayat), தமிழ்நாட்டின் தூத்துக்குடி மாவட்டத்தில் உள்ள தூத்துக்குடி வட்டத்தில் அமைந்துள்ளது.",ta:அல்லிகுளம் ஊராட்சி,https://ta.wikipedia.org/wiki/அல்லிகுளம்_ஊராட்சி
Tamil,"இந்த ஊராட்சி, ஒட்டப்பிடாரம் சட்டமன்றத் தொகுதிக்கும் தூத்துக்குடி மக்களவைத் தொகுதிக்கும் உட்பட்டதாகும்.",ta:அல்லிகுளம் ஊராட்சி,https://ta.wikipedia.org/wiki/அல்லிகுளம்_ஊராட்சி
Tamil,"இந்த ஊராட்சி, மொத்தம் 7 ஊராட்சி மன்றத் தொகுதிகளைக் கொண்டுள்ளது.",ta:அல்லிகுளம் ஊராட்சி,https://ta.wikipedia.org/wiki/அல்லிகுளம்_ஊராட்சி
Tamil,இவற்றில் இருந்து 7 ஊராட்சி மன்ற உறுப்பினர்களைத் தேர்ந்தெடுக்கின்றனர்.,ta:அல்லிகுளம் ஊராட்சி,https://ta.wikipedia.org/wiki/அல்லிகுளம்_ஊராட்சி
Tamil,"அங்கனூர் பிடாரி கோயில் தமிழ்நாட்டில் விழுப்புரம் மாவட்டம், அங்கனூர் என்னும் ஊரில் அமைந்துள்ள ஒரு கிராமக் கோயிலாகும்.",ta:அங்கனூர் பிடாரி கோயில்,https://ta.wikipedia.org/wiki/அங்கனூர்_பிடாரி_கோயில்
Tamil,"காம்னா ஜெத்மலானி ஒரு இந்திய நடிகை ஆவார், அவர் முதன்மையாக தெலுங்கு படங்களில் தோன்றுகிறார்.",ta:காம்னா ஜெத்மலானி,https://ta.wikipedia.org/wiki/காம்னா_ஜெத்மலானி
Tamil,"2005 ஆம் ஆண்டில் பிரேமிகுலு மூலம் அறிமுகமான அவர், தனது முதல் வணிக வெற்றியான ரனம் (2006) மூலம் அங்கீகாரத்தைப் பெற்றார்.",ta:காம்னா ஜெத்மலானி,https://ta.wikipedia.org/wiki/காம்னா_ஜெத்மலானி
Tamil,"அவர் பல தெலுங்கு படங்களில் முக்கிய வேடங்களில் நடித்தார், மேலும் தமிழ், மலையாளம் மற்றும் கன்னட படங்களிலும் தோன்றினார்.",ta:காம்னா ஜெத்மலானி,https://ta.wikipedia.org/wiki/காம்னா_ஜெத்மலானி
Tamil,"கணிதத்தில், n-ஆவது இசை எண் (harmonic number) என்பது, முதல் n இயல் எண்களின் தலைகீழிகளின் கூட்டுத்தொகையாகும்: H n = 1 + 1 2 + 1 3 + ⋯ + 1 n = ∑ k = 1 n 1 k .",ta:இசை எண்,https://ta.wikipedia.org/wiki/இசை_எண்
Tamil,பழங்காலம் முதற்கொண்டு இசை எண்கள் ஆய்வு செய்யப்பட்டு வருகின்றன; எண் கோட்பாட்டின் பல பிரிவுகளில் இசை எண்கள் முக்கியத்துவம் வாய்ந்தவையாக உள்ளன.,ta:இசை எண்,https://ta.wikipedia.org/wiki/இசை_எண்
Tamil,ரீமன் இசீட்டா சார்பியத்தோடு நெருங்கிய தொடர்புள்ளவை.,ta:இசை எண்,https://ta.wikipedia.org/wiki/இசை_எண்
Tamil,"மேலும், பல சிறப்புச் சார்புகளின் கோவைவைகளில் இடம்பெற்றுள்ளன.",ta:இசை எண்,https://ta.wikipedia.org/wiki/இசை_எண்
Tamil,ஸ்த்ரீ தர்ம பத்ததி (Strī-dharma-paddhati) என்பது 18-ஆம் நூற்றாண்டில் தஞ்சாவூரைச் சேர்ந்த த்ர்யம்பகயஜ்வன் (Tryambakayajvan) என்பவரால் சமஸ்கிருதத்தில் எழுதப்பட்ட ஒரு முக்கியமான தர்மசாஸ்திர நூலாகும்.,ta:ஸ்த்ரீ தர்ம பத்ததி,https://ta.wikipedia.org/wiki/ஸ்த்ரீ_தர்ம_பத்ததி
Tamil,இது முழுக்க முழுக்கப் பெண்களின் கடமைகள் மற்றும் நெறிமுறைகளை விளக்குவதற்காக அர்ப்பணிக்கப்பட்ட முதல் முறையான நூல் என்று கருதப்படுகிறது.,ta:ஸ்த்ரீ தர்ம பத்ததி,https://ta.wikipedia.org/wiki/ஸ்த்ரீ_தர்ம_பத்ததி
Tamil,பழங்கால இந்தியாவில் பெண்களுக்கு எனத் தனித்தனியாகப் பல தர்மங்கள் சிதறிக் கிடந்தன.,ta:ஸ்த்ரீ தர்ம பத்ததி,https://ta.wikipedia.org/wiki/ஸ்த்ரீ_தர்ம_பத்ததி
Tamil,"அவற்றைத் திரட்டி, ஒரு கையேடு போல (Manual) உருவாக்கியதே இந்த நூலின் சிறப்பம்சமாகும்.",ta:ஸ்த்ரீ தர்ம பத்ததி,https://ta.wikipedia.org/wiki/ஸ்த்ரீ_தர்ம_பத்ததி
Tamil,இராணியின் பலியாட்டம் மறுப்பு (Queen's Gambit Declined) எனும் சதுரங்கத் திறப்பு ஆட்டம் கறுப்பு வெள்ளையின் சிப்பாயை வெட்டுவதை மறுக்கும் ஆட்டமாகும்.,ta:இராணியின் பலியாட்டம் மறுப்பு,https://ta.wikipedia.org/wiki/இராணியின்_பலியாட்டம்_மறுப்பு
Tamil,இது பின்வரும் நகர்வுகளுடன் ஆரம்பிக்கின்றது.,ta:இராணியின் பலியாட்டம் மறுப்பு,https://ta.wikipedia.org/wiki/இராணியின்_பலியாட்டம்_மறுப்பு
Tamil,c4 e6 இது மரபு வழியான இராணியின் பலியாட்ட மறுப்பாகும் .,ta:இராணியின் பலியாட்டம் மறுப்பு,https://ta.wikipedia.org/wiki/இராணியின்_பலியாட்டம்_மறுப்பு
Tamil,பொதுவாக இராணியின் பலியாட்ட மறுப்பு எனும்போது மரபு வழி இராணியின் பலியாட்டமே கருதப்படுகின்றது.,ta:இராணியின் பலியாட்டம் மறுப்பு,https://ta.wikipedia.org/wiki/இராணியின்_பலியாட்டம்_மறுப்பு
Tamil,குமார சரசுவதி ஒரு பெண்பால் தமிழ்ப்புலவர்.,ta:குமார சரசுவதி,https://ta.wikipedia.org/wiki/குமார_சரசுவதி
Tamil,கிருட்டிண தேவராயர் காலத்தவர்.,ta:குமார சரசுவதி,https://ta.wikipedia.org/wiki/குமார_சரசுவதி
Tamil,இவர் பாடியனவாக இரண்டு பாடல்கள் தமிழ் நாவலர் சரிதையில் உள்ளன.,ta:குமார சரசுவதி,https://ta.wikipedia.org/wiki/குமார_சரசுவதி
Tamil,"அக்கல்குவா சட்டமன்றத் தொகுதி, மகாராஷ்டிர சட்டமன்றத்திற்கான தொகுதியாகும்.",ta:அக்கல்குவா சட்டமன்றத் தொகுதி,https://ta.wikipedia.org/wiki/அக்கல்குவா_சட்டமன்றத்_தொகுதி
Tamil,இது நந்துர்பார் மாவட்டத்தில் உள்ள 4 தொகுதிகளில் ஒன்று.,ta:அக்கல்குவா சட்டமன்றத் தொகுதி,https://ta.wikipedia.org/wiki/அக்கல்குவா_சட்டமன்றத்_தொகுதி
Tamil,இத்தொகுதி பாராளுமன்றத்திற்கு நந்துர்பார் மக்களவைத் தொகுதியில் உள்ளது.,ta:அக்கல்குவா சட்டமன்றத் தொகுதி,https://ta.wikipedia.org/wiki/அக்கல்குவா_சட்டமன்றத்_தொகுதி
Tamil,இது பிற்படுத்தப்பட்டோருக்கு ஒதுக்கப்பட்டுள்ளது.,ta:அக்கல்குவா சட்டமன்றத் தொகுதி,https://ta.wikipedia.org/wiki/அக்கல்குவா_சட்டமன்றத்_தொகுதி
Tamil,வேலம்மாள் தொழில்நுட்ப நிறுவனம் (Velammal Institute of Technology) இந்தியாவின் தமிழ்நாட்டின் திருவள்ளூர் மாவட்டத்தில் அமைந்துள்ள ஒரு தனியார் நிறுவனம் ஆகும்.,ta:வேலம்மாள் தொழில்நுட்ப நிறுவனம்,https://ta.wikipedia.org/wiki/வேலம்மாள்_தொழில்நுட்ப_நிறுவனம்
Tamil,இந்நிறுவனம் 2008ஆம் ஆண்டில் நிறுவப்பட்டது.,ta:வேலம்மாள் தொழில்நுட்ப நிறுவனம்,https://ta.wikipedia.org/wiki/வேலம்மாள்_தொழில்நுட்ப_நிறுவனம்
Tamil,தத்துவார்த்த அறிவையும் நடைமுறை திறன்களையும் வளர்ப்பதன் மூலம் மாணவர்களை பொறியியல் துறைக்கு இந்நிறுவனம் தயார்படுத்துகிறது.,ta:வேலம்மாள் தொழில்நுட்ப நிறுவனம்,https://ta.wikipedia.org/wiki/வேலம்மாள்_தொழில்நுட்ப_நிறுவனம்
Tamil,சித்தாடெக்கு (Siddhatek) என்பது இந்தியாவின் மகாராட்டிர மாநிலத்தின் மேற்குப் பகுதியில் உள்ள அகமதுநகர் மாவட்டத்தில் பீமா ஆற்றின் கரையில் அமைந்துள்ள ஒரு நகரம் ஆகும்.,ta:சித்தாடெக்கு,https://ta.wikipedia.org/wiki/சித்தாடெக்கு
Tamil,கர்ச்சத்து தாலுகாவில் இடம்பெற்றுள்ள இந்த நகரம் சிறீ சித்தி விநாயகர் கோயிலுக்கு பெயர் பெற்றறதாகும்.,ta:சித்தாடெக்கு,https://ta.wikipedia.org/wiki/சித்தாடெக்கு
Tamil,இந்த விநாயகர் வலது-தந்தம் கொண்ட அவதாரம் ஆகும்.,ta:சித்தாடெக்கு,https://ta.wikipedia.org/wiki/சித்தாடெக்கு
Tamil,மக்களால் சக்திவாய்ந்த துன்பம் நீக்குபவர் என்று நம்பப்படுகிறது.,ta:சித்தாடெக்கு,https://ta.wikipedia.org/wiki/சித்தாடெக்கு
Tamil,"Gurunathan, 1 ஆகத்து 1908 - 5 மே 1966) என்பவர் ஒரு விளையாட்டுப் பத்திரிகையாளர் மற்றும் இந்தியாவில் துடுப்பாட்ட புள்ளிவிவர முன்னோடிகளில் ஒருவர்.",ta:எஸ். கே. குருநாதன்,https://ta.wikipedia.org/wiki/எஸ்._கே._குருநாதன்
Tamil,குருநாதன் சென்னை திருவல்லிக்கேணியில் உள்ள இந்து உயர்நிலைப் பள்ளியில் படித்தார்.,ta:எஸ். கே. குருநாதன்,https://ta.wikipedia.org/wiki/எஸ்._கே._குருநாதன்
Tamil,1928 ஆம் ஆண்டு தி இந்து நாளிதழின் விளம்பரப் பிரிவில் தனது பத்திரிகை வாழ்க்கையைத் துவக்கினார்.,ta:எஸ். கே. குருநாதன்,https://ta.wikipedia.org/wiki/எஸ்._கே._குருநாதன்
Tamil,1958 முதல் இறக்கும் வரை விளையாட்டுப் பகுதியின் ஆசிரியராக இருந்தார்.,ta:எஸ். கே. குருநாதன்,https://ta.wikipedia.org/wiki/எஸ்._கே._குருநாதன்
Tamil,"பாண்டியன் கல் (Pandiyan Kallu) என்பது இந்தியாவின் கேரள மாநிலத்தின், காசர்கோடு மாவட்டத்தில் திருகநாட் கோயிலில் இருந்து இரண்டு கி.மீ.",ta:பாண்டியன் கல்,https://ta.wikipedia.org/wiki/பாண்டியன்_கல்
Tamil,தொலைவில் கடலில் உள்ள ஒரு பெரிய பாறை ஆகும்.,ta:பாண்டியன் கல்,https://ta.wikipedia.org/wiki/பாண்டியன்_கல்
Tamil,இந்தப் பாறை சாகச நீச்சல் வீர்ர்களுக்கு சவாலான ஒரு இடமாகும்.,ta:பாண்டியன் கல்,https://ta.wikipedia.org/wiki/பாண்டியன்_கல்
Tamil,"இங்கு நிலவும் ஒரு நாட்டார் கதையின் படி இந்தப் பாறை பாண்டிய மன்னனின் கப்பல் என்றும், திருகநாட் கோயிலை தாக்கிய இந்த கப்பல் கல்லாக மாறியது என்று சொல்லப்படுகிறது.",ta:பாண்டியன் கல்,https://ta.wikipedia.org/wiki/பாண்டியன்_கல்
Tamil,கிசன்போல் சட்டமன்றத் தொகுதி ( Kishanpole Assembly constituency) என்பது இந்தியாவின் இராசத்தான் மாநில சட்டமன்றத்தில் உள்ள 200 சட்டமன்றத் தொகுதிகளில் ஒன்றாகும்.,ta:கிசன்போல் சட்டமன்றத் தொகுதி,https://ta.wikipedia.org/wiki/கிசன்போல்_சட்டமன்றத்_தொகுதி
Tamil,இத்தொகுதியானது ஜெய்ப்பூர் மாவட்டத்தில் அமைந்துள்ளது.,ta:கிசன்போல் சட்டமன்றத் தொகுதி,https://ta.wikipedia.org/wiki/கிசன்போல்_சட்டமன்றத்_தொகுதி
Tamil,"கிசன்போல், ஜெய்ப்பூர் மக்களவைத் தொகுதிக்கு உட்பட்ட ஒரு சட்டமன்றத் தொகுதியாகும்.",ta:கிசன்போல் சட்டமன்றத் தொகுதி,https://ta.wikipedia.org/wiki/கிசன்போல்_சட்டமன்றத்_தொகுதி
Tamil,1795 – 11 சூலை 1833) என்பவர் நூங்கர் இன ஆத்திரேலியத் தொல்குடிப் போர் வீரர் ஆவார்.,ta:யாகன்,https://ta.wikipedia.org/wiki/யாகன்
Tamil,"ஆர்க்கிபால்ட் பட்லர் என்ற விவசாயியின் ஊழியரான எரின் என்ட்விசில் எனபவரைக் கொன்ற குற்றத்திற்காக, உள்ளூர் அதிகாரிகளால் யாகன் தேடப்பட்டார்.",ta:யாகன்,https://ta.wikipedia.org/wiki/யாகன்
Tamil,"பட்லரின் மற்றொரு பணியாளரான தாமஸ் சிமெட்லி, உருளைக்கிழங்கு மற்றும் கோழிகளைத் திருடிக்கொண்டிருந்த நூங்கர் மக்கள் குழுவைச் சுட்டு, அவர்களில் ஒருவரைக் கொன்றதற்கான பழிவாங்கும் செயலாக என்ட்விசிலை யாகன் கொன்றார்.",ta:யாகன்,https://ta.wikipedia.org/wiki/யாகன்
Tamil,யாகனை உயிருடனோ அல்லது இறந்த நிலையிலோ பிடித்துத் தருபவருக்கு அன்றைய ஆத்திரேலிய அரசு பணப் பரிசை அறிவித்தது.,ta:யாகன்,https://ta.wikipedia.org/wiki/யாகன்
Tamil,"குத்தப்பாஞ்சான் ஊராட்சி (Kuthapanchan Gram Panchayat), தமிழ்நாட்டின் திருநெல்வேலி மாவட்டத்தில் உள்ள பாப்பாக்குடி ஊராட்சி ஒன்றியத்தில் அமைந்துள்ளது.",ta:குத்தப்பாஞ்சான் ஊராட்சி,https://ta.wikipedia.org/wiki/குத்தப்பாஞ்சான்_ஊராட்சி
Tamil,"இந்த ஊராட்சி, ஆலங்குளம் சட்டமன்றத் தொகுதிக்கும் திருநெல்வேலி மக்களவைத் தொகுதிக்கும் உட்பட்டதாகும்.",ta:குத்தப்பாஞ்சான் ஊராட்சி,https://ta.wikipedia.org/wiki/குத்தப்பாஞ்சான்_ஊராட்சி
Tamil,"இந்த ஊராட்சி, மொத்தம் 7 ஊராட்சி மன்றத் தொகுதிகளைக் கொண்டுள்ளது.",ta:குத்தப்பாஞ்சான் ஊராட்சி,https://ta.wikipedia.org/wiki/குத்தப்பாஞ்சான்_ஊராட்சி
Tamil,இவற்றில் இருந்து 7 ஊராட்சி மன்ற உறுப்பினர்களைத் தேர்ந்தெடுக்கின்றனர்.,ta:குத்தப்பாஞ்சான் ஊராட்சி,https://ta.wikipedia.org/wiki/குத்தப்பாஞ்சான்_ஊராட்சி
Tamil,"மரபுவழி திருச்சபை கிறித்தவர்கள் கிழக்கு மரபுவழி திருச்சபை, கிழக்கத்திய மரபுவழி திருச்சபை ஆகிய இரு மக்கள் குழுவாகக் காணப்படுகின்றனர்.",ta:நாடுகளின் அடிப்படையில் மரபுவழி திருச்சபை,https://ta.wikipedia.org/wiki/நாடுகளின்_அடிப்படையில்_மரபுவழி_திருச்சபை
Tamil,சாதனைகள் எப்போதும் சாத்தியம்தான் நூல் கிரண் பேடியின் திகார் சிறை சீர்திருத்த அனுபவங்களின் ஆங்கில நூலின் தமிழ் மொழிபெயர்ப்பு.,ta:சாதனைகள் எப்போதும் சாத்தியம்தான் (நூல்),https://ta.wikipedia.org/wiki/சாதனைகள்_எப்போதும்_சாத்தியம்தான்_(நூல்)
Tamil,கவிதா பப்ளிகேஷன் இந்நூலை வெளியிட்டுள்ளது.,ta:சாதனைகள் எப்போதும் சாத்தியம்தான் (நூல்),https://ta.wikipedia.org/wiki/சாதனைகள்_எப்போதும்_சாத்தியம்தான்_(நூல்)
Tamil,மொழிபெயர்த்துள்ளவர் சிறந்த கவிஞரும் மொழிபெயர்ப்பாளருமான சிற்பி பாலசுப்பிரமணியம்.,ta:சாதனைகள் எப்போதும் சாத்தியம்தான் (நூல்),https://ta.wikipedia.org/wiki/சாதனைகள்_எப்போதும்_சாத்தியம்தான்_(நூல்)
Tamil,பல மாதங்களாக காலியாக இருந்த தில்லி சிறைத்துறையின் இன்ஸ்பெக்டர் ஜெனரல் (ஐ.ஜி) ஆகப் பணியில் அமர்ந்தவர் கிரண் பேடி.,ta:சாதனைகள் எப்போதும் சாத்தியம்தான் (நூல்),https://ta.wikipedia.org/wiki/சாதனைகள்_எப்போதும்_சாத்தியம்தான்_(நூல்)
Tamil,"குழந்தையின் அழுகையை நிறுத்தவும், தூங்க வைக்கவும் பாடப்படும் பாட்டு தாலாட்டு (Lullaby) ஆகும்.",ta:தாலாட்டுப் பாடல்,https://ta.wikipedia.org/wiki/தாலாட்டுப்_பாடல்
Tamil,தாலாட்டு நாட்டார் பாடல் வகைகளில் ஒன்று.,ta:தாலாட்டுப் பாடல்,https://ta.wikipedia.org/wiki/தாலாட்டுப்_பாடல்
Tamil,வாய்மொழி இலக்கியங்களாக வழங்கிவந்த தாலாட்டுக்கள் நாட்டாரியல் ஆய்வாளர்களால் சேகரிக்கப்பட்டுத் தொகுக்கப்பட்டுள்ளன.,ta:தாலாட்டுப் பாடல்,https://ta.wikipedia.org/wiki/தாலாட்டுப்_பாடல்
Tamil,"தாலாட்டை மலையாளத்தில் தாராட்டு என்றும், தெலுங்கில் ஊஞ்சோதி என்றும், கன்னடத்தில் ஜோகுல் என்றும் கூறுவர்.",ta:தாலாட்டுப் பாடல்,https://ta.wikipedia.org/wiki/தாலாட்டுப்_பாடல்
Tamil,அவ்தாசு கௌசல் (Avdhash Kaushal) இந்தியாவைச் சேர்ந்த ஒரு கல்வியாளர் ஆவார்.,ta:அவ்தாசு கௌசல்,https://ta.wikipedia.org/wiki/அவ்தாசு_கௌசல்
Tamil,சுற்றுச்சூழல் ஆர்வலராகவும் செயற்பாட்டாளராகவும் இவர் அறியப்படுகிறார்.,ta:அவ்தாசு கௌசல்,https://ta.wikipedia.org/wiki/அவ்தாசு_கௌசல்
Tamil,1986ஆம் ஆண்டு அவ்தாசு கௌசலுக்கு பத்மசிறீ விருது வழங்கப்பட்டது.,ta:அவ்தாசு கௌசல்,https://ta.wikipedia.org/wiki/அவ்தாசு_கௌசல்
Tamil,"வேங்கடத்தானூர் ஊராட்சி (Vengadathanur Gram Panchayat), தமிழ்நாட்டின் திருச்சிராப்பள்ளி மாவட்டத்தில் உள்ள துறையூர் வட்டாரத்தில் அமைந்துள்ளது.",ta:வேங்கடத்தானூர் ஊராட்சி,https://ta.wikipedia.org/wiki/வேங்கடத்தானூர்_ஊராட்சி
Tamil,"இந்த ஊராட்சி, துறையூர் சட்டமன்றத் தொகுதிக்கும் பெரம்பலூர் மக்களவைத் தொகுதிக்கும் உட்பட்டதாகும்.",ta:வேங்கடத்தானூர் ஊராட்சி,https://ta.wikipedia.org/wiki/வேங்கடத்தானூர்_ஊராட்சி
Tamil,"இந்த ஊராட்சி, மொத்தம் 7 ஊராட்சி மன்றத் தொகுதிகளைக் கொண்டுள்ளது.",ta:வேங்கடத்தானூர் ஊராட்சி,https://ta.wikipedia.org/wiki/வேங்கடத்தானூர்_ஊராட்சி
Tamil,இவற்றில் இருந்து 7 ஊராட்சி மன்ற உறுப்பினர்களைத் தேர்ந்தெடுக்கின்றனர்.,ta:வேங்கடத்தானூர் ஊராட்சி,https://ta.wikipedia.org/wiki/வேங்கடத்தானூர்_ஊராட்சி
Tamil,"மலேலு,(1886 – 1969) ஒரு வங்கி அதிகாரியாகவும், மும்பையில் உள்ள 'சர் சொராப்ஜி போச்ச்கனாவாலா வங்கியாளர் பயிற்சி கல்லூரியின்' முதல்வராகவும் பணியாற்றியவர்.",ta:ஜே. எஸ். எஸ். மலேலு,https://ta.wikipedia.org/wiki/ஜே._எஸ்._எஸ்._மலேலு
Tamil,"'இந்திய பைபிள் சங்கம்', 'சர்ச்சின் சமூகச் செயல்பாட்டிற்கான துணை அமைப்பு' ஆகியவற்றிற்கு இவர் ஆற்றிய பங்களிப்புகளுக்காக இவர் குறிப்பிடத்தக்கவராகத் திகழ்ந்தார்.",ta:ஜே. எஸ். எஸ். மலேலு,https://ta.wikipedia.org/wiki/ஜே._எஸ்._எஸ்._மலேலு
Tamil,"இந்திய சுதந்திரப் போராட்டக் காலத்தில், மலேலு இந்திய காங்கிரஸுக்குத் தனது ஆதரவை வெளிப்படையாகத் தெரிவித்ததோடு, பிரிட்டிஷ் ஆட்சியின் கொள்கைகளையும் எதிர்த்தார்.",ta:ஜே. எஸ். எஸ். மலேலு,https://ta.wikipedia.org/wiki/ஜே._எஸ்._எஸ்._மலேலு
Tamil,"ஊக்கின் விதி (Hooke's law, ஹூக்கின் விதி) என்பது ஒரு மெல்லிய கம்பி அல்லது கம்பிச் சுருள் அல்லது ரப்பர் நாண் ஓர் இழுவிசைக்கு ஆட்படுத்தப்படும் போது அதில் தோன்றும் நீட்சி மாறுபாடு (l) அதனைத் தோற்றுவிக்கும் விசைக்கு (F) நேர் வீதத்தில் இருக்கும்.",ta:ஊக்கின் விதி,https://ta.wikipedia.org/wiki/ஊக்கின்_விதி
Tamil,"இந்த விதி, பிரிடிஷ் இயற்பிலாளர் ராபர்ட் ஹூக் அவரது பெயரில் வழங்கப்படுகிறது.",ta:ஊக்கின் விதி,https://ta.wikipedia.org/wiki/ஊக்கின்_விதி
Tamil,"ஊக்கின் விதி ""மீட்சியல் எல்லைக்குள் தகைவும் திரிபும் ஒன்றுக்கொன்று நேர்விகிதத்தில் இருக்கும்"" என்று கூறுகிறது.",ta:ஊக்கின் விதி,https://ta.wikipedia.org/wiki/ஊக்கின்_விதி
Tamil,தகைவு ∝ திரிபு தகைவு = E x திரிபு தகைவு / திரிபு = E E என்பது மாறிலி ஆகும்.,ta:ஊக்கின் விதி,https://ta.wikipedia.org/wiki/ஊக்கின்_விதி
Tamil,"பருத்தியூர் ராமர் கோயில், தமிழ்நாடு, திருவாரூர் மாவட்டத்தில் உள்ள ராமர் கோயிலாகும்.",ta:பருத்தியூர் ராமர் கோயில்,https://ta.wikipedia.org/wiki/பருத்தியூர்_ராமர்_கோயில்
Tamil,பஞ்சராமர் தலங்களில் இதுவும் ஒன்றாகும்.,ta:பருத்தியூர் ராமர் கோயில்,https://ta.wikipedia.org/wiki/பருத்தியூர்_ராமர்_கோயில்
Tamil,மறைஞான தேசிகர் 16 ஆம் நூற்றாண்டில் வாழ்ந்த சைவசித்தாந்தப் பெரியார்.,ta:மறைஞான தேசிகர்,https://ta.wikipedia.org/wiki/மறைஞான_தேசிகர்
Tamil,இவர் குகை மறைஞான தேசிகன் என இவரது நூல் ஒன்றில் குறிப்பிடப்படுகிறார்.,ta:மறைஞான தேசிகர்,https://ta.wikipedia.org/wiki/மறைஞான_தேசிகர்
Tamil,சிதம்பரம் கண்கட்டி மறைஞான பண்டாரம் இவரின் ஆசிரியர்.,ta:மறைஞான தேசிகர்,https://ta.wikipedia.org/wiki/மறைஞான_தேசிகர்
Tamil,அந்தப் பண்டாரம் இருந்த மடத்தின் தலைவராகச் சிலகாலம் இருந்தவர்.,ta:மறைஞான தேசிகர்,https://ta.wikipedia.org/wiki/மறைஞான_தேசிகர்
Tamil,கொடும்பபட்டி ஊராட்சி (Kodumbapatti Gram Panchayat) தமிழ்நாட்டின் திருச்சிராப்பள்ளி மாவட்டத்தில் உள்ள மருங்காபுரி வட்டாரத்தில் அமைந்துள்ளது.,ta:கொடும்பபட்டி ஊராட்சி,https://ta.wikipedia.org/wiki/கொடும்பபட்டி_ஊராட்சி
Tamil,"இந்த ஊராட்சி, மணப்பாறை சட்டமன்றத் தொகுதிக்கும் கரூர் மக்களவைத் தொகுதிக்கும் உட்பட்டதாகும்.",ta:கொடும்பபட்டி ஊராட்சி,https://ta.wikipedia.org/wiki/கொடும்பபட்டி_ஊராட்சி
Tamil,"இந்த ஊராட்சி, மொத்தம் 7 ஊராட்சி மன்றத் தொகுதிகளைக் கொண்டுள்ளது.",ta:கொடும்பபட்டி ஊராட்சி,https://ta.wikipedia.org/wiki/கொடும்பபட்டி_ஊராட்சி
Tamil,இவற்றில் இருந்து 7 ஊராட்சி மன்ற உறுப்பினர்களைத் தேர்ந்தெடுக்கின்றனர்.,ta:கொடும்பபட்டி ஊராட்சி,https://ta.wikipedia.org/wiki/கொடும்பபட்டி_ஊராட்சி
Tamil,"சாதாபாத் சட்டமன்றத் தொகுதி, உத்தரப் பிரதேச சட்டமன்றத்திற்கான தொகுதியாகும்..",ta:சாதாபாத் சட்டமன்றத் தொகுதி,https://ta.wikipedia.org/wiki/சாதாபாத்_சட்டமன்றத்_தொகுதி
Tamil,இது ஹாத்ரஸ் மக்களவைத் தொகுதிக்கு உட்பட்டது.,ta:சாதாபாத் சட்டமன்றத் தொகுதி,https://ta.wikipedia.org/wiki/சாதாபாத்_சட்டமன்றத்_தொகுதி
Tamil,வாசிம் பரேல்வி (Wasim Barelvi) ஒரு இந்திய உருதுக் கவிஞர் ஆவார்.,ta:வாசிம் பரேல்வி,https://ta.wikipedia.org/wiki/வாசிம்_பரேல்வி
Tamil,கசல் என்பது கவிதைத் தட்டல்களுடன் கூடிய ஒரு கவிதை வடிவமாகும்.,ta:வாசிம் பரேல்வி,https://ta.wikipedia.org/wiki/வாசிம்_பரேல்வி
Tamil,இதில் இவர் மிகவும் பிரபலமாக உள்ளவா்.,ta:வாசிம் பரேல்வி,https://ta.wikipedia.org/wiki/வாசிம்_பரேல்வி
Tamil,"இவருக்கு ""ஃபிராக் சர்வதேச விருது"" வழங்கப்பட்டது.",ta:வாசிம் பரேல்வி,https://ta.wikipedia.org/wiki/வாசிம்_பரேல்வி
Tamil,"நங்கநல்லூர் இலட்சுமி நரசிம்ம நவநீத கிருஷ்ணன் கோயில் தமிழ்நாட்டில் காஞ்சிபுரம் மாவட்டம், நங்கநல்லூர் என்னும் ஊரில் அமைந்துள்ள ராமர் கோயிலாகும்.",ta:நங்கநல்லூர் இலட்சுமி நரசிம்ம நவநீத கிருஷ்ணன் கோயில்,https://ta.wikipedia.org/wiki/நங்கநல்லூர்_இலட்சுமி_நரசிம்ம_நவநீத_கிருஷ்ணன்_கோயில்
Tamil,யோகபுரம் மகா வித்தியாலயம் (Yogapuram Maha Vidyalayam) இலங்கையின் வடக்கே முல்லைத்தீவு மாவட்டத்தின் துணுக்காய் என்னும் பிரதேசத்தின் பழமையானதொரு பாடசாலை ஆகும்.,ta:யோகபுரம் மகா வித்தியாலயம்,https://ta.wikipedia.org/wiki/யோகபுரம்_மகா_வித்தியாலயம்
Tamil,"வட்டார இணைப்புத் திட்டம் (Regional Connectivity Scheme) அல்லது உதான் (UDAN - Ude Desh ka Aam Naagrik, UDAN-RCS இந்திய அரசின் வட்டார வானூர்தி நிலையங்களின் வளர்ச்சிக்கும் மேம்பாட்டிற்குமானத் திட்டமாகும்.",ta:வட்டார இணைப்புத் திட்டம் - உடான்,https://ta.wikipedia.org/wiki/வட்டார_இணைப்புத்_திட்டம்_-_உடான்
Tamil,"இதன் நோக்கமாக ""நாட்டின் பொதுக் குடிமகன் பறந்திடுக"" எனத் தீர்மானிக்கப்பட்டுள்ளது; இதன்மூலம் வான்பயணம் பரவலாகவும் அனைவருக்கும் தாங்கத் தக்கதாகவும் இருக்கும்.",ta:வட்டார இணைப்புத் திட்டம் - உடான்,https://ta.wikipedia.org/wiki/வட்டார_இணைப்புத்_திட்டம்_-_உடான்
Tamil,"தவிரவும் தேசியப் பொருளியல் மேம்பாட்டிற்கும், வேலைவாய்ப்பிற்கும் இந்தியாவின் அனைத்து வட்டாரங்களிலும் மாநிலங்களிலும் வான் போக்குவரத்து கட்டமைப்பு மேம்படவும் வழிகோலும்.",ta:வட்டார இணைப்புத் திட்டம் - உடான்,https://ta.wikipedia.org/wiki/வட்டார_இணைப்புத்_திட்டம்_-_உடான்
Tamil,"இந்தத் திட்டத்தின் துவக்கத்தின்போது 486 வானூர்தி நிலையங்களில், 406 பயன்படுத்தப்படாத நிலையங்களாக இருந்தன.",ta:வட்டார இணைப்புத் திட்டம் - உடான்,https://ta.wikipedia.org/wiki/வட்டார_இணைப்புத்_திட்டம்_-_உடான்
Tamil,இயல்புப் புணர்ச்சி என்பது சொற்களோ அல்லது சொல்லின் உறுப்புகளோ எவ்வித மாற்றமும் இல்லாமல் இயல்பாக வரும் சொற் புணர்ச்சி வகை ஆகும்.,ta:இயல்புப் புணர்ச்சி (இலக்கணம்),https://ta.wikipedia.org/wiki/இயல்புப்_புணர்ச்சி_(இலக்கணம்)
Tamil,டேனியல் பாலாஜி (Daniel Balaji) எனப்படும் டி.,ta:டேனியல் பாலாஜி,https://ta.wikipedia.org/wiki/டேனியல்_பாலாஜி
Tamil,"பாலாஜி (2 திசம்பர் 1975 – 29 மார்ச் 2024), இவரது மேடைப் பெயரான டேனியல் பாலாஜி என்பதன் மூலம் நன்கு அறியப்பட்ட ஒரு தென்னிந்திய நடிகர் ஆவார்.",ta:டேனியல் பாலாஜி,https://ta.wikipedia.org/wiki/டேனியல்_பாலாஜி
Tamil,"இவர் முக்கியமாகத் தமிழ், மலையாளத் திரைப்படங்களில் பணியாற்றினார்.",ta:டேனியல் பாலாஜி,https://ta.wikipedia.org/wiki/டேனியல்_பாலாஜி
Tamil,கலி(Kali) (Rage) 2016 ஆம் ஆண்டு வெளிவந்த இந்திய மலையாளத் திரைப்படம் ஆகும்.,ta:கலி (2016 மலையாளத் திரைப்படம்),https://ta.wikipedia.org/wiki/கலி_(2016_மலையாளத்_திரைப்படம்)
Tamil,"இத்திரைப்படத்தை சமீர் தாகீர் இணைந்து தயாரித்தும், இயக்கியும் உள்ளார்.",ta:கலி (2016 மலையாளத் திரைப்படம்),https://ta.wikipedia.org/wiki/கலி_(2016_மலையாளத்_திரைப்படம்)
Tamil,இத்திரைப்படத்தில் துல்கர் சல்மான் மற்றும் சாய் பல்லவி நடித்துள்ளனர்.,ta:கலி (2016 மலையாளத் திரைப்படம்),https://ta.wikipedia.org/wiki/கலி_(2016_மலையாளத்_திரைப்படம்)
Tamil,இத்திரைப்படம் தாகீர் மற்றும் சல்மான் நீலகாசம் பச்சகடல் சுவன்ன பூமி (2013) திரைப்படத்திற்கு அடுத்ததாக இணையும் இரண்டாவது படமாகும்.,ta:கலி (2016 மலையாளத் திரைப்படம்),https://ta.wikipedia.org/wiki/கலி_(2016_மலையாளத்_திரைப்படம்)
Tamil,மோடி விளையாட்டு கரணம் போடும் போட்டி விளையாட்டு.,ta:மோடி விளையாட்டு,https://ta.wikipedia.org/wiki/மோடி_விளையாட்டு
Tamil,"கரணம் உருளும் கரணமாகவோ, கை உன்றிப் போடும் கரணமாகவோ இருக்கும்.",ta:மோடி விளையாட்டு,https://ta.wikipedia.org/wiki/மோடி_விளையாட்டு
Tamil,மதுரை மாவட்டத்தில் தேவாங்குச் செட்டியார் வகுப்புப் பெரியவர்கள் பொங்கலுக்கு மறுநாள் இதனை விளையாடுவர்.இன்றளவும் ஈரோடு மாவட்டம் நம்பியூர் வட்டம் காவிலிபாளையம் கிராமத்தில் மாட்டு பொங்கலன்று இளைஞர்களால் மோடி எடுத்தல் விளையாடப்பட்டு வருகிறது.,ta:மோடி விளையாட்டு,https://ta.wikipedia.org/wiki/மோடி_விளையாட்டு
Tamil,ராஜசாகி மாவட்டம் (Rajshahi District) (வங்காளம்: রাজশাহী জেলা) தெற்காசியாவின் வங்காளதேச நாட்டின் அறுபத்தி நான்கு மாவட்டங்களில் ஒன்றாகும்.,ta:ராஜசாகி மாவட்டம்,https://ta.wikipedia.org/wiki/ராஜசாகி_மாவட்டம்
Tamil,இம்மாவட்டம் ராஜசாகி கோட்டத்தில் உள்ளது.,ta:ராஜசாகி மாவட்டம்,https://ta.wikipedia.org/wiki/ராஜசாகி_மாவட்டம்
Tamil,இம்மாவட்டத்தின் நிர்வாகத் தலைமையிடம் நகரம் ராஜசாகி ஒரு பெருநகர மாநகராட்சியும் ஆகும்.,ta:ராஜசாகி மாவட்டம்,https://ta.wikipedia.org/wiki/ராஜசாகி_மாவட்டம்
Tamil,"சிரிபத் கிருஷ்ணா பெல்வால்கர் ( Shripad Krishna Belvalkar 1881, நர்சோபாவாடி – 8 ஜனவரி 1967, புனே) ஓர் இந்திய சமஸ்கிருத அறிஞர், கல்வியாளர், வரலாற்றாசிரியர் மற்றும் எழுத்தாளர் ஆவார்.",ta:சிபத் கிருஷ்ணா பெல்வால்கர்,https://ta.wikipedia.org/wiki/சிபத்_கிருஷ்ணா_பெல்வால்கர்
Tamil,"இவர் 'உத்தரராமசரிதம்', 'காவ்யாதர்சம்' மற்றும் 'பகவத் கீதை' ஆகியவற்றின் மொழிபெயர்ப்புகள் மற்றும் பதிப்புகளுக்காகவும், சமஸ்கிருத இலக்கணம், இந்தியத் தத்துவம் மற்றும் இந்தியவியல் குறித்த தனது ஆராய்ச்சிகளுக்காகவும் பெரிதும் அறியப்படுகிறார்.",ta:சிபத் கிருஷ்ணா பெல்வால்கர்,https://ta.wikipedia.org/wiki/சிபத்_கிருஷ்ணா_பெல்வால்கர்
Tamil,இவர் பண்டார்கர் ஓரியண்டல் ஆராய்ச்சி நிறுவனத்தின் கௌரவச் செயலாளராகப் பணியாற்றினார்; ராமச்சந்திர தத்தாத்திரேய ரானடேவுடன் இணைந்து பணியாற்றினார்; மேலும் இவரது படைப்புகள் ஆர்வர்ட் ஓரியண்டல் தொடரின் ஒரு பகுதியாக இடம்பெற்றுள்ளன.,ta:சிபத் கிருஷ்ணா பெல்வால்கர்,https://ta.wikipedia.org/wiki/சிபத்_கிருஷ்ணா_பெல்வால்கர்
Tamil,தெல்லூரோகீட்டோன் (Telluroketone) என்பது கீட்டோனின் ஒப்புமைக் குழுவாகும்.,ta:தெல்லூரோகீட்டோன்,https://ta.wikipedia.org/wiki/தெல்லூரோகீட்டோன்
Tamil,கீட்டோனிலுள்ள ஆக்சிசன் அணு தெலூரியம் அணுவால் இடப்பெயர்ச்சி செய்யப்பட்டிருக்கும்.,ta:தெல்லூரோகீட்டோன்,https://ta.wikipedia.org/wiki/தெல்லூரோகீட்டோன்
Tamil,இம்மாற்றத்தால் வேதி வினைக்குழுவின் நிலைப்புத்தன்மை குறைகிறது.,ta:தெல்லூரோகீட்டோன்,https://ta.wikipedia.org/wiki/தெல்லூரோகீட்டோன்
Tamil,அதிகளவு கொள்ளிடமும் மின்னணு சார் நிலைப்பாடுறுதலும் இதன் நிலைத்தன்மையை மேம்படுத்த அவசியமாகின்றன.,ta:தெல்லூரோகீட்டோன்,https://ta.wikipedia.org/wiki/தெல்லூரோகீட்டோன்
Tamil,ரைசோபியம் (Rhizobium) என்பது மண்ணில் நைட்ரசன் நிலைப்படுத்துதலில் ஈடுபடக்கூடிய ஒரு பாக்டீரியா பேரினம் ஆகும்.,ta:ரைசோபியம்,https://ta.wikipedia.org/wiki/ரைசோபியம்
Tamil,இருபுற வெடிக்கனி தாவரங்களில் அவற்றின் வேர்முண்டுகளில் அவற்றின் உள்ளுறைக் கூட்டுயிராக இருந்து நைட்ரசன் நிலைப்படுத்துதலில் ஈடுபடுகிறது.,ta:ரைசோபியம்,https://ta.wikipedia.org/wiki/ரைசோபியம்
Tamil,இவ்வகை பாக்டீரியாக்கள் வேர்முண்டுகளில் இருந்து கொண்டு நைட்ரோசெனேசு என்ற நொதியின் உதவியுடன் வளிமண்டல நைட்ரசனை அமோனியாவாக மாற்றி பின்னர் குளூட்டமின் அல்லது யூரைடுகள் போன்ற கரிம நைட்ரசன் சேர்மங்களாக மாற்றி தாவரங்களுக்கு வழங்குகின்றன.,ta:ரைசோபியம்,https://ta.wikipedia.org/wiki/ரைசோபியம்
Tamil,"மாற்றாக, தாவரமானது, ஒளிச்சேர்க்கையின் மூலம் தயாரிக்கப்பட்ட கரிமச்சேர்மங்களை பாக்டீரியாக்களுக்குத் தருகிறது.",ta:ரைசோபியம்,https://ta.wikipedia.org/wiki/ரைசோபியம்
Tamil,"பள்ளத்தூர் (ஆங்கிலம்:Pallathur), இந்தியா, தமிழ்நாடு மாநிலம், சிவகங்கை மாவட்டம், காரைக்குடி வட்டத்தில் உள்ள ஓர் பேரூராட்சி ஆகும்.",ta:பள்ளத்தூர்,https://ta.wikipedia.org/wiki/பள்ளத்தூர்
Tamil,"காரைக்குடி - திருச்சிராப்பள்ளி செல்லும் நெடுஞ்சாலையில், காரைக்குடியிலிருந்து 8 கி.மீ.",ta:பள்ளத்தூர்,https://ta.wikipedia.org/wiki/பள்ளத்தூர்
Tamil,"2011-ஆம் ஆண்டு மக்கள்தொகை கணக்கெடுப்பின்படி, இப்பேரூராட்சி 2,400 வீடுகளும், 9,580 மக்கள்தொகையும் கொண்டது.",ta:பள்ளத்தூர்,https://ta.wikipedia.org/wiki/பள்ளத்தூர்
Tamil,"பரப்பும், 15 வார்டுகளும், 113 தெருக்களும் கொண்ட இப்பேரூராட்சியானது திருப்பத்தூர் சட்டமன்றத் தொகுதிக்கும், சிவகங்கை மக்களவைத் தொகுதிக்கும் உட்பட்டது.",ta:பள்ளத்தூர்,https://ta.wikipedia.org/wiki/பள்ளத்தூர்
Tamil,"Raja) என்பவர் ஒரு இந்தியத் திரைப்படத் தயாரிப்பாளர், படைப்பு உருவாக்குநர், பாடலாசிரியர் மற்றும் திரைப்பட மேம்பாட்டு ஆலோசகராக தமிழ்த் திரையுலகில் இயங்கி வருபவர் ஆவார்.",ta:ஆர். டி. ராஜா,https://ta.wikipedia.org/wiki/ஆர்._டி._ராஜா
Tamil,மேலும் இவரது திரைப்படத் தயாரிப்பு நிறுவனமான 24 ஏஎம் ஸ்டுடியோ மூலம் தயாரிக்கப்படும் தமிழ்த் திரைப்படங்களுக்காக இவர் சிறப்பாக அறியப்படுகிறார்.,ta:ஆர். டி. ராஜா,https://ta.wikipedia.org/wiki/ஆர்._டி._ராஜா
Tamil,கட்டச் சம்பா (Katta Samba) பாரம்பரிய நெல் வகைகளில் ஒன்றாகும்.,ta:கட்டச் சம்பா,https://ta.wikipedia.org/wiki/கட்டச்_சம்பா
Tamil,"பாரம்பரிய நெல் வகைகளில் மிகவும் குள்ள இரகமாக இருப்பதால், கட்டச்சம்பா என்றழைக்கப்படுகிறது.",ta:கட்டச் சம்பா,https://ta.wikipedia.org/wiki/கட்டச்_சம்பா
Tamil,இந்தப் நெற்பயிருக்கு நோய் எதிர்ப்பு சக்தி அதிகம்.,ta:கட்டச் சம்பா,https://ta.wikipedia.org/wiki/கட்டச்_சம்பா
Tamil,ஒரு ஏக்கருக்கு முப்பது மூட்டைக்கு மேல் மகசூல் தரக்கூடியது.,ta:கட்டச் சம்பா,https://ta.wikipedia.org/wiki/கட்டச்_சம்பா
Tamil,"இந்த பட்டியல் 2019 ஆம் ஆண்டின் ஒருங்கிணைந்த வருவாய் அடிப்படையில் உலகின் மிகப்பெரிய நிறுவனங்களை உள்ளடக்கியது, பார்ச்சூன் குளோபல் 500-ன் சமீபத்திய கணக்கின்படி ஜூலை 22, 2019 அன்று வெளியிடப்பட்டது.",ta:வருவாய் அடிப்படையில் மிகப்பெரிய நிறுவனங்களின் பட்டியல்கள்,https://ta.wikipedia.org/wiki/வருவாய்_அடிப்படையில்_மிகப்பெரிய_நிறுவனங்களின்_பட்டியல்கள்
Tamil,"அமெரிக்க சில்லறை விற்பனை நிறுவனமான வால்மார்ட் 2014 ஆம் ஆண்டிலிருந்து வருவாய் அடிப்படையில் உலகின் மிகப்பெரிய நிறுவனமாக இருந்து வருகிறது, 2019 ஆம் ஆண்டில் 514 பில்லியன் அமெரிக்க டாலர் வருவாய் ஈட்டியுள்ளது.",ta:வருவாய் அடிப்படையில் மிகப்பெரிய நிறுவனங்களின் பட்டியல்கள்,https://ta.wikipedia.org/wiki/வருவாய்_அடிப்படையில்_மிகப்பெரிய_நிறுவனங்களின்_பட்டியல்கள்
Tamil,"வால்மார்ட் 2002 முதல் 2005 வரை, 2007 முதல் 2008 வரை, 2010 முதல் 2017 வரை வருவாயால் உலகின் மிகப்பெரிய நிறுவனமாக இருந்தது.",ta:வருவாய் அடிப்படையில் மிகப்பெரிய நிறுவனங்களின் பட்டியல்கள்,https://ta.wikipedia.org/wiki/வருவாய்_அடிப்படையில்_மிகப்பெரிய_நிறுவனங்களின்_பட்டியல்கள்
Tamil,"இந்த பட்டியல் முதல் 50 நிறுவனங்களுக்கு மட்டுமே வரையறுக்கப்பட்டுள்ளது, இவை அனைத்தும் ஆண்டு வருமானம் 110 பில்லியன் அமெரிக்க டாலர்களை தாண்டியுள்ளது.",ta:வருவாய் அடிப்படையில் மிகப்பெரிய நிறுவனங்களின் பட்டியல்கள்,https://ta.wikipedia.org/wiki/வருவாய்_அடிப்படையில்_மிகப்பெரிய_நிறுவனங்களின்_பட்டியல்கள்
Tamil,தவசி முருங்கை (தாவர வகைப்பாடு : Justicia tranquebariensis) மூலிகை மருத்துவத்திலும் உணவுத் தயாரிப்பிலும் பயன்படும் செடியாகும்.,ta:தவசி முருங்கை,https://ta.wikipedia.org/wiki/தவசி_முருங்கை
Tamil,இது சன்னியாசி முருங்கை எனவும் அழைக்கப்படுகிறது.,ta:தவசி முருங்கை,https://ta.wikipedia.org/wiki/தவசி_முருங்கை
Tamil,வீடுகளில் வளர்க்கப்படும் இதன் துவர்ப்புச் சுவையுடையதான இலையே பயனுள்ளதாகும்.,ta:தவசி முருங்கை,https://ta.wikipedia.org/wiki/தவசி_முருங்கை
Tamil,இதன் இலை வறை செய்து உண்ணப்படுகிறது.,ta:தவசி முருங்கை,https://ta.wikipedia.org/wiki/தவசி_முருங்கை
Tamil,அரிசிங்கா தொடருந்து நிலையம் (Harisinga railway station) இந்தியாவின் வடகிழக்கு எல்லைப்புறத் தொடருந்து மண்டலத்தில் உள்ள இரங்கியா தொடருந்து கோட்டத்தின் இரங்கியா-முர்கோங்கசெலெக்கு பிரிவு தொடருந்து நிலையாகும்.,ta:அரிசிங்கா தொடருந்து நிலையம்,https://ta.wikipedia.org/wiki/அரிசிங்கா_தொடருந்து_நிலையம்
Tamil,இது அசாம் மாநிலத்தின் உதல்குரி மாவட்டம்|உதல்குரி மாவட்டத்திலுள்ள]] அரிசிங்கா கிராமத்தில் அமைந்துள்ளது.,ta:அரிசிங்கா தொடருந்து நிலையம்,https://ta.wikipedia.org/wiki/அரிசிங்கா_தொடருந்து_நிலையம்
Tamil,நகரும் அச்சு (Movable type அல்லது moveable type ) அச்சுக்கலையிலும் அச்சிடலிலும் பயன்படுத்தப்படும் ஓர் தொழினுட்பம் ஆகும்.,ta:நகரும் அச்சு,https://ta.wikipedia.org/wiki/நகரும்_அச்சு
Tamil,இத்தொழில்நுட்பத்தில் நகர்த்தக்கூடிய அச்சுக்களைப் பயன்படுத்தி ஓர் ஆவணத்தின் கூறுகளை (பொதுவாக எழுத்துருக்களும் புள்ளிகளும்) ஊடகம் (பொதுவாக காகிதம்) ஒன்றின் மேல் அச்சிடுவதாகும்.,ta:நகரும் அச்சு,https://ta.wikipedia.org/wiki/நகரும்_அச்சு
Tamil,உலகில் முதன்முதலாக காகித நூல்களில் அச்சிட நகரும் அச்சுக்களைப் பயன்படுத்தியது சீனாவின் வடக்கு சோங் ஆட்சிப்பகுதியில் இருந்த பை செங் (990–1051) என்பவராகும்; இவர் கி.பி.1040இல் பீங்கான் அச்சுக்களைப் பயன்படுத்தியிருந்தார்.,ta:நகரும் அச்சு,https://ta.wikipedia.org/wiki/நகரும்_அச்சு
Tamil,தொடர்ந்து 1377இல் கொரியாவில் இந்த நுட்பத்தை வைத்து முதலில் அச்சிடப்பட்ட நூல் வெளியானது.,ta:நகரும் அச்சு,https://ta.wikipedia.org/wiki/நகரும்_அச்சு
Tamil,குர்பச்சன் சிங் ரந்தாவா (Gurbachan Singh Randhawa) இந்தியாவைச் சேர்ந்த ஒரு தடகள வீரராவார்.,ta:குர்பச்சன் சிங் ரந்தாவா,https://ta.wikipedia.org/wiki/குர்பச்சன்_சிங்_ரந்தாவா
Tamil,1939 ஆம் ஆண்டு சூன் மாதம் 6 ஆம் தேதியன்று பஞ்சாப் மாநிலத்தின் அமிர்தசரசு நகரத்திற்கு அருகிலுள்ள நங்கிலி கிராமத்தில் இவர் பிறந்தார்.,ta:குர்பச்சன் சிங் ரந்தாவா,https://ta.wikipedia.org/wiki/குர்பச்சன்_சிங்_ரந்தாவா
Tamil,தேசிய விளையாட்டுப் போட்டிகளில் இரண்டு நாட்களில் நான்கு தேசிய சாதனைகளை படைத்தவர் என்ற சிறப்பு இவருக்கு உண்டு.,ta:குர்பச்சன் சிங் ரந்தாவா,https://ta.wikipedia.org/wiki/குர்பச்சன்_சிங்_ரந்தாவா
Tamil,1962 ஆம் ஆண்டு நடைபெற்ற ஆசிய விளையாட்டுப் போட்டிகளில் டெகாத்லான் எனப்படும் பத்துவகைப் போட்டியில் தங்கப் பதக்கம் வென்றார்.,ta:குர்பச்சன் சிங் ரந்தாவா,https://ta.wikipedia.org/wiki/குர்பச்சன்_சிங்_ரந்தாவா
Tamil,"டைரோன் ஹெண்டர்சன் (Tyron Henderson, பிறப்பு: ஆகத்து 1 1974), தென்னாப்பிரிக்க அணியின் துடுப்பாட்டக்காரர்.",ta:டைரோன் ஹெண்டர்சன்,https://ta.wikipedia.org/wiki/டைரோன்_ஹெண்டர்சன்
Tamil,இவர் எந்தவொரு தேர்வுத் துடுப்பாட்டப் போட்டியிலும் கலந்து கொள்ளவில்லை.,ta:டைரோன் ஹெண்டர்சன்,https://ta.wikipedia.org/wiki/டைரோன்_ஹெண்டர்சன்
Tamil,"இருப்பினும் 86 முதல்தர துடுப்பாட்டப் போட்டியில் போட்டிகளிலும், 114 ஏ-தர துடுப்பாட்டப் போட்டிகளிலும், 84 இருபது20 போட்டியிகளிலும் கலந்து கொண்டுள்ளார்.",ta:டைரோன் ஹெண்டர்சன்,https://ta.wikipedia.org/wiki/டைரோன்_ஹெண்டர்சன்
Tamil,"1998/99 - 2009 ஆண்டுகளில், முதல்தர துடுப்பாட்டப் போட்டிகளில் பங்குகொண்டார்.",ta:டைரோன் ஹெண்டர்சன்,https://ta.wikipedia.org/wiki/டைரோன்_ஹெண்டர்சன்
Tamil,"யூப்பாட்ரிட்டுகள் (Eupatridae, (அதாவது ""நல்ல தந்தை"", அதாவது ""உன்னத தந்தைகளின் சந்ததி"" அல்லது ""உயர் குடியில் பிறந்தவர்"") என்பவர்கள் பண்டைய கிரேக்கப்பகுதியான அட்டிகாவின் பிரபுக்களைக் குறிக்கிறது.",ta:யூப்பாட்ரிட்டுகள்,https://ta.wikipedia.org/wiki/யூப்பாட்ரிட்டுகள்
Tamil,கல்மடு என்பது இலங்கையில் வட மாகாணத்தின் மன்னார் மாவட்டத்தில் அமைந்துள்ள ஒரு கிராமம் ஆகும்.,ta:கல்மடு,https://ta.wikipedia.org/wiki/கல்மடு
Tamil,இது மடு பிரதேச செயலாளர் பிரிவில் அமைந்துள்ளது.,ta:கல்மடு,https://ta.wikipedia.org/wiki/கல்மடு
Tamil,இது வவுனியாவிற்கு வடமேற்கே சுமார் 18 கிலோமீட்டர் தூரத்தில் அமைந்துள்ளது.,ta:கல்மடு,https://ta.wikipedia.org/wiki/கல்மடு
Tamil,பிபூதிபூசன் வனவிலங்கு சரணாலயம் (Bibhutibhushan Wildlife Sanctuary) இந்தியாவின் மேற்கு வங்காள மாநிலத்தில் உள்ள வடக்கு 24 பர்கானா மாவட்டத்தில் உள்ளது.,ta:பிபூதிபூசன் வனவிலங்கு சரணாலயம்,https://ta.wikipedia.org/wiki/பிபூதிபூசன்_வனவிலங்கு_சரணாலயம்
Tamil,முன்னதாக இது பர்மதான காடு என்ற பெயரில் அறியப்பட்டது.,ta:பிபூதிபூசன் வனவிலங்கு சரணாலயம்,https://ta.wikipedia.org/wiki/பிபூதிபூசன்_வனவிலங்கு_சரணாலயம்
Tamil,தொலைவிலும் போங்கானில் இருந்து 25 கி.மீ.,ta:பிபூதிபூசன் வனவிலங்கு சரணாலயம்,https://ta.wikipedia.org/wiki/பிபூதிபூசன்_வனவிலங்கு_சரணாலயம்
Tamil,தொலைவிலும் இச்சரணாலயம் அமைந்துள்ளது.,ta:பிபூதிபூசன் வனவிலங்கு சரணாலயம்,https://ta.wikipedia.org/wiki/பிபூதிபூசன்_வனவிலங்கு_சரணாலயம்
Tamil,"மன அழுத்த நிர்வகிப்பு என்பது மன அழுத்தத்தை, குறிப்பாக நாள்பட்ட மன அழுத்தத்தை சீர்செய்தல் ஆகும்.",ta:மன அழுத்த நிர்வகிப்பு,https://ta.wikipedia.org/wiki/மன_அழுத்த_நிர்வகிப்பு
Tamil,"ஜெயசீலன், மலையாளக் கவிஞர் ஆவார்.",ta:கா. அ. ஜெயசீலன்,https://ta.wikipedia.org/wiki/கா._அ._ஜெயசீலன்
Tamil,"இவரது முழுப் பெயர், காராட்டுபறம்பில் அச்சுதன் ஜயசீலன் என்பதாகும்.",ta:கா. அ. ஜெயசீலன்,https://ta.wikipedia.org/wiki/கா._அ._ஜெயசீலன்
Tamil,இவர் 1940-ல் திருச்சூர்ர் மாவட்த்தில் பெரிங்கோட்டுகரையில் பிறந்தார்..,ta:கா. அ. ஜெயசீலன்,https://ta.wikipedia.org/wiki/கா._அ._ஜெயசீலன்
Tamil,ஐதராபாத்தில் உள்ள ஆங்கிலம் மற்றும் வேற்றுமொழிகளுக்கான மைய நிறுவனத்தில் பேராசிரியராகப் பணிபுரிகிறார்.,ta:கா. அ. ஜெயசீலன்,https://ta.wikipedia.org/wiki/கா._அ._ஜெயசீலன்
Tamil,"பாசிலோசாரசு (Basilosaurus) அல்லது சியூக்ளோடான் (Zeuglodon) மற்றும் இராச பல்லி (king lizard) எனும் இது, 34 - 40 மில்லியன் ஆண்டுகளுக்கு முன்பு இயோசீன் காலத்தின் கடைசியில் வாழ்ந்த ஆரம்பகால திமிங்கில வகையைச்சார்ந்த ஒரு பேரினமாகும்.",ta:பாசிலோசாரசு,https://ta.wikipedia.org/wiki/பாசிலோசாரசு
Tamil,"இதன் முதல் தொல்லுயிர் படிமம், ஐக்கிய அமெரிக்காவில் கண்டுபிடிக்கப்பட்டது.",ta:பாசிலோசாரசு,https://ta.wikipedia.org/wiki/பாசிலோசாரசு
Tamil,"ஆரம்பத்தில் ஒருவித ஊர்வன என்று நம்பப்பட்டாலும், பின்னர் அது ஒரு கடல் பாலூட்டியாக இருக்க வேண்டுமென்று, இவ்விடத்திலிருந்து பின்னொட்டு (suffix)- ""சாரசு"" (Saurus), மூலம் பின்னர் கண்டறியபட்டது.",ta:பாசிலோசாரசு,https://ta.wikipedia.org/wiki/பாசிலோசாரசு
Tamil,பெரிய வளையம் என்பது இந்தியாவின் தமிழ்நாடு மாநிலம் அரியலூர் மாவட்டம் உடையார்பாளயம் வட்டத்தில் உள்ள ஒரு கிராமம் ஆகும்.,ta:பெரிய வளையம்,https://ta.wikipedia.org/wiki/பெரிய_வளையம்
Tamil,இடாய்ச்சு இலக்கணம் எனப்படுவது இடாய்ச்சு மொழியின் இலக்கணம் ஆகும்.,ta:இடாய்ச்சு இலக்கணம்,https://ta.wikipedia.org/wiki/இடாய்ச்சு_இலக்கணம்
Tamil,இடாய்ச்சு இலக்கணம் சற்றுச் சிக்கலானது.,ta:இடாய்ச்சு இலக்கணம்,https://ta.wikipedia.org/wiki/இடாய்ச்சு_இலக்கணம்
Tamil,"இடாய்ச்சு இலக்கணத்தில் பெயர்ச்சொற்கள், ஆண்பால் Maskulinum (der), பெண்பால் Femininum (die), ஒன்றன்பால், (அஃறிணை) Neutrum (das) என மூன்று பால்களாகப் பிரிக்கப்படுகின்றன.",ta:இடாய்ச்சு இலக்கணம்,https://ta.wikipedia.org/wiki/இடாய்ச்சு_இலக்கணம்
Tamil,"இந்தப் பால் வேற்றுமைகள் முறையே der, die, das என்ற சுட்டிச்சொற்களால் இனம் காணப்படுகின்றன.",ta:இடாய்ச்சு இலக்கணம்,https://ta.wikipedia.org/wiki/இடாய்ச்சு_இலக்கணம்
Tamil,"மர வாத்து (Wood Duck or Carolina Duck (Aix sponsa)) அல்லது கரோலினா வாத்து என்பது தென் அமெரிக்காவில் உள்ள வண்ண மயமான, மிக அழகிய பறவைகளில் ஒன்றாகும்.",ta:மர வாத்து,https://ta.wikipedia.org/wiki/மர_வாத்து
Tamil,இந்தியாவில் 2011 நிலவரப்படி மொத்தம் 21 எண்ணெய் சுத்திகரிப்பு ஆலைகள் உள்ளன.,ta:இந்திய எண்ணெய் சுத்திகரிப்பு ஆலைகள்,https://ta.wikipedia.org/wiki/இந்திய_எண்ணெய்_சுத்திகரிப்பு_ஆலைகள்
Tamil,"அதன்படி, இந்தியாவின் மொத்த எண்ணெய் சுத்திகரிப்புத் திறனுக்காக பொதுத் துறையில் 17, தனியார் துறையில் 3 மற்றும் ஓமன் எண்ணெய் குழுமம் ஒன்றும் உள்ளன.",ta:இந்திய எண்ணெய் சுத்திகரிப்பு ஆலைகள்,https://ta.wikipedia.org/wiki/இந்திய_எண்ணெய்_சுத்திகரிப்பு_ஆலைகள்
Tamil,அவற்றை கீழ்வரும் பட்டியலில் காணலாம்.,ta:இந்திய எண்ணெய் சுத்திகரிப்பு ஆலைகள்,https://ta.wikipedia.org/wiki/இந்திய_எண்ணெய்_சுத்திகரிப்பு_ஆலைகள்
Tamil,திருநல்லூர் (Thirunallur) என்பது இந்தியாவில் உள்ள தமிழ்நாடு மாநிலத்தில் அமைந்துள்ள ஒரு கிராமம் ஆகும்.,ta:திருநல்லூர்,https://ta.wikipedia.org/wiki/திருநல்லூர்
Tamil,இக்கிராமம் தஞ்சாவூர் மாவட்டத்தில் கும்பகோணம் தாலுக்காவில் உள்ளது.,ta:திருநல்லூர்,https://ta.wikipedia.org/wiki/திருநல்லூர்
Tamil,"நவணிபள்ளிப்பட்டி (Navanipallipatty) தமிழ்நாடு நாமக்கல் மாவட்டம், நவணி தோட்டகூர்பட்டி ஊராட்சியில் அமைந்துள்ள ஒரு கிராமம்.",ta:நவணிபள்ளிப்பட்டி,https://ta.wikipedia.org/wiki/நவணிபள்ளிப்பட்டி
Tamil,சீமந்தினி 1936 ஆம் ஆண்டு வெளிவந்த தமிழ்த் திரைப்படமாகும்.,ta:சீமந்தினி,https://ta.wikipedia.org/wiki/சீமந்தினி
Tamil,எல்லிஸ் டங்கன் இயக்கத்தில் வெளிவந்த இத்திரைப்படத்தில் எம்.,ta:சீமந்தினி,https://ta.wikipedia.org/wiki/சீமந்தினி
Tamil,ராஜகோபால் மற்றும் பலர் நடித்திருந்தனர்.,ta:சீமந்தினி,https://ta.wikipedia.org/wiki/சீமந்தினி
Telugu,"వీలుపర్తి, ఆంధ్ర ప్రదేశ్ రాష్ట్రం, విజయనగరం జిల్లా, వేపాడ మండలానికి చెందిన గ్రామం.",te:వీలుపర్తి,https://te.wikipedia.org/wiki/వీలుపర్తి
Telugu,ఇది మండల కేంద్రమైన వేపాడ నుండి 3 కి.మీ.,te:వీలుపర్తి,https://te.wikipedia.org/wiki/వీలుపర్తి
Telugu,"దూరం లోను, సమీప పట్టణమైన విజయనగరం నుండి 50 కి.మీ.",te:వీలుపర్తి,https://te.wikipedia.org/wiki/వీలుపర్తి
Telugu,"2011 భారత జనగణన గణాంకాల ప్రకారం ఈ గ్రామం 236 ఇళ్లతో, 884 జనాభాతో 300 హెక్టార్లలో విస్తరించి ఉంది.",te:వీలుపర్తి,https://te.wikipedia.org/wiki/వీలుపర్తి
Telugu,"పర్చాం పార్టీ ఆఫ్ ఇండియా అనేది ప్రధానంగా ఉత్తర ప్రదేశ్, బీహార్‌లో ఉన్న రాజకీయ పార్టీ.",te:పర్చాం పార్టీ ఆఫ్ ఇండియా,https://te.wikipedia.org/wiki/పర్చాం_పార్టీ_ఆఫ్_ఇండియా
Telugu,"దీనిని ఇండియన్ ముస్లిం పొలిటికల్ కాన్ఫరెన్స్ 2003 ఏప్రిల్ 13న అలీఘర్‌లో జరిగిన ""అజ్మ్-ఎ-మిలత్"" సమావేశంలో స్థాపించింది.",te:పర్చాం పార్టీ ఆఫ్ ఇండియా,https://te.wikipedia.org/wiki/పర్చాం_పార్టీ_ఆఫ్_ఇండియా
Telugu,ఇది 2015లో స్థాపించబడిన ఉత్తరప్రదేశ్ ఇత్తెహాద్ ఫ్రంట్‌లో మిత్రపక్షంగా ఉంది.,te:పర్చాం పార్టీ ఆఫ్ ఇండియా,https://te.wikipedia.org/wiki/పర్చాం_పార్టీ_ఆఫ్_ఇండియా
Telugu,పర్చాం పార్టీ ఆఫ్ ఇండియా 2003 ఏప్రిల్ 13లో స్థాపించబడింది.,te:పర్చాం పార్టీ ఆఫ్ ఇండియా,https://te.wikipedia.org/wiki/పర్చాం_పార్టీ_ఆఫ్_ఇండియా
Telugu,విశ్వనాథ్ కులకర్ణి (జననం 1992 ఫిబ్రవరి 11) ఒక భారతీయ నటుడు.,te:విశ్వనాథ్ కులకర్ణి,https://te.wikipedia.org/wiki/విశ్వనాథ్_కులకర్ణి
Telugu,"ఆయన ప్రధానంగా మరాఠీ, హిందీ భాషా చిత్రాలు, వెబ్ సిరీస్లు, టెలివిజన్ సీరియల్స్ లలో పనిచేస్తున్నాడు.",te:విశ్వనాథ్ కులకర్ణి,https://te.wikipedia.org/wiki/విశ్వనాథ్_కులకర్ణి
Telugu,2018లో విడుదలైన మరాఠీ చిత్రం ముల్షి ప్యాటర్న్ లో తన పాత్రకు ఆయన ప్రసిద్ధి చెందాడు.,te:విశ్వనాథ్ కులకర్ణి,https://te.wikipedia.org/wiki/విశ్వనాథ్_కులకర్ణి
Telugu,"ఆయన మేరే సాయి లో హేమంత్, యోగ్యేశ్వర్ జై శంకర్ లో ఓంకారనాథ్ భస్మే పాత్రలను పోషించాడు.",te:విశ్వనాథ్ కులకర్ణి,https://te.wikipedia.org/wiki/విశ్వనాథ్_కులకర్ణి
Telugu,"వివేక్ రంజన్ అగ్నిహోత్రి ఒక భారతీయ చలన చిత్ర దర్శకుడు, స్క్రీన్ రైటర్, రచయితగా హిందీ సినిమాల్లో పనిచేస్తున్నాడు.",te:వివేక్ అగ్నిహోత్రి,https://te.wikipedia.org/wiki/వివేక్_అగ్నిహోత్రి
Telugu,"ఆయన భారత సెంట్రల్ బోర్డ్ ఆఫ్ ఫిల్మ్ సర్టిఫికేషన్ బోర్డు సభ్యుడు, ఇండియన్ కౌన్సిల్ ఫర్ కల్చరల్ రిలేషన్స్‌లో భారతీయ సినిమా సాంస్కృతిక ప్రతినిధిగా ఉన్నాడు.",te:వివేక్ అగ్నిహోత్రి,https://te.wikipedia.org/wiki/వివేక్_అగ్నిహోత్రి
Telugu,అతను ది తాష్కెంట్ ఫైల్స్ (2019) చిత్రంలో ఉత్తమ స్క్రీన్ ప్లే - డైలాగ్స్ కై జాతీయ చలనచిత్ర అవార్డును గెలుచుకున్నాడు.,te:వివేక్ అగ్నిహోత్రి,https://te.wikipedia.org/wiki/వివేక్_అగ్నిహోత్రి
Telugu,అగ్నిహోత్రి అడ్వర్టోరియల్ ఏజెన్సీలతో తన వృత్తిని ప్రారంభించాడు.,te:వివేక్ అగ్నిహోత్రి,https://te.wikipedia.org/wiki/వివేక్_అగ్నిహోత్రి
Telugu,మధురపూడి గ్రామం అనే నేను 2023లో విడుదలైన తెలుగు సినిమా.,te:మధురపూడి గ్రామం అనే నేను,https://te.wikipedia.org/wiki/మధురపూడి_గ్రామం_అనే_నేను
Telugu,"జి రాంబాబు యాదవ్ సమర్పణలో లైట్ హౌస్ సినీ మ్యాజిక్ బ్యానర్‌పై కేఎస్ శంకర్ రావు, ఆర్ వెంకటేశ్వరరావు నిర్మించిన ఈ సినిమాకు మల్లి ద‌ర్శ‌క‌త్వం వ‌హించాడు.",te:మధురపూడి గ్రామం అనే నేను,https://te.wikipedia.org/wiki/మధురపూడి_గ్రామం_అనే_నేను
Telugu,"శివ కంఠ‌మ‌నేని, క్యాథ‌లిన్ గౌడ, భ‌ర‌ణి శంక‌ర్‌, స‌త్య‌, నూక‌రాజు ప్రధాన పాత్ర‌ల్లో నటించిన ఈ సినిమా ట్రైల‌ర్‌ను దర్శకుడు బాబీ విడుద‌ల చేయగా, సినిమాను అక్టోబ‌రు 13న విడుదల చేశారు.",te:మధురపూడి గ్రామం అనే నేను,https://te.wikipedia.org/wiki/మధురపూడి_గ్రామం_అనే_నేను
Telugu,"పల్లెతుమ్మలపాలెం, (పి.టి.పాలెం.) కృష్ణా జిల్లా, మచిలీపట్నం దక్షిణ మండలానికి చెందిన గ్రామం.",te:పల్లెతుమ్మలపాలెం,https://te.wikipedia.org/wiki/పల్లెతుమ్మలపాలెం
Telugu,ఇది మండల కేంద్రమైన మచిలీపట్నం నుండి 30 కి.,te:పల్లెతుమ్మలపాలెం,https://te.wikipedia.org/wiki/పల్లెతుమ్మలపాలెం
Telugu,"2011 భారత జనగణన గణాంకాల ప్రకారం ఈ గ్రామం 764 ఇళ్లతో, 2567 జనాభాతో 9549 హెక్టార్లలో విస్తరించి ఉంది.",te:పల్లెతుమ్మలపాలెం,https://te.wikipedia.org/wiki/పల్లెతుమ్మలపాలెం
Telugu,"గ్రామంలో మగవారి సంఖ్య 1307, ఆడవారి సంఖ్య 1260.",te:పల్లెతుమ్మలపాలెం,https://te.wikipedia.org/wiki/పల్లెతుమ్మలపాలెం
Telugu,కాకుత్సం శేషప్పకవి తెలంగాణ ప్రాంతానికి చెందిన తెలుగు కవి.,te:కాకుత్థ్సం శేషప్పకవి,https://te.wikipedia.org/wiki/కాకుత్థ్సం_శేషప్పకవి
Telugu,తెలంగాణలోని కరీంనగర్ జిల్లాలోని ధర్మపురి ప్రాంతానికి చెందినవాడు.,te:కాకుత్థ్సం శేషప్పకవి,https://te.wikipedia.org/wiki/కాకుత్థ్సం_శేషప్పకవి
Telugu,ధర్మపురిలోని నరసింహాస్వామికి జీవితాన్ని అంకితం చేసినవాడు.,te:కాకుత్థ్సం శేషప్పకవి,https://te.wikipedia.org/wiki/కాకుత్థ్సం_శేషప్పకవి
Telugu,శతక సాహిత్యంలో ప్రముఖ స్థానం పొందిన నరసింహ శతకం రాసిన కవి .,te:కాకుత్థ్సం శేషప్పకవి,https://te.wikipedia.org/wiki/కాకుత్థ్సం_శేషప్పకవి
Telugu,"బొందలగరువు, బాపట్ల జిల్లా, రేపల్లె మండలానికి చెందిన రెవెన్యూయేతర గ్రామం.",te:బొందలగరువు,https://te.wikipedia.org/wiki/బొందలగరువు
Telugu,"ఈ గ్రామానికి చెందిన బండ్రెడ్డి సత్యనారాయణ (80), 1969 నుండి మూడు సార్లు గ్రామ సర్పంచిగా పోటీచేసి గెలిచారు",te:బొందలగరువు,https://te.wikipedia.org/wiki/బొందలగరువు
Telugu,"చీలాపూర్, తెలంగాణ రాష్ట్రం, సిద్ధిపేట జిల్లా, బెజ్జంకి మండలంలోని గ్రామం.",te:చీలాపూర్ (బెజ్జంకి),https://te.wikipedia.org/wiki/చీలాపూర్_(బెజ్జంకి)
Telugu,ఇది మండల కేంద్రమైన బెజ్జంకి నుండి 3 కి.,te:చీలాపూర్ (బెజ్జంకి),https://te.wikipedia.org/wiki/చీలాపూర్_(బెజ్జంకి)
Telugu,"దూరం లోను, సమీప పట్టణమైన కరీంనగర్ నుండి 43 కి.",te:చీలాపూర్ (బెజ్జంకి),https://te.wikipedia.org/wiki/చీలాపూర్_(బెజ్జంకి)
Telugu,"కోమర్రు, ఏలూరు జిల్లా, ముదినేపల్లి మండలానికి చెందిన గ్రామం.ఇది మండల కేంద్రమైన ముదినేపల్లి నుండి 5 కి.",te:కోమర్రు,https://te.wikipedia.org/wiki/కోమర్రు
Telugu,"దూరం లోను, సమీప పట్టణమైన గుడివాడ నుండి 18 కి.",te:కోమర్రు,https://te.wikipedia.org/wiki/కోమర్రు
Telugu,"2011 భారత జనగణన గణాంకాల ప్రకారం ఈ గ్రామం 242 ఇళ్లతో, 840 జనాభాతో 275 హెక్టార్లలో విస్తరించి ఉంది.",te:కోమర్రు,https://te.wikipedia.org/wiki/కోమర్రు
Telugu,"గ్రామంలో మగవారి సంఖ్య 434, ఆడవారి సంఖ్య 406.",te:కోమర్రు,https://te.wikipedia.org/wiki/కోమర్రు
Telugu,"కొడైకెనాల్ సరస్సు, కొడైకెనాల్ పట్టణంలోని మానవ నిర్మితమైన, అతి ప్రసిద్ధమైన సరస్సు.",te:కొడైకెనాల్ సరస్సు,https://te.wikipedia.org/wiki/కొడైకెనాల్_సరస్సు
Telugu,తమిళనాడు రాష్ట్రంలోని దిండిగల్ జిల్లాలో ఉంది ఈ పట్టణం.,te:కొడైకెనాల్ సరస్సు,https://te.wikipedia.org/wiki/కొడైకెనాల్_సరస్సు
Telugu,ఈ సరస్సును 1863 లో అప్పటి మదురై కలెక్టర్ సర్ వెరే హెన్రీ లెవింగ్ నిర్మించాడు.,te:కొడైకెనాల్ సరస్సు,https://te.wikipedia.org/wiki/కొడైకెనాల్_సరస్సు
Telugu,"ఈ పట్టణాన్ని కూడా బ్రిటీష్ అధికారులు, మిషనరీలు ఎక్కువగా అభివృద్ధి చేశారు.",te:కొడైకెనాల్ సరస్సు,https://te.wikipedia.org/wiki/కొడైకెనాల్_సరస్సు
Telugu,"మొఘల్ చక్రవర్తి జహందర్ షా (మే 10, 1661 - ఫిబ్రవరి 12, 1713) స్వల్పకాలం మాత్రమే (1712-1713) రాజ్యపాలన చేసాడు.",te:జహందర్ షా,https://te.wikipedia.org/wiki/జహందర్_షా
Telugu,"ఆయనకు "" షహన్‌షా - ఐ - ఘజి అబ్దుల్ ఫాత్ ముఇజ్- ఉద్- దీన్ ముహమ్మద్ - జహందర్ - షా - సాహిబ్- ఐ- కురాన్ పాద్షా - జహన్ "" (ఖుల్ద్ ఆర్ంగా) బిరుదు ఉంది.",te:జహందర్ షా,https://te.wikipedia.org/wiki/జహందర్_షా
Telugu,"టామర్ హగ్గిన్స్ (జననం జనవరి 7, 1986) టొరంటోకు చెందిన కెనడియన్ టెక్ ఎంటర్ ప్రెన్యూర్, రచయిత, విద్యావేత్త.",te:టామర్ హగ్గిన్స్,https://te.wikipedia.org/wiki/టామర్_హగ్గిన్స్
Telugu,"వైవిధ్యం, సమానత్వం, కెనడాలో బ్లాక్ టెక్ ఎకోసిస్టమ్ అభివృద్ధికి మార్గదర్శకురాలు.",te:టామర్ హగ్గిన్స్,https://te.wikipedia.org/wiki/టామర్_హగ్గిన్స్
Telugu,హగ్గిన్స్ కెనడాలో తక్కువ ప్రాతినిధ్యం కలిగిన వ్యవస్థాపకుల కోసం మొట్టమొదటి టెక్ యాక్సిలరేటర్ గ్రూప్ను స్థాపించారు.,te:టామర్ హగ్గిన్స్,https://te.wikipedia.org/wiki/టామర్_హగ్గిన్స్
Telugu,"నల్లజాతి యువత, బాలికలు, ఇతర రంగుల యువత కోసం కెనడాలోని మొట్టమొదటి టెక్నాలజీ పాఠశాల అయిన టెక్ స్పార్క్ ను కూడా ఆమె స్థాపించారు.",te:టామర్ హగ్గిన్స్,https://te.wikipedia.org/wiki/టామర్_హగ్గిన్స్
Telugu,ఆధునిక ప్రామాణిక హిందీ లేదా ప్రామాణిక ఉర్దూ జాతీయ భాష ఎంచుకోవాలా అనే దానిపై 19వ శతాబ్దపు బ్రిటిష్ ఇండియా తలెత్తిన వివాదం హిందీ-ఉర్దూ వివాదం.,te:హిందీ-ఉర్దూ వివాదం,https://te.wikipedia.org/wiki/హిందీ-ఉర్దూ_వివాదం
Telugu,ఇది బ్రిటిష్ ఇండియా ప్రధాన హిందూ-ముస్లిం సమస్యలలో ఒకటిగా పరిగణించబడుతుంది.,te:హిందీ-ఉర్దూ వివాదం,https://te.wikipedia.org/wiki/హిందీ-ఉర్దూ_వివాదం
Telugu,"హిందీ, ఉర్దూ పరస్పరం అర్థం చేసుకోగల హిందుస్థానీ భాష ప్రామాణిక రిజిస్టర్లు (హిందీ-ఉర్దూ అని కూడా పిలుస్తారు).",te:హిందీ-ఉర్దూ వివాదం,https://te.wikipedia.org/wiki/హిందీ-ఉర్దూ_వివాదం
Telugu,"అయితే, భాషను వ్రాయడానికి ఉపయోగించే సంబంధిత వ్రాత వ్యవస్థలు భిన్నంగా ఉంటాయి: హిందీ బ్రాహ్మిక లిపుల దేవనాగరి రూపాంతరంలో వ్రాయబడుతుంది, అయితే ఉర్దూ అరబిక్ లిపి సవరించిన నస్తాలిక్ రూపాంతరాన్ని ఉపయోగించి వ్రాయబడుతుంది.",te:హిందీ-ఉర్దూ వివాదం,https://te.wikipedia.org/wiki/హిందీ-ఉర్దూ_వివాదం
Telugu,"శివశక్తి 1980, డిసెంబరు 24న విడుదలైన తెలుగు భక్తి సినిమా.",te:శివశక్తి (1980 సినిమా),https://te.wikipedia.org/wiki/శివశక్తి_(1980_సినిమా)
Telugu,కమలాకర కామేశ్వరరావు దర్శకత్వం వహించిన ఈ సినిమాను సి.ఎల్.మనోహరి నారాయణ ఆర్ట్ మూవీస్ బ్యానర్‌పై నిర్మించింది.,te:శివశక్తి (1980 సినిమా),https://te.wikipedia.org/wiki/శివశక్తి_(1980_సినిమా)
Telugu,రణతంబోర్ కోట భారతదేశంలోని రాజస్థాన్ సవాయి మాధోపూర్ జిల్లా సవాయి మాథోపూర్ నగరానికి సమీపంలో ఉన్న రణథంబోర్ నేషనల్ పార్క్ లోపల ఉంది.,te:రణతంబోర్ కోట,https://te.wikipedia.org/wiki/రణతంబోర్_కోట
Telugu,ఈ ఉద్యానవనం భారతదేశానికి స్వాతంత్ర్యం వచ్చే వరకు జైపూర్ మహారాజుల పూర్వ వేట మైదానంగా ఉండేది.,te:రణతంబోర్ కోట,https://te.wikipedia.org/wiki/రణతంబోర్_కోట
Telugu,ఇది రాజస్థాన్ చారిత్రక అభివృద్ధికి కేంద్ర బిందువుగా ఉన్న బలీయమైన కోట.,te:రణతంబోర్ కోట,https://te.wikipedia.org/wiki/రణతంబోర్_కోట
Telugu,"ఈ కోట చుట్టుపక్కల ఉన్న రణతంబోర్ నేషనల్ పార్క్ విస్తృత దృశ్యాన్ని అందిస్తుంది, ఇప్పుడు ఒక ప్రసిద్ధ పర్యాటక ఆకర్షణగా ఉంది.",te:రణతంబోర్ కోట,https://te.wikipedia.org/wiki/రణతంబోర్_కోట
Telugu,"తాండూరు, తెలంగాణ రాష్ట్రం, మంచిర్యాల జిల్లా, తాండూరు మండలానికి చెందిన గ్రామం.",te:తాండూరు (మంచిర్యాల జిల్లా),https://te.wikipedia.org/wiki/తాండూరు_(మంచిర్యాల_జిల్లా)
Telugu,ఇది సమీప పట్టణమైన బెల్లంపల్లి నుండి 10 కి.,te:తాండూరు (మంచిర్యాల జిల్లా),https://te.wikipedia.org/wiki/తాండూరు_(మంచిర్యాల_జిల్లా)
Telugu,2016 అక్టోబరు 11 న చేసిన తెలంగాణ జిల్లాల పునర్వ్యవస్థీకరణకు ముందు ఈ గ్రామం పాత ఆదిలాబాద్ జిల్లా లోని ఇదే మండలంలో ఉండేది.,te:తాండూరు (మంచిర్యాల జిల్లా),https://te.wikipedia.org/wiki/తాండూరు_(మంచిర్యాల_జిల్లా)
Telugu,"గంభీర్‌పూర్, తెలంగాణ రాష్ట్రం, సిద్ధిపేట జిల్లా, దుబ్బాక మండలంలోని గ్రామం.",te:గంభీర్‌పూర్ (దుబ్బాక),https://te.wikipedia.org/wiki/గంభీర్‌పూర్_(దుబ్బాక)
Telugu,ఇది మండల కేంద్రమైన దుబ్బాక నుండి 10 కి.,te:గంభీర్‌పూర్ (దుబ్బాక),https://te.wikipedia.org/wiki/గంభీర్‌పూర్_(దుబ్బాక)
Telugu,"దూరం లోను, సమీప పట్టణమైన సిద్ధిపేట నుండి 35 కి.",te:గంభీర్‌పూర్ (దుబ్బాక),https://te.wikipedia.org/wiki/గంభీర్‌పూర్_(దుబ్బాక)
Telugu,బెంజీన్ ఒక ముఖ్యమైన సేంద్రియ రసాయన సంయోగ పదార్థం.,te:బెంజీన్,https://te.wikipedia.org/wiki/బెంజీన్
Telugu,ఇది ఆరోమాటిక్ వర్గానికి చెందిన హైడ్రోకార్బన్.,te:బెంజీన్,https://te.wikipedia.org/wiki/బెంజీన్
Telugu,"బెంజీన్ యొక్క రసాయన సంకేత పదంC6H6.ఒక అణువు బెంజీన్ లో ఆరు కార్బను, ఆరు హైడ్రోజన్ పరమాణువులు ఆరుభుజాలతోఒక వలయంలా ఏర్పడి ఉండును.ముడి పెట్రోలియంలో స్వాభావికంగా ఉండు పదార్థం బెంజీన్.",te:బెంజీన్,https://te.wikipedia.org/wiki/బెంజీన్
Telugu,"బెంజీన్ అణువులోని కార్బన్ పరమాణువుల మధ్య ఉన్న చక్రీయ అనియత పై బంధం (pi bond) కారణంగా బెంజీన్‌ను ఆరోమాటిక్ హైడ్రోకార్బన్ గా వర్గీకరించడమైనది.బెంజీన్ రంగులేని, అత్యంత వేగంగా మండుస్వాభావమున్న ద్రవం, ద్రావణి.",te:బెంజీన్,https://te.wikipedia.org/wiki/బెంజీన్
Telugu,"మునిసురేష్ పిళ్లె పాత్రికేయుడు, తెలుగు రచయిత.",te:కె.ఎ. మునిసురేష్ పిళ్లె,https://te.wikipedia.org/wiki/కె.ఎ._మునిసురేష్_పిళ్లె
Telugu,పూర్వ చిత్తూరు జిల్లా శ్రీకాళహస్తిలో పుట్టి పెరిగారు.,te:కె.ఎ. మునిసురేష్ పిళ్లె,https://te.wikipedia.org/wiki/కె.ఎ._మునిసురేష్_పిళ్లె
Telugu,"ఆదర్శిని పత్రికా సంపాదకులు ఆరంబాకం ఎల్లయ్య, భారతమ్మ వీరి తల్లిదండ్రులు.",te:కె.ఎ. మునిసురేష్ పిళ్లె,https://te.wikipedia.org/wiki/కె.ఎ._మునిసురేష్_పిళ్లె
Telugu,వృత్తిరీత్యా హైదరాబాదులో స్థిరపడ్డారు.,te:కె.ఎ. మునిసురేష్ పిళ్లె,https://te.wikipedia.org/wiki/కె.ఎ._మునిసురేష్_పిళ్లె
Telugu,తెలుగు వెలుగులు పుస్తకం గతంలో ఆంధ్రసచిత్ర వారపత్రికలో తెలుగు ప్రముఖుల గురించి ధారావాహికగా ప్రచురించిన వ్యాసాల సంకలనం.,te:తెలుగు వెలుగులు,https://te.wikipedia.org/wiki/తెలుగు_వెలుగులు
Telugu,తెహట్టా శాసనసభ నియోజకవర్గం పశ్చిమ బెంగాల్ రాష్ట్రంలోని శాసనసభ నియోజకవర్గాలలో ఒకటి.,te:తెహట్టా శాసనసభ నియోజకవర్గం,https://te.wikipedia.org/wiki/తెహట్టా_శాసనసభ_నియోజకవర్గం
Telugu,"ఈ నియోజకవర్గం నదియా జిల్లా, కృష్ణానగర్ లోక్‌సభ నియోజకవర్గం పరిధిలోని ఏడు శాసనసభ నియోజకవర్గాల్లో ఒకటి.",te:తెహట్టా శాసనసభ నియోజకవర్గం,https://te.wikipedia.org/wiki/తెహట్టా_శాసనసభ_నియోజకవర్గం
Telugu,"శ్రీకొలను ఆంధ్ర ప్రదేశ్ రాష్ట్రం, శ్రీ పొట్టి శ్రీరాములు నెల్లూరు జిల్లా, అనుమసముద్రంపేట మండలం లోని గ్రామం.",te:శ్రీకొలను,https://te.wikipedia.org/wiki/శ్రీకొలను
Telugu,ఇది మండల కేంద్రమైన అనుమసముద్రంపేట నుండి 13 కి.,te:శ్రీకొలను,https://te.wikipedia.org/wiki/శ్రీకొలను
Telugu,"దూరం లోను, సమీప పట్టణమైన నెల్లూరు నుండి 49 కి.",te:శ్రీకొలను,https://te.wikipedia.org/wiki/శ్రీకొలను
Telugu,"2011 భారత జనగణన గణాంకాల ప్రకారం ఈ గ్రామం 490 ఇళ్లతో, 1964 జనాభాతో 1879 హెక్టార్లలో విస్తరించి ఉంది.",te:శ్రీకొలను,https://te.wikipedia.org/wiki/శ్రీకొలను
Telugu,"వైశాలి దేశాయ్ భారతీయ నటి, మోడల్, అందాల పోటీ టైటిల్ హోల్డర్.",te:వైశాలి దేశాయ్,https://te.wikipedia.org/wiki/వైశాలి_దేశాయ్
Telugu,ఆమె ప్రముఖ చిత్రనిర్మాత మన్మోహన్ దేశాయ్ మనవరాలు.,te:వైశాలి దేశాయ్,https://te.wikipedia.org/wiki/వైశాలి_దేశాయ్
Telugu,ఆమె ఫెమినా మిస్ ఇండియా ఇంటర్నేషనల్ 2005 టైటిల్ గెలుచుకుంది.,te:వైశాలి దేశాయ్,https://te.wikipedia.org/wiki/వైశాలి_దేశాయ్
Telugu,టోక్యోలో జరిగిన మిస్ ఇంటర్నేషనల్ 2006 పోటీలో భారతదేశానికి ప్రాతినిధ్యం వహించింది.,te:వైశాలి దేశాయ్,https://te.wikipedia.org/wiki/వైశాలి_దేశాయ్
Telugu,"పాకివలస శ్రీకాకుళం జిల్లా, కోటబొమ్మాళి మండలం లోని గ్రామం.",te:పాకివలస,https://te.wikipedia.org/wiki/పాకివలస
Telugu,ఇది మండల కేంద్రమైన కోటబొమ్మాళి నుండి 3 కి.,te:పాకివలస,https://te.wikipedia.org/wiki/పాకివలస
Telugu,"దూరం లోను, సమీప పట్టణమైన పలాస-కాశీబుగ్గ నుండి 38 కి.",te:పాకివలస,https://te.wikipedia.org/wiki/పాకివలస
Telugu,"2011 భారత జనగణన గణాంకాల ప్రకారం ఈ గ్రామం 550 ఇళ్లతో, 2166 జనాభాతో 475 హెక్టార్లలో విస్తరించి ఉంది.",te:పాకివలస,https://te.wikipedia.org/wiki/పాకివలస
Telugu,"ఉబ్బి, బాగా సాగి, మెలికలు తిరిగి ఉండే సిరలును ఉబ్బుసిరలు (వేరికోస్ వీన్స్) అని అంటారు.",te:ఉబ్బు సిరలు,https://te.wikipedia.org/wiki/ఉబ్బు_సిరలు
Telugu,"సిరలలో రక్త ప్రవాహానికి అడ్డులున్నా, సిరల కవాటాలు సరిగ్గా పనిచేయక రక్తం తిరోగమనంగా ప్రవహించినా సిరలు సాగి, ఉబ్బి మెలికలు తిరుగుతాయి.",te:ఉబ్బు సిరలు,https://te.wikipedia.org/wiki/ఉబ్బు_సిరలు
Telugu,ఉబ్బుసిరలు చర్మం కింద ఉన్నపుడు అవి మనకు కనిపిస్తాయి.,te:ఉబ్బు సిరలు,https://te.wikipedia.org/wiki/ఉబ్బు_సిరలు
Telugu,"ఇవి శరీరం లోపల అన్నవాహిక, జీర్ణాశయం వంటి అవయవాల్లో కూడా కలుగవచ్చు.",te:ఉబ్బు సిరలు,https://te.wikipedia.org/wiki/ఉబ్బు_సిరలు
Telugu,"బెనిచంద్ర జమాటియా (1930 – 14 డిసెంబర్ 2020) త్రిపురి భారతీయ జానపద రచయిత, సాహిత్యవేత్త, త్రిపురలో సాహిత్యం, విద్యా రంగాలకు చేసిన కృషికి ప్రసిద్ధి చెందారు.",te:బెనిచంద్ర జమాటియా,https://te.wikipedia.org/wiki/బెనిచంద్ర_జమాటియా
Telugu,మొదటిసారిగా కోక్ బోరోక్ భాషలో పశ్చిమ బెంగాల్ బౌల్ గాన సంప్రదాయాన్ని పరిచయం చేసిన ఘనత ఆయనదే.,te:బెనిచంద్ర జమాటియా,https://te.wikipedia.org/wiki/బెనిచంద్ర_జమాటియా
Telugu,2020లో ఆయనకు భారతదేశంలో నాల్గవ అత్యున్నత పౌర పురస్కారం పద్మశ్రీ (2020) లభించింది.,te:బెనిచంద్ర జమాటియా,https://te.wikipedia.org/wiki/బెనిచంద్ర_జమాటియా
Telugu,అతను 14 డిసెంబర్ 2020న తన స్వగృహంలో మరణించాడు.,te:బెనిచంద్ర జమాటియా,https://te.wikipedia.org/wiki/బెనిచంద్ర_జమాటియా
Telugu,"ఉన్నవ లక్ష్మీబాయమ్మ, ప్రసిద్ధ సంఘ సేవకురాలు.",te:లక్ష్మీబాయమ్మ,https://te.wikipedia.org/wiki/లక్ష్మీబాయమ్మ
Telugu,"ద్రోణంరాజు లక్ష్మీబాయమ్మ, స్వాతంత్ర్య సమరయోధురాలు, కవయిత్రి.",te:లక్ష్మీబాయమ్మ,https://te.wikipedia.org/wiki/లక్ష్మీబాయమ్మ
Telugu,"సంగెం లక్ష్మీబాయమ్మ, సాంఘిక సేవకురాలు.",te:లక్ష్మీబాయమ్మ,https://te.wikipedia.org/wiki/లక్ష్మీబాయమ్మ
Telugu,"మేరీ ఆన్ మోబ్లీ (ఫిబ్రవరి 17, 1937 - డిసెంబర్ 9, 2014) ఒక అమెరికన్ నటి, టెలివిజన్ వ్యక్తిత్వం, మిస్ అమెరికా 1959.",te:మేరీ ఆన్ మోబ్లీ,https://te.wikipedia.org/wiki/మేరీ_ఆన్_మోబ్లీ
Telugu,"రోజా సెల్వమణిగా పేరు గాంచిన శ్రీలతా రెడ్డి, ఆంధ్రప్రదేశ్ రాష్ట్రానికి చెందిన సినిమా నటి, రాజకీయ నాయకురాలు.",te:రోజా సెల్వమణి,https://te.wikipedia.org/wiki/రోజా_సెల్వమణి
Telugu,"ఆమె తెలుగుతో పాటు క‌న్న‌డ‌, త‌మిళం, మ‌ల‌యాళం భాష‌ల్లో 100కు పైగా సినిమాల్లో నటించింది.",te:రోజా సెల్వమణి,https://te.wikipedia.org/wiki/రోజా_సెల్వమణి
Telugu,రోజా నగరి నియోజకవర్గం నుండి రెండుసార్లు శాసనసభ్యురాలిగా ఎన్నికైంది.,te:రోజా సెల్వమణి,https://te.wikipedia.org/wiki/రోజా_సెల్వమణి
Telugu,ఆమె 2022 ఏప్రిల్ 11న జరిగిన మంత్రివర్గ పునర్‌ వ్యవస్థీకరణలో భాగంగా వై.ఎస్.,te:రోజా సెల్వమణి,https://te.wikipedia.org/wiki/రోజా_సెల్వమణి
Telugu,"అనుముల కృష్ణమూర్తి(జననం:మే 16, 1923) తెలంగాణ రాష్ట్రంలోని వరంగల్ జిల్లా ఉప్పుల గ్రామానికి చెందిన రచయిత.",te:అనుముల కృష్ణమూర్తి,https://te.wikipedia.org/wiki/అనుముల_కృష్ణమూర్తి
Telugu,"పాతర్లగడ్డ, కాకినాడ జిల్లా, కరప మండలానికి చెందిన గ్రామం..",te:పాతర్లగడ్డ,https://te.wikipedia.org/wiki/పాతర్లగడ్డ
Telugu,ఇది మండల కేంద్రమైన కరప నుండి 5 కి.,te:పాతర్లగడ్డ,https://te.wikipedia.org/wiki/పాతర్లగడ్డ
Telugu,"దూరం లోను, సమీప పట్టణమైన కాకినాడ నుండి 15 కి.",te:పాతర్లగడ్డ,https://te.wikipedia.org/wiki/పాతర్లగడ్డ
Telugu,శ్రీ వెంకిటరమణన్ (1930 జనవరి 28 - 2023 నవంబరు 18) రిజర్వ్ బ్యాంక్ ఆఫ్ ఇండియాకు పద్దెనిమిదవ గవర్నరు.,te:ఎస్.వెంకిటరమణన్,https://te.wikipedia.org/wiki/ఎస్.వెంకిటరమణన్
Telugu,అతను 1990 నుండి 1992 వరకు 2 సంవత్సరాల పాటు గవర్నరుగా పనిచేశాడు.,te:ఎస్.వెంకిటరమణన్,https://te.wikipedia.org/wiki/ఎస్.వెంకిటరమణన్
Telugu,"అంతకుముందు, 1985 నుండి 1988 వరకు ఆర్థిక మంత్రిత్వ శాఖ ఆర్థిక కార్యదర్శిగా పనిచేశారు 1980ల చివరలో, 1990ల ప్రారంభంలో భారతదేశంలో చెల్లింపుల సంక్షోభం ఏర్పడినపుడు, అద్భుతమైన పనితీరు చూపినవాడిగా వెంకిటరమణన్‌ను చూస్తారు.",te:ఎస్.వెంకిటరమణన్,https://te.wikipedia.org/wiki/ఎస్.వెంకిటరమణన్
Telugu,"భారతదేశ విదేశీ-మారకం నిల్వలు దాదాపు అడుగంటిన సమయంలో అతని సమయానుకూలమైన, నిర్ణయాత్మకమైన చర్యలు సంక్షోభం నుండి దేశాన్ని బయట పడవేయడానికి పునాది వేసాయి.",te:ఎస్.వెంకిటరమణన్,https://te.wikipedia.org/wiki/ఎస్.వెంకిటరమణన్
Telugu,"కోమలి, బాపట్ల జిల్లా, పిట్టలవానిపాలెం మండలానికి చెందిన గ్రామం.",te:కోమలి (పిట్టలవానిపాలెం),https://te.wikipedia.org/wiki/కోమలి_(పిట్టలవానిపాలెం)
Telugu,ఇది మండల కేంద్రమైన పిట్టలవానిపాలెం నుండి 11 కి.,te:కోమలి (పిట్టలవానిపాలెం),https://te.wikipedia.org/wiki/కోమలి_(పిట్టలవానిపాలెం)
Telugu,"దూరం లోను, సమీప పట్టణమైన పొన్నూరు నుండి 8 కి.",te:కోమలి (పిట్టలవానిపాలెం),https://te.wikipedia.org/wiki/కోమలి_(పిట్టలవానిపాలెం)
Telugu,"2011 భారత జనగణన గణాంకాల ప్రకారం ఈ గ్రామం 272 ఇళ్లతో, 845 జనాభాతో 915 హెక్టార్లలో విస్తరించి ఉంది.",te:కోమలి (పిట్టలవానిపాలెం),https://te.wikipedia.org/wiki/కోమలి_(పిట్టలవానిపాలెం)
Telugu,"అగ్ని దేవ్ చోప్రా (జననం 1998, నవంబరు 4) భారతీయ క్రికెటర్.",te:అగ్ని చోప్రా,https://te.wikipedia.org/wiki/అగ్ని_చోప్రా
Telugu,మిజోరాం క్రికెట్ జట్టు తరపున ఆడుతున్నాడు.,te:అగ్ని చోప్రా,https://te.wikipedia.org/wiki/అగ్ని_చోప్రా
Telugu,"ఎడమచేతి బ్యాట్స్‌మన్ గా, కుడిచేతి ఆఫ్ బ్రేక్ బౌలర్ గా రాణిస్తున్నాడు.",te:అగ్ని చోప్రా,https://te.wikipedia.org/wiki/అగ్ని_చోప్రా
Telugu,భారతంలో బాలచంద్రుడు 1988 లో వచ్చిన యాక్షన్ చిత్రం.,te:భారతంలో బాలచంద్రుడు,https://te.wikipedia.org/wiki/భారతంలో_బాలచంద్రుడు
Telugu,"జయభేరి ఆర్ట్ ప్రొడక్షన్స్ పతాకంపై, మురళి మోహన్ సమర్పణలో డి.",te:భారతంలో బాలచంద్రుడు,https://te.wikipedia.org/wiki/భారతంలో_బాలచంద్రుడు
Telugu,కోడి రామకృష్ణ దర్శకత్వం వహించాడు.,te:భారతంలో బాలచంద్రుడు,https://te.wikipedia.org/wiki/భారతంలో_బాలచంద్రుడు
Telugu,"ఇందులో నందమూరి బాలకృష్ణ, భానుప్రియ ప్రధాన పాత్రల్లోనటించారు.",te:భారతంలో బాలచంద్రుడు,https://te.wikipedia.org/wiki/భారతంలో_బాలచంద్రుడు
Telugu,"నాసా ఇస్రో సింథటిక్ ఎపర్చరు రాడార్ (NISAR) మిషన్ ద్వంద్వ-పౌనఃపున్యం కలిగిన సింథటిక్ ఎపర్చరు రాడార్‌ను సంయుక్తంగా అభివృద్ధి చేయడానికి, దాన్ని భూ పరిశీలన ఉపగ్రహంపై ఉంచి అంతరిక్షం లోకి ప్రయోగించడానికీ నాసా ఇస్రోలు ఉమ్మడిగా చేపట్టిన ప్రాజెక్టు.",te:నిసార్ (ఉపగ్రహం),https://te.wikipedia.org/wiki/నిసార్_(ఉపగ్రహం)
Telugu,ద్వంద్వ ఫ్రీక్వెన్సీలను ఉపయోగించే మొదటి రాడార్ ఇమేజింగ్ ఉపగ్రహంగా ఈ ఉపగ్రహం గుర్తింపు పొందుతుంది.,te:నిసార్ (ఉపగ్రహం),https://te.wikipedia.org/wiki/నిసార్_(ఉపగ్రహం)
Telugu,"ఇది రిమోట్ సెన్సింగ్ కోసం, భూమిపై సహజ ప్రక్రియలను గమనించడానికీ, అర్థం చేసుకోవడానికీ ఉపయోగపడుతుంది.",te:నిసార్ (ఉపగ్రహం),https://te.wikipedia.org/wiki/నిసార్_(ఉపగ్రహం)
Telugu,"ఉదాహరణకు, దాని ఎడమవైపు ఉండే సాధనాలు అంటార్కిటిక్ క్రయోస్పియర్‌ను అధ్యయనం చేస్తాయి.",te:నిసార్ (ఉపగ్రహం),https://te.wikipedia.org/wiki/నిసార్_(ఉపగ్రహం)
Telugu,భారీ తారాగణం 2023లో విడుదలైన తెలుగు సినిమా.,te:భారీ తారాగణం,https://te.wikipedia.org/wiki/భారీ_తారాగణం
Telugu,బివిఆర్ పిక్చర్స్ బ్యానర్‌పై నిర్మించిన ఈ సినిమాకు శేఖర్ ముత్యాల దర్శకత్వం వహించాడు.,te:భారీ తారాగణం,https://te.wikipedia.org/wiki/భారీ_తారాగణం
Telugu,"సదన్, దీపికా ప్రధాన పాత్రల్లో నటించిన ఈ సినిమా 2023 జూన్ 23న విడుదలైంది.",te:భారీ తారాగణం,https://te.wikipedia.org/wiki/భారీ_తారాగణం
Telugu,వర్ధమానుడు [వీరు జైన తీర్థంకరులు].,te:తీర్థంకరులు,https://te.wikipedia.org/wiki/తీర్థంకరులు
Telugu,అనంతవీర్యుడు [వీరు భవిష్యత్కాల తీర్థంకరులు].,te:తీర్థంకరులు,https://te.wikipedia.org/wiki/తీర్థంకరులు
Telugu,శాంతుడు [వీరు భూతకాల తీర్థంకరులు] [జైనధర్మపరిభాష],te:తీర్థంకరులు,https://te.wikipedia.org/wiki/తీర్థంకరులు
Telugu,ఉత్తరాంధ్ర (కళింగాంధ్ర) అనేది ఆంధ్ర రాష్ట్రం లోని ఉత్తర భాగం.,te:ఉత్తరాంధ్ర,https://te.wikipedia.org/wiki/ఉత్తరాంధ్ర
Telugu,"ఉమ్మడి శ్రీకాకుళం, విజయనగరం, విశాఖపట్నం జిల్లాలు ఉత్తరాంధ్రగా పరిగణించబడేవి.",te:ఉత్తరాంధ్ర,https://te.wikipedia.org/wiki/ఉత్తరాంధ్ర
Telugu,"ఆంధ్రప్రదేశ్ జిల్లాల పునర్వ్యవస్థీకరణ - 2022 వలన వీటితోపాటు కొత్తగా ఏర్పడిన, పార్వతీపురం మన్యం జిల్లా, అల్లూరి సీతారామరాజు జిల్లా, అనకాపల్లి జిల్లా, పోలవరం జిల్లాలు కూడా ఉత్తరాంధ్రలో భాగమే.",te:ఉత్తరాంధ్ర,https://te.wikipedia.org/wiki/ఉత్తరాంధ్ర
Telugu,ఈ 7 జిల్లాలని కలిపి ఉత్తరాంధ్ర ప్రాంతంగా వ్యవహరిస్తారు.,te:ఉత్తరాంధ్ర,https://te.wikipedia.org/wiki/ఉత్తరాంధ్ర
Telugu,సంతపాలెం పేరుతో చాలా వ్యాసాలు ఉన్నాయి.,te:సంతపాలెం,https://te.wikipedia.org/wiki/సంతపాలెం
Telugu,ఆ వ్యాసాల జాబితా: సంతపాలెం (కె.కోటపాడు) - విశాఖపట్నం జిల్లాలోని కె.కోటపాడు మండలానికి చెందిన గ్రామం సంతపాలెం (కొత్తవలస) - విజయనగరం జిల్లాలోని కొత్తవలస మండలానికి చెందిన గ్రామం,te:సంతపాలెం,https://te.wikipedia.org/wiki/సంతపాలెం
Telugu,2000లో వివిధ తేదీల్లో రాజ్యసభ ఎన్నికలు జరిగాయి.,te:2000 రాజ్యసభ ఎన్నికలు,https://te.wikipedia.org/wiki/2000_రాజ్యసభ_ఎన్నికలు
Telugu,"ఢిల్లీ నుండి 3 స్థానాలు, సిక్కిం నుండి 1 సీటు, 15 రాష్ట్రాల నుండి 58 మంది సభ్యులు, కేరళ నుండి 3 సభ్యులను రాజ్యసభకు ఎన్నుకోవడానికి కేంద్ర ఎన్నికల సంఘం ఎన్నికలను నిర్వహించింది.",te:2000 రాజ్యసభ ఎన్నికలు,https://te.wikipedia.org/wiki/2000_రాజ్యసభ_ఎన్నికలు
Telugu,ప్రియుడు 2011లో విడుదలైన తెలుగు సినిమా.,te:ప్రియుడు (సినిమా),https://te.wikipedia.org/wiki/ప్రియుడు_(సినిమా)
Telugu,యు.కె.ఎవెన్యూస్ బ్యానర్ పై పి.ఉదయ కిరణ్ నిర్మించిన ఈ సినిమాకు శ్రావణ్ దర్శకత్వం వహించాడు.,te:ప్రియుడు (సినిమా),https://te.wikipedia.org/wiki/ప్రియుడు_(సినిమా)
Telugu,"వరుణ్ సందేశ్, ప్రీతిక రావు, శ్వేతా బసు ప్రసాద్, కోట శ్రీనివాస రావు, ప్రగతి, నాజర్ ప్రధాన పాత్రల్లో నటించిన ఈ సినిమా ఆడియోను నవంబర్ 11న విడుదల చేసి, సినిమాను 2011 డిసెంబర్ 1న విడుదల చేశారు.",te:ప్రియుడు (సినిమా),https://te.wikipedia.org/wiki/ప్రియుడు_(సినిమా)
Telugu,"సంపూర్ణ లాహిరి బెంగాలీ చలనచిత్ర, టెలివిజన్ నటి.",te:సంపూర్ణ లాహిరి,https://te.wikipedia.org/wiki/సంపూర్ణ_లాహిరి
Telugu,ఆమె 2012లో గోరాయ్ గోండోగోల్ చిత్రంతో పెద్ద తెరపై అడుగుపెట్టింది.,te:సంపూర్ణ లాహిరి,https://te.wikipedia.org/wiki/సంపూర్ణ_లాహిరి
Telugu,"అదే సంవత్సరంలో ఆమె యాక్సిడెంట్, పంచ్ అధ్యాయ్ చిత్రాలలో కూడా నటించింది.",te:సంపూర్ణ లాహిరి,https://te.wikipedia.org/wiki/సంపూర్ణ_లాహిరి
Telugu,బర్కతా శాసనసభ నియోజకవర్గం జార్ఖండ్ రాష్ట్రంలోని నియోజకవర్గాలలో ఒకటి.,te:బర్కతా శాసనసభ నియోజకవర్గం,https://te.wikipedia.org/wiki/బర్కతా_శాసనసభ_నియోజకవర్గం
Telugu,"ఈ నియోజకవర్గం హజారీబాగ్ జిల్లా, కోదర్మా లోక్‌సభ నియోజకవర్గం పరిధిలోని ఆరు శాసనసభ నియోజకవర్గాల్లో ఒకటి.",te:బర్కతా శాసనసభ నియోజకవర్గం,https://te.wikipedia.org/wiki/బర్కతా_శాసనసభ_నియోజకవర్గం
Telugu,తమిళంలో 2016లో మెట్రో పేరుతో విడుదలైన ఈ సినిమాను తెలుగులో మెట్రో పేరుతోనే సురేష్ కొండేటి సమర్పణలో ఆర్ 4 ఎంటర్‌టైన్‌మెంట్స్ బ్యానర్ పై ర‌జ‌ని రామ్ నిర్మించాడు.,te:మెట్రో (సినిమా),https://te.wikipedia.org/wiki/మెట్రో_(సినిమా)
Telugu,"శిరీష్, బాబీ సింహా, నిశాంత్, మాయ ప్రధాన పాత్రల్లో నటించగా, గీతామాధురి అతిథి పాత్రలో నటించిన ఈ సినిమాకు ఆనంద కృష్ణన్ దర్శకత్వం వహించగా మార్చి 17, 2017న విడుదలైంది.",te:మెట్రో (సినిమా),https://te.wikipedia.org/wiki/మెట్రో_(సినిమా)
Telugu,షాంగ్లాక్పమ్ నీలకంఠ శర్మ(జననం 1995 మే 2) భారతదేశానికి చెందిన మైదాన హాకీ క్రీడాకారుడు.,te:నీలకంఠ శర్మ,https://te.wikipedia.org/wiki/నీలకంఠ_శర్మ
Telugu,భారత జాతీయ హాకీ జట్టులో మిడ్ ఫీల్డర్ గా ఆడుతాడు.,te:నీలకంఠ శర్మ,https://te.wikipedia.org/wiki/నీలకంఠ_శర్మ
Telugu,"2016 పురుషుల ప్రపంచ కప్(జూనియర్), 2020 టోక్యో ఒలింపిక్స్ లో పాల్గొన్నాడు.",te:నీలకంఠ శర్మ,https://te.wikipedia.org/wiki/నీలకంఠ_శర్మ
Telugu,"గూగోల్ ప్లెక్స్ అనునది ఒక సంఖ్య దీనిని 10googol, లేదా.",te:గూగోల్ ప్లెక్స్,https://te.wikipedia.org/wiki/గూగోల్_ప్లెక్స్
Telugu,1 తర్వాత గూగోల్ సున్నాలు చేర్చిన సంఖ్య.,te:గూగోల్ ప్లెక్స్,https://te.wikipedia.org/wiki/గూగోల్_ప్లెక్స్
Telugu,"ఈ సంఖ్యను పూర్తిగా రాయాలంటే భూమికి, చంద్రునికి మధ్య దూరం చాలదు.",te:గూగోల్ ప్లెక్స్,https://te.wikipedia.org/wiki/గూగోల్_ప్లెక్స్
Telugu,దీనిని బట్టి ఊహించవచ్చు ఈ సంఖ్య ఎంత పెద్దదో!,te:గూగోల్ ప్లెక్స్,https://te.wikipedia.org/wiki/గూగోల్_ప్లెక్స్
Telugu,తిరుపాత్రుత్తురై ఆదిమూలేశ్వర ఆలయం హిందూ దేవాలయం.,te:తిరుప్పాత్రురై ఆదిమూలేశ్వరస్వామి దేవాలయం,https://te.wikipedia.org/wiki/తిరుప్పాత్రురై_ఆదిమూలేశ్వరస్వామి_దేవాలయం
Telugu,ఇక్కడ శివుడు ఆదిమూలేశ్వరుడుగా పూజింపబడుతున్నాడు.,te:తిరుప్పాత్రురై ఆదిమూలేశ్వరస్వామి దేవాలయం,https://te.wikipedia.org/wiki/తిరుప్పాత్రురై_ఆదిమూలేశ్వరస్వామి_దేవాలయం
Telugu,ఈ ఆలయం తమిళనాడు రాష్ట్రంలోని తిరుచిరాపల్లి జిల్లాలోని తిరుపాత్రుత్తురై గ్రామంలో ఉంది.,te:తిరుప్పాత్రురై ఆదిమూలేశ్వరస్వామి దేవాలయం,https://te.wikipedia.org/wiki/తిరుప్పాత్రురై_ఆదిమూలేశ్వరస్వామి_దేవాలయం
Telugu,ఈ ప్రాంతానికి ప్రాచీన నామం తిరుపాలత్తురైగా పేర్కొనబడింది.,te:తిరుప్పాత్రురై ఆదిమూలేశ్వరస్వామి దేవాలయం,https://te.wikipedia.org/wiki/తిరుప్పాత్రురై_ఆదిమూలేశ్వరస్వామి_దేవాలయం
Telugu,"అన్నిసా పోహాన్ (జననం 20 నవంబర్ 1981) అనిసా లరసతి పోహాన్ అమెరికాలో జన్మించిన ఇండోనేషియా నటి, మోడల్, ప్రజెంటర్, మాజీ రేడియో అనౌన్సర్.",te:అన్నిసా పోహన్,https://te.wikipedia.org/wiki/అన్నిసా_పోహన్
Telugu,"మహిళల సాధికారత, పిల్లల సంక్షేమాన్ని మెరుగుపరచడం, దేశంలో సామాజిక సమస్యల గురించి ఎల్లప్పుడూ శ్రద్ధ వహించేలా సమాజాన్ని ప్రేరేపించడంపై దృష్టి సారించే లాభాపేక్ష లేని సంస్థ అయిన తుంగదేవి ఫౌండేషన్ సహ వ్యవస్థాపకురాలు అన్నిసా.",te:అన్నిసా పోహన్,https://te.wikipedia.org/wiki/అన్నిసా_పోహన్
Telugu,అలీగఢ్ శాసనసభ నియోజకవర్గం ఉత్తర ప్రదేశ్ రాష్ట్రంలోని నియోజకవర్గాలలో ఒకటి.,te:అలీగఢ్ శాసనసభ నియోజకవర్గం,https://te.wikipedia.org/wiki/అలీగఢ్_శాసనసభ_నియోజకవర్గం
Telugu,"ఈ నియోజకవర్గం అలీగఢ్ జిల్లా, ఆగ్రా లోక్‌సభ నియోజకవర్గం పరిధిలోని ఐదు శాసనసభ నియోజకవర్గాల్లో ఒకటి.",te:అలీగఢ్ శాసనసభ నియోజకవర్గం,https://te.wikipedia.org/wiki/అలీగఢ్_శాసనసభ_నియోజకవర్గం
Telugu,మూలాలు అనగా సమాచారం లేదా ఆలోచనల నుండి తీసుకోబడిన ఒక వాచకం (కొన్నిసార్లు ప్రసంగం).,te:మూల వచనం,https://te.wikipedia.org/wiki/మూల_వచనం
Telugu,అనువాదంలో ఒక మూల వచనం అనేది అసలు వచనం అది మరొక భాష లోనికి అనువాదం చేస్తుంది.,te:మూల వచనం,https://te.wikipedia.org/wiki/మూల_వచనం
Telugu,"భారతదేశానికి స్వాతంత్ర్యం వచ్చిన కొత్తల్లో ప్రతి ఏటా దేశ పురోగతిని, సమస్యలను వివరిస్తూ వెలువడిన పత్రిక నవభారతం.",te:నవభారతం (పత్రిక),https://te.wikipedia.org/wiki/నవభారతం_(పత్రిక)
Telugu,ప్రతీ స్వాతంత్ర్య దినోత్సవానికి ఈ పత్రిక వెలువడేది.,te:నవభారతం (పత్రిక),https://te.wikipedia.org/wiki/నవభారతం_(పత్రిక)
Telugu,దీనికి సంపాదకులు సీతంరాజు సుబ్రహ్మణ్యశర్మ.,te:నవభారతం (పత్రిక),https://te.wikipedia.org/wiki/నవభారతం_(పత్రిక)
Telugu,"భారత ప్రజా ప్రభుత్వపు తొలి సంవత్సర కార్యకలాపాలను సమీక్షిస్తూ ""నవభారతం 1947-48"" ను ప్రచురించారు.",te:నవభారతం (పత్రిక),https://te.wikipedia.org/wiki/నవభారతం_(పత్రిక)
Telugu,"అభిషన్ జీవింత్ (జననం 1 జూన్ 1999) భారతదేశానికి చెందిన సినిమా నటుడు, దర్శకుడు & స్క్రీన్ రైటర్.",te:అభిషన్ జీవింత్,https://te.wikipedia.org/wiki/అభిషన్_జీవింత్
Telugu,ఆయన 2025లో టూరిస్ట్ ఫ్యామిలీ సినిమాకు ద్వారా సినీరంగంలోకి దర్శకుడిగా అరంగ్రేటం చేసి మంచి గుర్తింపు తెచ్చుకున్నాడు.,te:అభిషన్ జీవింత్,https://te.wikipedia.org/wiki/అభిషన్_జీవింత్
Telugu,"పెదకొండూరు ఆంధ్ర ప్రదేశ్ రాష్ట్రం, శ్రీ పొట్టి శ్రీరాములు నెల్లూరు జిల్లా, కలిగిరి మండలం లోని గ్రామం.",te:పెదకొండూరు (కలిగిరి),https://te.wikipedia.org/wiki/పెదకొండూరు_(కలిగిరి)
Telugu,ఇది మండల కేంద్రమైన కలిగిరి నుండి 10 కి.,te:పెదకొండూరు (కలిగిరి),https://te.wikipedia.org/wiki/పెదకొండూరు_(కలిగిరి)
Telugu,"దూరం లోను, సమీప పట్టణమైన కావలి నుండి 26 కి.",te:పెదకొండూరు (కలిగిరి),https://te.wikipedia.org/wiki/పెదకొండూరు_(కలిగిరి)
Telugu,"2011 భారత జనగణన గణాంకాల ప్రకారం ఈ గ్రామం 920 ఇళ్లతో, 3220 జనాభాతో 3838 హెక్టార్లలో విస్తరించి ఉంది.",te:పెదకొండూరు (కలిగిరి),https://te.wikipedia.org/wiki/పెదకొండూరు_(కలిగిరి)
Telugu,సురేశ్ ప్రభు భారతదేశానికి చెందిన రాజకీయ నాయకుడు.,te:సురేష్ ప్రభు,https://te.wikipedia.org/wiki/సురేష్_ప్రభు
Telugu,"ఆయన నాలుగుసార్లు లోక్‌సభకు ఎన్నికై, కేంద్రంలో 2000 నుంచి 2002 వరకు వాజపేయి ప్రభుత్వంలో విద్యుత్‌ శాఖ మంత్రిగా, 2017లో జరిగిన మంత్రివర్గ పునర్వ్యవస్థీకరణలో వాణిజ్య, పరిశ్రమల శాఖ మంత్రిగా, రైల్వే మంత్రిగా, పౌర విమానయాన శాఖ మంత్రిగా కేంద్ర వాణిజ్య శాఖల మంత్రిగా పని చేశాడు.",te:సురేష్ ప్రభు,https://te.wikipedia.org/wiki/సురేష్_ప్రభు
Telugu,"తాబిష్ మెహ్దీ (3 జూలై 1951 – 22 జనవరి 2025) ప్రధానంగా నాత్ కవితలో పేరుపొందిన భారతీయ ఉర్దూ కవి, సాహిత్య విమర్శకుడు, జర్నలిస్ట్, రచయిత.",te:తబిష్ మెహదీ,https://te.wikipedia.org/wiki/తబిష్_మెహదీ
Telugu,ఉర్దూ సాహిత్యంలో ఆయన చేసిన కృషి అనేక మేధావులచే ప్రశంసించబడింది.,te:తబిష్ మెహదీ,https://te.wikipedia.org/wiki/తబిష్_మెహదీ
Telugu,సుమన్ శర్మ యుద్ధవిమానాలను కూడా అలవోకగా నడిపించగలిగే భారతదేశ మహిళ.,te:సుమన్ శర్మ,https://te.wikipedia.org/wiki/సుమన్_శర్మ
Telugu,"ఈమె F-16IN సూపర్ వైపర్, మిగ్-35 యుద్ధవిమానాలను మొట్టమొదట నడిపించె మొదటి మహిళగా చరిత్రపుటల్లోకెక్కారు.",te:సుమన్ శర్మ,https://te.wikipedia.org/wiki/సుమన్_శర్మ
Telugu,"ఆమె 2009 జనవరిలో జరిగిన వైమానిక ప్రదర్శనలో ఎఫ్-16, మిగ్-35 లో కో-పైలెట్గా వ్యవహరించారు.",te:సుమన్ శర్మ,https://te.wikipedia.org/wiki/సుమన్_శర్మ
Telugu,శాస్త్రీయంగా యక్షగానాలను ప్రదర్శించే కూచిపూడి వారు వేరు.,te:గంటె భాగవతులు,https://te.wikipedia.org/wiki/గంటె_భాగవతులు
Telugu,జీవనోపాధిగా మిగిలిన ఈ కళను నమ్ముకొని జీవ యాత్ర కొనసాగిస్తున్న ఈ సంచార తెగ వేరు.,te:గంటె భాగవతులు,https://te.wikipedia.org/wiki/గంటె_భాగవతులు
Telugu,"తెలంగాణా లోని నల్లగొండ, ఖమ్మం, వరంగల్, హైదరాబాదు జిల్లాలలో ఎక్కువగా నివసిస్తున్నారు.",te:గంటె భాగవతులు,https://te.wikipedia.org/wiki/గంటె_భాగవతులు
Telugu,"అభిషేక్ వినోద్ భారతదేశానికి మోడల్‌, సినిమా నటుడు.",te:అభిషేక్ వినోద్,https://te.wikipedia.org/wiki/అభిషేక్_వినోద్
Telugu,"ఆయన మోడల్‌గా పనిచేసి ఆ తర్వాత, 2010లో ఇనిదు ఇనిధు సినిమా ద్వారా సినీరంగంలోకి అడుగుపెట్టి 2015లో 'పాపనాశం' సినిమాలో సహాయక పాత్రతో వేరులిలో నటుడిగా మంచి గుర్తింపు తెచ్చుకున్నాడు.",te:అభిషేక్ వినోద్,https://te.wikipedia.org/wiki/అభిషేక్_వినోద్
Telugu,"సరోజ్ రాజ్ చౌధురి ఒక భారతీయ పర్యావరణవేత్త, వన్యప్రాణి సంరక్షకుడు, రచయిత.",te:సరోజ్ రాజ్ చౌధురి,https://te.wikipedia.org/wiki/సరోజ్_రాజ్_చౌధురి
Telugu,ఆయన ఒడిశా ప్రభుత్వం ఆధ్వర్యంలో నియమితుడైన తొలి అటవీ సంరక్షకుడు (Forest Conservator).,te:సరోజ్ రాజ్ చౌధురి,https://te.wikipedia.org/wiki/సరోజ్_రాజ్_చౌధురి
Telugu,"భారతదేశంలోని ఒడిశా రాష్ట్రం, మయూర్భంజ్ జిల్లాలో ఉన్న సిమిలిపాల్ జాతీయ ఉద్యానవనం స్థాపక డైరెక్టర్ కూడా ఆయనే.",te:సరోజ్ రాజ్ చౌధురి,https://te.wikipedia.org/wiki/సరోజ్_రాజ్_చౌధురి
Telugu,"పులుల జనగణన కోసం ఆయన ఉపయోగించిన పగ్‌మార్క్ విధానం (pugmark technique), పెంపుడు పులి ఖైరితో ఆయనకు ఉన్న స్నేహబంధం వల్ల సరోజ్ రాజ్ చౌధురి ప్రసిద్ధి పొందారు.",te:సరోజ్ రాజ్ చౌధురి,https://te.wikipedia.org/wiki/సరోజ్_రాజ్_చౌధురి
Telugu,"అమెరీ మున్సిపల్ విమానాశ్రయం (IATA: AHH, ICAO: KAHH, FAA LID: AHH) అనేది యునైటెడ్ స్టేట్స్‌లోని విస్కాన్సిన్‌లోని పోల్క్ కౌంటీలోని అమెరీ అనే నగర కేంద్ర వ్యాపార జిల్లాకు దక్షిణంగా రెండు నాటికల్ మైళ్ల (4 కి.మీ) దూరంలో ఉన్న ఒక నగర యాజమాన్యంలోని ప్రజా వినియోగ విమానాశ్రయం.",te:అమెరీ మున్సిపల్ విమానాశ్రయం,https://te.wikipedia.org/wiki/అమెరీ_మున్సిపల్_విమానాశ్రయం
Telugu,"ఇది 2025–2029 సంవత్సరానికి ఫెడరల్ ఏవియేషన్ అడ్మినిస్ట్రేషన్ (FAA) నేషనల్ ప్లాన్ ఆఫ్ ఇంటిగ్రేటెడ్ ఎయిర్‌పోర్ట్ సిస్టమ్స్‌లో చేర్చబడింది, దీనిలో దీనిని స్థానిక సాధారణ విమానయాన సౌకర్యంగా వర్గీకరించారు.",te:అమెరీ మున్సిపల్ విమానాశ్రయం,https://te.wikipedia.org/wiki/అమెరీ_మున్సిపల్_విమానాశ్రయం
Telugu,సెప్టెంబర్ 2005లో బలమైన గాలుల కారణంగా విమానాశ్రయం దెబ్బతింది.,te:అమెరీ మున్సిపల్ విమానాశ్రయం,https://te.wikipedia.org/wiki/అమెరీ_మున్సిపల్_విమానాశ్రయం
Telugu,"ఆరు విమానాలు దెబ్బతిన్నాయి, ఐదు హ్యాంగర్లు ధ్వంసమయ్యాయి.",te:అమెరీ మున్సిపల్ విమానాశ్రయం,https://te.wikipedia.org/wiki/అమెరీ_మున్సిపల్_విమానాశ్రయం
Telugu,"పోరిక బలరాం నాయక్ తెలంగాణ రాష్ట్రానికి చెందిన రాజకీయ నాయకుడు, 15,18వ పార్లమెంటు సభ్యుడు.",te:పోరిక బలరాం నాయక్,https://te.wikipedia.org/wiki/పోరిక_బలరాం_నాయక్
Telugu,భారత జాతీయ కాంగ్రెస్ తరపున మహబూబాబాద్ లోక్‌సభ నియోజకవర్గం నుండి ప్రాతినిధ్యం వహిస్తున్నాడు.,te:పోరిక బలరాం నాయక్,https://te.wikipedia.org/wiki/పోరిక_బలరాం_నాయక్
Telugu,"తిమ్మంపేట్, తెలంగాణ రాష్ట్రం, ములుగు జిల్లా, మంగపేట మండలంలోని గ్రామం.",te:తిమ్మంపేట్ (మంగపేట),https://te.wikipedia.org/wiki/తిమ్మంపేట్_(మంగపేట)
Telugu,ఇది మండల కేంద్రమైన మంగపేట నుండి 4 కి.,te:తిమ్మంపేట్ (మంగపేట),https://te.wikipedia.org/wiki/తిమ్మంపేట్_(మంగపేట)
Telugu,"దూరం లోను, సమీప పట్టణమైన వరంగల్ నుండి 140 కి.",te:తిమ్మంపేట్ (మంగపేట),https://te.wikipedia.org/wiki/తిమ్మంపేట్_(మంగపేట)
Telugu,"2016 అక్టోబరు 11 న చేసిన తెలంగాణ జిల్లాల పునర్వ్యవస్థీకరణకు ముందు ఈ గ్రామం పాత వరంగల్ జిల్లాలో, ఇదే మండలంలో ఉండేది.",te:తిమ్మంపేట్ (మంగపేట),https://te.wikipedia.org/wiki/తిమ్మంపేట్_(మంగపేట)
Telugu,"వనల్‌పహాడ్, తెలంగాణ రాష్ట్రం, నిర్మల్ జిల్లా, భైంసా మండలంలోని గ్రామం.",te:వనల్పహాడ్,https://te.wikipedia.org/wiki/వనల్పహాడ్
Telugu,2016 అక్టోబరు 11 న చేసిన తెలంగాణ జిల్లాల పునర్వ్యవస్థీకరణకు ముందు ఈ గ్రామం పాత ఆదిలాబాద్ జిల్లా లోని ఇదే మండలంలో ఉండేది.,te:వనల్పహాడ్,https://te.wikipedia.org/wiki/వనల్పహాడ్
Telugu,"మక్కినవారిపల్లి, శ్రీ సత్యసాయి జిల్లా, రామగిరి మండలానికి చెందిన గ్రామం.",te:మక్కినవారిపల్లి,https://te.wikipedia.org/wiki/మక్కినవారిపల్లి
Telugu,ఇది మండల కేంద్రమైన రామగిరి నుండి 25 కి.,te:మక్కినవారిపల్లి,https://te.wikipedia.org/wiki/మక్కినవారిపల్లి
Telugu,"దూరం లోను, సమీప పట్టణమైన ధర్మవరం నుండి 45 కి.",te:మక్కినవారిపల్లి,https://te.wikipedia.org/wiki/మక్కినవారిపల్లి
Telugu,"2011 భారత జనగణన గణాంకాల ప్రకారం ఈ గ్రామం 92 ఇళ్లతో, 371 జనాభాతో 285 హెక్టార్లలో విస్తరించి ఉంది.",te:మక్కినవారిపల్లి,https://te.wikipedia.org/wiki/మక్కినవారిపల్లి
Telugu,"నేలపట్టు ఆంధ్రప్రదేశ్ రాష్ట్రం, తిరుపతి జిల్లా, దొరవారిసత్రం మండలంలోని గ్రామం.",te:నేలపట్టు,https://te.wikipedia.org/wiki/నేలపట్టు
Telugu,ఇది మండల కేంద్రమైన దొరవారిసత్రం నుండి 2 కి.,te:నేలపట్టు,https://te.wikipedia.org/wiki/నేలపట్టు
Telugu,"దూరం లోను, సమీప పట్టణమైన గూడూరు నుండి 45 కి.",te:నేలపట్టు,https://te.wikipedia.org/wiki/నేలపట్టు
Telugu,"2011 భారత జనగణన గణాంకాల ప్రకారం ఈ గ్రామం 230 ఇళ్లతో, 785 జనాభాతో 484 హెక్టార్లలో విస్తరించి ఉంది.",te:నేలపట్టు,https://te.wikipedia.org/wiki/నేలపట్టు
Telugu,"యెమన్ (; అరబ్బీ: اليَمَن‎ al-Yaman),అధికారికంగా యెమన్ గణతంత్రం అని పిలవబడుతుంది.",te:యెమన్,https://te.wikipedia.org/wiki/యెమన్
Telugu,"(الجمهورية اليمنية al-Jumhūrīyah al-Yamanīyah), పశ్చిమాసియా లోని అరబ్ దేశాలలో ఇది ఒకటి.",te:యెమన్,https://te.wikipedia.org/wiki/యెమన్
Telugu,అరేబియా ద్వీపకల్పంలో దక్షిణతీరంలో ఉంది.,te:యెమన్,https://te.wikipedia.org/wiki/యెమన్
Telugu,"203,850 చ.కి.మీ వైశాల్యం కలిగిన యెమన్ అరేబియా ద్వీపకల్పంలో వైశాల్యపరంగా ద్వితీయస్థానంలో ఉంది.సముద్రతీరం పొడవు 2,000 కి.మీ.",te:యెమన్,https://te.wikipedia.org/wiki/యెమన్
Telugu,వేమవరం గుంటూరు జిల్లా ఫిరంగిపురం మండలానికి చెందిన గ్రామం.,te:వేమవరం (ఫిరంగిపురం మండలం),https://te.wikipedia.org/wiki/వేమవరం_(ఫిరంగిపురం_మండలం)
Telugu,ఇది మండల కేంద్రమైన ఫిరంగిపురం నుండి 8 కి.,te:వేమవరం (ఫిరంగిపురం మండలం),https://te.wikipedia.org/wiki/వేమవరం_(ఫిరంగిపురం_మండలం)
Telugu,"దూరం లోను, సమీప పట్టణమైన సత్తెనపల్లి నుండి 20 కి.",te:వేమవరం (ఫిరంగిపురం మండలం),https://te.wikipedia.org/wiki/వేమవరం_(ఫిరంగిపురం_మండలం)
Telugu,"2011 భారత జనగణన గణాంకాల ప్రకారం ఈ గ్రామం 982 ఇళ్లతో, 3689 జనాభాతో 1123 హెక్టార్లలో విస్తరించి ఉంది.",te:వేమవరం (ఫిరంగిపురం మండలం),https://te.wikipedia.org/wiki/వేమవరం_(ఫిరంగిపురం_మండలం)
Telugu,రాజాపూర్ లోక్‌సభ నియోజకవర్గం' మహారాష్ట్రలోని పూర్వ లోక్‌సభ నియోజకవర్గాలలో ఒకటి.,te:రాజాపూర్ లోక్‌సభ నియోజకవర్గం,https://te.wikipedia.org/wiki/రాజాపూర్_లోక్‌సభ_నియోజకవర్గం
Telugu,ఈ నియోజకవర్గం 2002లో ఏర్పాటైన డీలిమిటేషన్ కమిషన్ ఆఫ్ ఇండియా సిఫార్సుల ఆధారంగా లోక్‌సభ నియోజకవర్గాల పునర్విభజనలో భాగంగా 2008లో భాగంగా రద్దు చేయబడింది.,te:రాజాపూర్ లోక్‌సభ నియోజకవర్గం,https://te.wikipedia.org/wiki/రాజాపూర్_లోక్‌సభ_నియోజకవర్గం
Telugu,"బెనజీర్ భుట్టో (సింధీ: بينظير ڀُٽو; 1953 జూన్ 21 – 2007 డిసెంబరు 27) పాకిస్తాన్ 11వ ప్రధానమంత్రి, పాకిస్తాన్ పీపుల్స్ పార్టీ నాయకురాలు.",te:బెనజీర్ భుట్టో,https://te.wikipedia.org/wiki/బెనజీర్_భుట్టో
Telugu,"ఒక ముస్లిం సంఖ్యాధిక్య దేశానికి నాయకత్వం వహించిన తొలి మహిళ, అలాంటి దేశానికి రెండు మార్లు ప్రధాని అయిన ఏకైక మహిళ.",te:బెనజీర్ భుట్టో,https://te.wikipedia.org/wiki/బెనజీర్_భుట్టో
Telugu,ఆమె 1970ల్లో పాకిస్తాన్ ప్రధాన మంత్రిగా పనిచేసిన జుల్ఫీకర్ అలీ భుట్టో కుమార్తె.,te:బెనజీర్ భుట్టో,https://te.wikipedia.org/wiki/బెనజీర్_భుట్టో
Telugu,"బెనజీర్ హార్వర్డ్, ఆక్స్ ఫర్డ్ విశ్వవిద్యాలయాల్లో చదువుకున్నారు, ఆక్స్ ఫర్డ్ యూనియన్ కు నాయకత్వం వహించిన తొలి ఆసియన్ మహిళగా నిలిచారు.",te:బెనజీర్ భుట్టో,https://te.wikipedia.org/wiki/బెనజీర్_భుట్టో
Telugu,అస్సాంలో 2004లో రాష్ట్రంలోని 14 స్థానాలకు 2004 భారత సార్వత్రిక ఎన్నికలు జరిగాయి.,te:అసోంలో 2004 భారత సార్వత్రిక ఎన్నికలు,https://te.wikipedia.org/wiki/అసోంలో_2004_భారత_సార్వత్రిక_ఎన్నికలు
Telugu,"ఫలితంగా 14 స్థానాలకు గాను యునైటెడ్ ప్రోగ్రెసివ్ అలయన్స్ 9 స్థానాలను గెలుచుకోగా, నేషనల్ డెమోక్రటిక్ అలయన్స్ 2 స్థానాలను మాత్రమే కైవసం చేసుకుంది.",te:అసోంలో 2004 భారత సార్వత్రిక ఎన్నికలు,https://te.wikipedia.org/wiki/అసోంలో_2004_భారత_సార్వత్రిక_ఎన్నికలు
Telugu,అసోం గణ పరిషత్‌కు 2 సీట్లు వచ్చాయి.,te:అసోంలో 2004 భారత సార్వత్రిక ఎన్నికలు,https://te.wikipedia.org/wiki/అసోంలో_2004_భారత_సార్వత్రిక_ఎన్నికలు
Telugu,"అస్సాంలో కాంగ్రెస్, బీజేపీ, అసోం గణ పరిషత్ (రాష్ట్రంలో ప్రధాన ప్రాంతీయ పార్టీ) మధ్య త్రిముఖ పోటీ నెలకొంది.",te:అసోంలో 2004 భారత సార్వత్రిక ఎన్నికలు,https://te.wikipedia.org/wiki/అసోంలో_2004_భారత_సార్వత్రిక_ఎన్నికలు
Telugu,"జీ స్డూడియోస్, సన్ షైన్ పిక్చర్స్ బ్యానర్ల పై విపుల్ అమృతల్ షా, ఆశిన్ ఎ.",te:సనక్,https://te.wikipedia.org/wiki/సనక్
Telugu,షా నిర్మించిన ఈ సినిమాకు కనిష్క్ వర్మ దర్శకత్వం వహించాడు.,te:సనక్,https://te.wikipedia.org/wiki/సనక్
Telugu,"విద్యుత్‌ జమ్వాల్‌, రుక్మిణి మైత్ర, నేహా ధుపియా ప్రధాన పాత్రల్లో నటించిన ఈ సినిమా అక్టోబరు 15న డిస్నీ+ హాట్‌స్టార్ ఓటీటీలో విడుదలైంది.",te:సనక్,https://te.wikipedia.org/wiki/సనక్
Telugu,"సొందేపూర్, తెలంగాణ రాష్ట్రం, వికారాబాదు జిల్లా, పరిగి మండలంలోని గ్రామం.",te:సొందేపూర్,https://te.wikipedia.org/wiki/సొందేపూర్
Telugu,ఇది మండల కేంద్రమైన పరిగి నుండి 6 కి.,te:సొందేపూర్,https://te.wikipedia.org/wiki/సొందేపూర్
Telugu,"దూరం లోను, సమీప పట్టణమైన వికారాబాద్ నుండి 26 కి.",te:సొందేపూర్,https://te.wikipedia.org/wiki/సొందేపూర్
Telugu,2016 లో చేసిన తెలంగాణ జిల్లాల పునర్వ్యవస్థీకరణకు ముందు ఈ గ్రామం పాత రంగారెడ్డి జిల్లా లోని ఇదే మండలంలో ఉండేది.,te:సొందేపూర్,https://te.wikipedia.org/wiki/సొందేపూర్
Telugu,దిగువపల్లె పేరుతో చాలా వ్యాసాలు ఉన్నాయి.,te:దిగువపల్లె,https://te.wikipedia.org/wiki/దిగువపల్లె
Telugu,ఆ వ్యాసాల జాబితాను ఇక్కడ ఇచ్చారు.,te:దిగువపల్లె,https://te.wikipedia.org/wiki/దిగువపల్లె
Telugu,దిగువపల్లె (తాడిపత్రి) - అనంతపురం జిల్లాలోని తాడిపత్రి మండలానికి చెందిన గ్రామం దిగువపల్లె (చౌడేపల్లె) - చిత్తూరు జిల్లాలోని చౌడేపల్లె మండలానికి చెందిన గ్రామం దిగువపల్లె (పెద్దమండ్యం) - చిత్తూరు జిల్లాలోని పెద్దమండ్యం మండలానికి చెందిన గ్రామం,te:దిగువపల్లె,https://te.wikipedia.org/wiki/దిగువపల్లె
Telugu,రోహిత్ శర్మ భారతదేశానికి చెందిన సంగీత దర్శకుడు.,te:రోహిత్ శర్మ (సంగీత దర్శకుడు),https://te.wikipedia.org/wiki/రోహిత్_శర్మ_(సంగీత_దర్శకుడు)
Telugu,ఆయన ది కాశ్మీర్ ఫైల్స్సినిమాకుగాను సంగీత దర్శకుడిగా ప్రసిద్ధి చెందారు.,te:రోహిత్ శర్మ (సంగీత దర్శకుడు),https://te.wikipedia.org/wiki/రోహిత్_శర్మ_(సంగీత_దర్శకుడు)
Telugu,ఆయన 2010 ప్రారంభంలో విమర్శకుల ప్రశంసలు పొందిన షిప్ ఆఫ్ థియస్‌లో ప్రదర్శించబడిన 'నహం జానామి' పాటను కంపోజ్ చేయడంతో సంగీత దర్శకుడిగా జీవితం ప్రారంభమైంది.,te:రోహిత్ శర్మ (సంగీత దర్శకుడు),https://te.wikipedia.org/wiki/రోహిత్_శర్మ_(సంగీత_దర్శకుడు)
Telugu,"అప్పటి నుండి బుద్ధ ఇన్ ఎ ట్రాఫిక్ జామ్ (2016), అనార్కలి ఆఫ్ ఆరా (2017), ది తాష్కెంట్ ఫైల్స్ (2019), ది కాశ్మీర్ ఫైల్స్ (2022) సినిమాలకు సంగీతం అందించాడు.",te:రోహిత్ శర్మ (సంగీత దర్శకుడు),https://te.wikipedia.org/wiki/రోహిత్_శర్మ_(సంగీత_దర్శకుడు)
Telugu,మేజర్ ఎబ్డెన్ మెమోరియల్ క్రికెట్ టోర్నమెంట్ భారతదేశంలోని ఆంధ్రప్రదేశ్ లోని విశాఖపట్నంలో జరిగే ఒక ప్రధాన క్రికెట్ పోటీ.,te:మేజర్ ఎబ్డెన్ మెమోరియల్ క్రికెట్ టోర్నమెంట్,https://te.wikipedia.org/wiki/మేజర్_ఎబ్డెన్_మెమోరియల్_క్రికెట్_టోర్నమెంట్
Telugu,"ఇది 1941 లో శస్త్రచికిత్స ప్రొఫెసర్, ఆంధ్ర వైద్య కళాశాల ప్రిన్సిపాల్ మేజర్ జాన్ ఎ.డబ్ల్యు.ఎబ్డెన్ గౌరవార్థం ప్రారంభించబడింది.",te:మేజర్ ఎబ్డెన్ మెమోరియల్ క్రికెట్ టోర్నమెంట్,https://te.wikipedia.org/wiki/మేజర్_ఎబ్డెన్_మెమోరియల్_క్రికెట్_టోర్నమెంట్
Telugu,ఈ టోర్నమెంట్ ఈ ప్రాంతంలో క్రికెట్ కార్యకలాపాలకు ఒక ముందడుగు.,te:మేజర్ ఎబ్డెన్ మెమోరియల్ క్రికెట్ టోర్నమెంట్,https://te.wikipedia.org/wiki/మేజర్_ఎబ్డెన్_మెమోరియల్_క్రికెట్_టోర్నమెంట్
Telugu,"ఆంధ్రా మెడికల్ కాలేజీ గ్రౌండ్స్, ఆంధ్రా యూనివర్సిటీ గ్రౌండ్స్లో అక్టోబరు- డిసెంబరు సీజన్లో ఈ టోర్నమెంట్ క్రమం తప్పకుండా జరిగేది.",te:మేజర్ ఎబ్డెన్ మెమోరియల్ క్రికెట్ టోర్నమెంట్,https://te.wikipedia.org/wiki/మేజర్_ఎబ్డెన్_మెమోరియల్_క్రికెట్_టోర్నమెంట్
Telugu,"అమృతలూరు శాసనసభ నియోజకవర్గం, గుంటూరు జిల్లాలోని పాత నియోజకవర్గం.",te:అమృతలూరు శాసనసభ నియోజకవర్గం,https://te.wikipedia.org/wiki/అమృతలూరు_శాసనసభ_నియోజకవర్గం
Telugu,"1953లో మద్రాసు రాష్ట్రంలో ఏర్పడిన ఈ నియోజకవర్గం, 1955లో ఆంధ్రరాష్ట్రంలో వేమూరు శాసనసభ నియోజకవర్గంగా రూపాంతరం చెందింది.",te:అమృతలూరు శాసనసభ నియోజకవర్గం,https://te.wikipedia.org/wiki/అమృతలూరు_శాసనసభ_నియోజకవర్గం
Telugu,"గల్లివర్స్ ట్రావెల్స్ (Gulliver's Travels) లేదా పూర్తి పేరుతో ట్రావెల్స్ ఇన్ టు సెవెరల్ రిమోట్ నేషన్స్ ఆఫ్ ద వరల్డ్ అనేది ఐరిష్ రచయిత, వ్యంగ్యకారుడు జోనాథన్ స్విఫ్ట్ రచించిన ప్రసిద్ధ ఆంగ్ల నవల.",te:గలివర్స్ ట్రావెల్స్,https://te.wikipedia.org/wiki/గలివర్స్_ట్రావెల్స్
Telugu,ఇది మొదటిసారిగా 1726లో అనామకంగా ప్రచురించబడింది.,te:గలివర్స్ ట్రావెల్స్,https://te.wikipedia.org/wiki/గలివర్స్_ట్రావెల్స్
Telugu,ఆంగ్ల సాహిత్యంలో అత్యంత ప్రాముఖ్యమైన వ్యంగ్య రచనలలో ఇది ఒకటిగా పరిగణించబడుతుంది.,te:గలివర్స్ ట్రావెల్స్,https://te.wikipedia.org/wiki/గలివర్స్_ట్రావెల్స్
Telugu,"మానవ స్వభావం, రాజకీయాలు, శాస్త్రం, సామాజిక వ్యవస్థలపై తీవ్రమైన వ్యంగ్యంతో ఈ రచన రూపొందించబడింది.",te:గలివర్స్ ట్రావెల్స్,https://te.wikipedia.org/wiki/గలివర్స్_ట్రావెల్స్
Telugu,"అంగ్కోర్: హార్ట్ ఆఫ్ ఆన్ ఏషియన్ ఎంపైర్ (ఫ్రెంచ్: అంగ్కోర్: లా ఫోర్ట్ డి పియర్, లిట్.",te:అంగ్కోర్: హార్ట్ ఆఫ్ ఆన్ ఏషియన్ ఎంపైర్,https://te.wikipedia.org/wiki/అంగ్కోర్:_హార్ట్_ఆఫ్_ఆన్_ఏషియన్_ఎంపైర్
Telugu,"'అంగ్కోర్: ది స్టోన్ ఫారెస్ట్') అనేది 1989లో అంగ్కోర్ వాట్ యొక్క పురావస్తు శాస్త్రం, పునఃఆవిష్కరణపై చిత్రీకరించబడిన ఒక మోనోగ్రాఫ్.",te:అంగ్కోర్: హార్ట్ ఆఫ్ ఆన్ ఏషియన్ ఎంపైర్,https://te.wikipedia.org/wiki/అంగ్కోర్:_హార్ట్_ఆఫ్_ఆన్_ఏషియన్_ఎంపైర్
Telugu,"ఫ్రెంచ్ పురావస్తు శాస్త్రవేత్త, కళా చరిత్రకారుడు బ్రూనో డేగెన్స్ రాశారు, ఎడిషన్స్ గల్లిమార్డ్ వారి ""డెకౌవెర్టెస్"" సేకరణ లో 64వ సంపుటిగా పాకెట్ ఫార్మాట్‌లో ప్రచురించబడింది (యునైటెడ్ స్టేట్స్‌లో ""అబ్రామ్స్ డిస్కవరీస్"" అని, యునైటెడ్ కింగ్‌డమ్‌లో ""న్యూ హారిజన్స్"" అని పిలుస్తారు).",te:అంగ్కోర్: హార్ట్ ఆఫ్ ఆన్ ఏషియన్ ఎంపైర్,https://te.wikipedia.org/wiki/అంగ్కోర్:_హార్ట్_ఆఫ్_ఆన్_ఏషియన్_ఎంపైర్
Telugu,ఈ పుస్తకాన్ని 2002లో అదే పేరుతో ఒక డాక్యుమెంటరీ చిత్రంగా మార్చారు..,te:అంగ్కోర్: హార్ట్ ఆఫ్ ఆన్ ఏషియన్ ఎంపైర్,https://te.wikipedia.org/wiki/అంగ్కోర్:_హార్ట్_ఆఫ్_ఆన్_ఏషియన్_ఎంపైర్
Telugu,మహువ శాసనసభ నియోజకవర్గం గుజరాత్ రాష్ట్ర శాసనసభ నియోజకవర్గాలలో ఒకటి.,te:మహువా శాసనసభ నియోజకవర్గం (భావ్‌నగర్ జిల్లా),https://te.wikipedia.org/wiki/మహువా_శాసనసభ_నియోజకవర్గం_(భావ్‌నగర్_జిల్లా)
Telugu,"ఈ నియోజకవర్గం భావ్‌నగర్ జిల్లా, అమ్రేలి లోక్‌సభ నియోజకవర్గం పరిధిలోని ఏడు శాసనసభ నియోజకవర్గాల్లో ఒకటి.",te:మహువా శాసనసభ నియోజకవర్గం (భావ్‌నగర్ జిల్లా),https://te.wikipedia.org/wiki/మహువా_శాసనసభ_నియోజకవర్గం_(భావ్‌నగర్_జిల్లా)
Telugu,లింగేషా కర్ణాటక రాష్ట్రానికి చెందిన రాజకీయ నాయకుడు.,te:కె.ఎస్. లింగేషా,https://te.wikipedia.org/wiki/కె.ఎస్._లింగేషా
Telugu,ఆయన 2018 శాసనసభ ఎన్నికలలో బేలూరు శాసనసభ నియోజకవర్గం నుండి ఎమ్మెల్యేగా ఎన్నికయ్యాడు.,te:కె.ఎస్. లింగేషా,https://te.wikipedia.org/wiki/కె.ఎస్._లింగేషా
Telugu,జెంటామైసిన్ (Gentamicin) ఒక అమైనోగ్లైకోసైడ్ (aminoglycoside) వర్గానికి చెందిన ఏంటీబయోటిక్ (antibiotic) మందు.,te:జెంటామైసిన్,https://te.wikipedia.org/wiki/జెంటామైసిన్
Telugu,దీనిని చాలా రకాల బాక్టీరియాల వలన కలిగే వ్యాధులలో వాడుతున్నారు.,te:జెంటామైసిన్,https://te.wikipedia.org/wiki/జెంటామైసిన్
Telugu,దీని వలన చెముడు కలిగే ప్రమాదం ఉన్నది.,te:జెంటామైసిన్,https://te.wikipedia.org/wiki/జెంటామైసిన్
Telugu,అదే కాకుండా మూత్రపిండాలను పాడుచేసే గుణం వలన వీరిలో జాగ్రత్త వహించాలి.,te:జెంటామైసిన్,https://te.wikipedia.org/wiki/జెంటామైసిన్
Telugu,సిలగం పేరుతో చాలా వ్యాసాలు ఉన్నాయి.,te:సిలగం,https://te.wikipedia.org/wiki/సిలగం
Telugu,ఆ వ్యాసాల జాబితా: సిలగం (కవిటి) - శ్రీకాకుళం జిల్లాలోని కవిటి మండలానికి చెందిన గ్రామం సిలగం (సీతంపేట) - శ్రీకాకుళం జిల్లాలోని సీతంపేట మండలానికి చెందిన గ్రామం,te:సిలగం,https://te.wikipedia.org/wiki/సిలగం
Telugu,"ముక్తేశ్వరం ప్రకాశం జిల్లా, బల్లికురవ మండలంలోని గ్రామం.",te:ముక్తేశ్వరం (బల్లికురవ),https://te.wikipedia.org/wiki/ముక్తేశ్వరం_(బల్లికురవ)
Telugu,ఇది మండల కేంద్రమైన బల్లికురవ నుండి 7 కి.,te:ముక్తేశ్వరం (బల్లికురవ),https://te.wikipedia.org/wiki/ముక్తేశ్వరం_(బల్లికురవ)
Telugu,"దూరం లోను, సమీప పట్టణమైన చిలకలూరిపేట నుండి 29 కి.",te:ముక్తేశ్వరం (బల్లికురవ),https://te.wikipedia.org/wiki/ముక్తేశ్వరం_(బల్లికురవ)
Telugu,"2011 భారత జనగణన గణాంకాల ప్రకారం ఈ గ్రామం 840 ఇళ్లతో, 3313 జనాభాతో 1271 హెక్టార్లలో విస్తరించి ఉంది.",te:ముక్తేశ్వరం (బల్లికురవ),https://te.wikipedia.org/wiki/ముక్తేశ్వరం_(బల్లికురవ)
Telugu,పొన్ రాధాకృష్ణన్ (జననం 1952 మార్చి 1) భారతదేశానికి చెందిన రాజకీయ నాయకుడు.,te:పొన్ రాధాకృష్ణన్,https://te.wikipedia.org/wiki/పొన్_రాధాకృష్ణన్
Telugu,"ఆయన 2014 పార్లమెంట్ ఎన్నికల్లో తమిళనాడులోని కన్యాకుమారి నుండి లోక్‌సభకు ఎన్నికై నరేంద్ర మోడీ మొదటి మంత్రివర్గంలో ఆర్థిక, షిప్పింగ్ శాఖ సహాయ మంత్రిగా పనిచేశాడు.",te:పొన్ రాధాకృష్ణన్,https://te.wikipedia.org/wiki/పొన్_రాధాకృష్ణన్
Telugu,ఒకరు రచయిత్రి మరొకరు రచయిత.,te:బీనాదేవి,https://te.wikipedia.org/wiki/బీనాదేవి
Telugu,"భర్తగారు న్యాయమూర్తి, భార్య గృహిణి.",te:బీనాదేవి,https://te.wikipedia.org/wiki/బీనాదేవి
Telugu,కథల్లో ఎక్కువగా న్యాయమూర్తిగా చూసిన కేసులే ఎక్కువ ప్రేరణ.,te:బీనాదేవి,https://te.wikipedia.org/wiki/బీనాదేవి
Telugu,"""బీనాదేవి"" జంటలో భార్య పేరు భాగవతుల త్రిపుర సుందరమ్మ (జ: 1935 ఫిబ్రవరి 11) భర్త పేరు భాగవతుల నరసింగరావు.",te:బీనాదేవి,https://te.wikipedia.org/wiki/బీనాదేవి
Telugu,"హెలెన్ హెర్రింగ్ స్టీఫెన్స్ (ఫిబ్రవరి 3, 1918 - జనవరి 17, 1994) ఒక అమెరికన్ అథ్లెట్, 1936 లో డబుల్ ఒలింపిక్ ఛాంపియన్.",te:హెలెన్ స్టీఫెన్స్,https://te.wikipedia.org/wiki/హెలెన్_స్టీఫెన్స్
Telugu,"కచవరం, పోలవరం జిల్లా, కూనవరం మండలానికి చెందిన గ్రామం.",te:కచవరం,https://te.wikipedia.org/wiki/కచవరం
Telugu,ఇది మండల కేంద్రమైన కూనవరం నుండి 20 కి.,te:కచవరం,https://te.wikipedia.org/wiki/కచవరం
Telugu,"దూరం లోను, సమీప పట్టణమైన పాల్వంచ నుండి 100 కి.",te:కచవరం,https://te.wikipedia.org/wiki/కచవరం
Telugu,"2011 భారత జనగణన గణాంకాల ప్రకారం ఈ గ్రామం 346 ఇళ్లతో, 1014 జనాభాతో 567 హెక్టార్లలో విస్తరించి ఉంది.",te:కచవరం,https://te.wikipedia.org/wiki/కచవరం
Telugu,భారత జాతీయ చలనచిత్ర పురస్కారాలు భారతదేశంలో ప్రతిష్ఠాత్మకగా భావించే సినిమా అవార్డులు.,te:71వ భారత జాతీయ చలనచిత్ర పురస్కారాలు,https://te.wikipedia.org/wiki/71వ_భారత_జాతీయ_చలనచిత్ర_పురస్కారాలు
Telugu,ఇవి భారత ప్రభుత్వంచే ఏడాదికి ఒకసారి ప్రకటించబడి రాష్ట్రపతి చేతులమీదగా గ్రహీతలకు అందజేయబడతాయి.,te:71వ భారత జాతీయ చలనచిత్ర పురస్కారాలు,https://te.wikipedia.org/wiki/71వ_భారత_జాతీయ_చలనచిత్ర_పురస్కారాలు
Telugu,ముందటి సంవత్సరము దేశంలో విడుదలైన అన్ని భాషల చిత్రాలను ప్రత్యేక జ్యూరీ పరిశీలించి ముఖ్య విభాగాలలో ఉత్తమమైన వాటిని ఎంపిక చేస్తారు.,te:71వ భారత జాతీయ చలనచిత్ర పురస్కారాలు,https://te.wikipedia.org/wiki/71వ_భారత_జాతీయ_చలనచిత్ర_పురస్కారాలు
Telugu,అంతేకాకుండా వివిధ భాషలలోని ఉత్తమమైన చిత్రాలను కూడా ఎంపిక చేస్తారు.,te:71వ భారత జాతీయ చలనచిత్ర పురస్కారాలు,https://te.wikipedia.org/wiki/71వ_భారత_జాతీయ_చలనచిత్ర_పురస్కారాలు
Telugu,తెల్ల బంగారం చెట్టును తెలుపు దేవకాంచనం అని కూడా అంటారు.,te:తెల్ల బంగారం చెట్టు,https://te.wikipedia.org/wiki/తెల్ల_బంగారం_చెట్టు
Telugu,దీని వృక్ష శాస్త్రీయ నామం బహీనియా అక్యూమినటా.,te:తెల్ల బంగారం చెట్టు,https://te.wikipedia.org/wiki/తెల్ల_బంగారం_చెట్టు
Telugu,దేవ కాంచనం చెట్టు వలె కనిపించే ఈ చెట్టు పుష్పాలు తెల్లగా ప్రత్యేకంగా ఉంటాయి.,te:తెల్ల బంగారం చెట్టు,https://te.wikipedia.org/wiki/తెల్ల_బంగారం_చెట్టు
Telugu,ఈ చెట్టు యొక్క పూలు తెల్లగా ఉండుట వలన ఈ చెట్టుకి తెల్ల బంగారం చెట్టు అని పేరు వచ్చింది.,te:తెల్ల బంగారం చెట్టు,https://te.wikipedia.org/wiki/తెల్ల_బంగారం_చెట్టు
Telugu,"బూది, అల్లూరి సీతారామరాజు జిల్లా, అనంతగిరి మండలానికి చెందిన గ్రామం.",te:బూది,https://te.wikipedia.org/wiki/బూది
Telugu,ఇది మండల కేంద్రమైన అనంతగిరి నుండి 32 కి.,te:బూది,https://te.wikipedia.org/wiki/బూది
Telugu,"దూరం లోను, సమీప పట్టణమైన విశాఖపట్నం నుండి 70 కి.",te:బూది,https://te.wikipedia.org/wiki/బూది
Telugu,"2011 భారత జనగణన గణాంకాల ప్రకారం ఈ గ్రామం 92 ఇళ్లతో, 339 జనాభాతో 78 హెక్టార్లలో విస్తరించి ఉంది.",te:బూది,https://te.wikipedia.org/wiki/బూది
Telugu,నడికుడి–శ్రీకాళహస్తి రైలు మార్గము భారతీయ రైల్వేలలో కొనసాగుతున్న రైల్వే విభాగం ప్రాజెక్టు.,te:నడికుడి–శ్రీకాళహస్తి రైలుమార్గం,https://te.wikipedia.org/wiki/నడికుడి–శ్రీకాళహస్తి_రైలుమార్గం
Telugu,ఈ విభాగం దక్షిణ తీర రైల్వే జోన్‌ లోని గుంటూరు పరిపాలన పరిధిలోకి వస్తుంది.,te:నడికుడి–శ్రీకాళహస్తి రైలుమార్గం,https://te.wikipedia.org/wiki/నడికుడి–శ్రీకాళహస్తి_రైలుమార్గం
Telugu,ఇది విజయవాడ-చెన్నై అలాగే తిరుపతి-సికింద్రాబాద్‌లకు ప్రత్యామ్నాయ మార్గంగా పనిచేస్తుంది.,te:నడికుడి–శ్రీకాళహస్తి రైలుమార్గం,https://te.wikipedia.org/wiki/నడికుడి–శ్రీకాళహస్తి_రైలుమార్గం
Telugu,"నొండ్రుకోన పార్వతీపురం మన్యం జిల్లా, గుమ్మలక్ష్మీపురం మండలం లోని గ్రామం.",te:నొండ్రుకోన-2,https://te.wikipedia.org/wiki/నొండ్రుకోన-2
Telugu,ఇది మండల కేంద్రమైన గుమ్మలక్ష్మీపురం నుండి 18 కి.,te:నొండ్రుకోన-2,https://te.wikipedia.org/wiki/నొండ్రుకోన-2
Telugu,"దూరం లోను, సమీప పట్టణమైన పార్వతీపురం నుండి 40 కి.",te:నొండ్రుకోన-2,https://te.wikipedia.org/wiki/నొండ్రుకోన-2
Telugu,"2011 భారత జనగణన గణాంకాల ప్రకారం ఈ గ్రామం 70 ఇళ్లతో, 348 జనాభాతో 34 హెక్టార్లలో విస్తరించి ఉంది.",te:నొండ్రుకోన-2,https://te.wikipedia.org/wiki/నొండ్రుకోన-2
Telugu,"నందిగుడ, అల్లూరి సీతారామరాజు జిల్లా, డుంబ్రిగుడ మండలానికి చెందిన గ్రామం.",te:నందిగుడ (డుంబ్రిగుడ),https://te.wikipedia.org/wiki/నందిగుడ_(డుంబ్రిగుడ)
Telugu,ఇది మండల కేంద్రమైన డుంబ్రిగూడ నుండి 4 కి.,te:నందిగుడ (డుంబ్రిగుడ),https://te.wikipedia.org/wiki/నందిగుడ_(డుంబ్రిగుడ)
Telugu,"దూరం లోను, సమీప పట్టణమైన విజయనగరం నుండి 119 కి.",te:నందిగుడ (డుంబ్రిగుడ),https://te.wikipedia.org/wiki/నందిగుడ_(డుంబ్రిగుడ)
Telugu,"2011 భారత జనగణన గణాంకాల ప్రకారం ఈ గ్రామం 13 ఇళ్లతో, 37 జనాభాతో 60 హెక్టార్లలో విస్తరించి ఉంది.",te:నందిగుడ (డుంబ్రిగుడ),https://te.wikipedia.org/wiki/నందిగుడ_(డుంబ్రిగుడ)
Telugu,"అలగనూరు, నంద్యాల జిల్లా, మిడుతూరు మండలానికి చెందిన గ్రామం.ఇది మండల కేంద్రమైన మిడ్తూరు నుండి 6 కి.",te:అలగనూరు,https://te.wikipedia.org/wiki/అలగనూరు
Telugu,"దూరం లోను, సమీప పట్టణమైన కర్నూలు నుండి 51 కి.",te:అలగనూరు,https://te.wikipedia.org/wiki/అలగనూరు
Telugu,"2011 భారత జనగణన గణాంకాల ప్రకారం ఈ గ్రామం 358 ఇళ్లతో, 1627 జనాభాతో 1974 హెక్టార్లలో విస్తరించి ఉంది.",te:అలగనూరు,https://te.wikipedia.org/wiki/అలగనూరు
Telugu,"గ్రామంలో మగవారి సంఖ్య 797, ఆడవారి సంఖ్య 830.",te:అలగనూరు,https://te.wikipedia.org/wiki/అలగనూరు
Telugu,కంచి వీరశరభకవియు శంకరకవి వలెనే హరిశ్చంద్రోపాఖ్యానము నయిదాశ్వాసముల పద్యకావ్యముగా రచియించెను.,te:కంచి వీరశరభకవి,https://te.wikipedia.org/wiki/కంచి_వీరశరభకవి
Telugu,కవి శైవబ్రాహ్మణుడు; కాశ్యపగోత్రుడు; శోభనాద్రీశునకును పండితారాధ్యుల వీరనాధ్యుని పుత్రియగు గురవమాంబకును బుత్రుడు .,te:కంచి వీరశరభకవి,https://te.wikipedia.org/wiki/కంచి_వీరశరభకవి
Telugu,ఈయిరువురుకవులు నించుమించు నేకకాలమునందే తమకావ్యములను రచియించినట్లు తోచుచునంది.,te:కంచి వీరశరభకవి,https://te.wikipedia.org/wiki/కంచి_వీరశరభకవి
Telugu,ఇందు శంకరకవి పుస్తకమునకంటె నేబదిపద్యము లధికముగా నున్నవి.,te:కంచి వీరశరభకవి,https://te.wikipedia.org/wiki/కంచి_వీరశరభకవి
Telugu,ప్రేమ కడలి అనేది 2026లో విడుదలైన తెలుగు ఫ్యామిలీ డ్రామా సినిమా.,te:ప్రేమ కడలి,https://te.wikipedia.org/wiki/ప్రేమ_కడలి
Telugu,ప్రొడక్షన్స్ బ్యాన‌ర్స్‌పై రాధా మజ్జరి నిర్మించిన ఈ సినిమాకు నాని పిల్లిబోయిన దర్శకత్వం వహించాడు.,te:ప్రేమ కడలి,https://te.wikipedia.org/wiki/ప్రేమ_కడలి
Telugu,"నాని పిల్లిబోయిన, యామిని నాగేశ్వర్ ప్రధాన పాత్రల్లో నటించిన ఈ సినిమా 2026, జనవరి 30న విడుదలయింది.",te:ప్రేమ కడలి,https://te.wikipedia.org/wiki/ప్రేమ_కడలి
Telugu,"శ్రీ తిరుపతి వేంకటేశ్వర కళ్యాణం 1979, సెప్టెంబరు 28న విడుదలైన తెలుగు సినిమా.",te:శ్రీ తిరుపతి వేంకటేశ్వర కళ్యాణం,https://te.wikipedia.org/wiki/శ్రీ_తిరుపతి_వేంకటేశ్వర_కళ్యాణం
Telugu,"రామకృష్ణ సినీ స్టూడియోస్ పతాకంపై స్వీయ నిర్మాణంలో నందమూరి తారక రామారావు దర్శకత్వం వహించిన ఈ చిత్రంలో నందమూరి తారక రామారావు, నందమూరి బాలకృష్ణ, జయప్రద, జయసుధ ప్రధాన పాత్రల్లో నటించగా, పెండ్యాల నాగేశ్వరరావు సంగీతం అందించాడు.",te:శ్రీ తిరుపతి వేంకటేశ్వర కళ్యాణం,https://te.wikipedia.org/wiki/శ్రీ_తిరుపతి_వేంకటేశ్వర_కళ్యాణం
Telugu,"రాజుపాలెం మండలం, ఆంధ్రప్రదేశ్ రాష్ట్రంలోని వైఎస్ఆర్ కడప జిల్లాకు చెందిన ఒక మండలం.",te:రాజుపాలెం మండలం (వైఎస్‌ఆర్),https://te.wikipedia.org/wiki/రాజుపాలెం_మండలం_(వైఎస్‌ఆర్)
Telugu,నెడుమంగడ్ శాసనసభ నియోజకవర్గం కేరళ రాష్ట్రంలోని నియోజకవర్గాలలో ఒకటి.,te:నెడుమంగడ్ శాసనసభ నియోజకవర్గం,https://te.wikipedia.org/wiki/నెడుమంగడ్_శాసనసభ_నియోజకవర్గం
Telugu,"ఈ నియోజకవర్గం తిరువనంతపురం జిల్లా, అట్టింగల్ లోక్‌సభ నియోజకవర్గం పరిధిలోని ఏడు శాసనసభ నియోజకవర్గాల్లో ఒకటి.",te:నెడుమంగడ్ శాసనసభ నియోజకవర్గం,https://te.wikipedia.org/wiki/నెడుమంగడ్_శాసనసభ_నియోజకవర్గం
Telugu,"చొప్పిడి, తెలంగాణ రాష్ట్రం, కొమరంభీం జిల్లా, తిర్యాని మండలంలోని గ్రామం.",te:చొప్పిడి,https://te.wikipedia.org/wiki/చొప్పిడి
Telugu,ఇది మండల కేంద్రమైన తిర్యాని నుండి 15 కి.,te:చొప్పిడి,https://te.wikipedia.org/wiki/చొప్పిడి
Telugu,"దూరం లోను, సమీప పట్టణమైన బెల్లంపల్లి నుండి 48 కి.",te:చొప్పిడి,https://te.wikipedia.org/wiki/చొప్పిడి
Telugu,2016 అక్టోబరు 11 న చేసిన తెలంగాణ జిల్లాల పునర్వ్యవస్థీకరణకు ముందు ఈ గ్రామం పాత ఆదిలాబాద్ జిల్లా లోని ఇదే మండలంలో ఉండేది.,te:చొప్పిడి,https://te.wikipedia.org/wiki/చొప్పిడి
Telugu,"పల్లడం సంజీవరావు (1882–1962) తమిళనాడు కు చెందిన భారతీయ వేణుగాన విద్వాంసుడు, కర్ణాటక సంగీతకారుడు.",te:పల్లడం సంజీవరావు,https://te.wikipedia.org/wiki/పల్లడం_సంజీవరావు
Telugu,"గోప్లాపూర్ (కలాన్) తెలంగాణ రాష్ట్రం, మహబూబ్ నగర్ జిల్లా, జడ్చర్ల మండలంలోని గ్రామం.",te:గోపాల్‌పూర్ (కలాన్),https://te.wikipedia.org/wiki/గోపాల్‌పూర్_(కలాన్)
Telugu,ఇది మండల కేంద్రమైన జడ్చర్ల నుండి 14 కి.,te:గోపాల్‌పూర్ (కలాన్),https://te.wikipedia.org/wiki/గోపాల్‌పూర్_(కలాన్)
Telugu,"దూరం లోను, సమీప పట్టణమైన మహబూబ్ నగర్ నుండి 31 కి.",te:గోపాల్‌పూర్ (కలాన్),https://te.wikipedia.org/wiki/గోపాల్‌పూర్_(కలాన్)
Telugu,2016 అక్టోబరు 11 న చేసిన తెలంగాణ జిల్లాల పునర్వ్యవస్థీకరణకు ముందు ఈ గ్రామం పాత మహబూబ్ నగర్ జిల్లా లోని ఇదే మండలంలో ఉండేది.,te:గోపాల్‌పూర్ (కలాన్),https://te.wikipedia.org/wiki/గోపాల్‌పూర్_(కలాన్)
Telugu,"లిడియా మోస్ బ్రాడ్లీ (జూలై 31, 1816 - జనవరి 16, 1908) ఒక సంపన్న బ్యాంక్ అధ్యక్షురాలు, దాతృత్వ కార్యక్రమాలకు ప్రసిద్ధి చెందిన దాత.",te:లిడియా మోస్ బ్రాడ్లీ,https://te.wikipedia.org/wiki/లిడియా_మోస్_బ్రాడ్లీ
Telugu,ఆమె 1897 లో ఇల్లినాయిస్ లోని పియోరియాలో బ్రాడ్లీ పాలిటెక్నిక్ ఇనిస్టిట్యూట్ ను స్థాపించింది.,te:లిడియా మోస్ బ్రాడ్లీ,https://te.wikipedia.org/wiki/లిడియా_మోస్_బ్రాడ్లీ
Telugu,"మహ్మద్ వసీం (జననం 1978, ఆగస్టు 8) పాకిస్తాన్, డచ్ క్రికెట్ జట్లకు ఆడిన పాకిస్తానీ-డచ్ క్రికెటర్, కోచ్.",te:మహ్మద్ వసీం,https://te.wikipedia.org/wiki/మహ్మద్_వసీం
Telugu,"పాకిస్తాన్ జాతీయ క్రికెట్ జట్టు తరపున 1996 నుండి 2000 వరకు 18 టెస్ట్ మ్యాచ్‌లు, 25 వన్డే ఇంటర్నేషనల్స్ మ్యాచ్ లు ఆడాడు.",te:మహ్మద్ వసీం,https://te.wikipedia.org/wiki/మహ్మద్_వసీం
Telugu,ఇంటి పై కప్పుకు లోపలి భాగాన గాలి కొరకు బిగించబడిన సాధనాన్ని సీలింగ్ ఫ్యాన్ అంటారు.,te:సీలింగ్ ఫ్యాన్,https://te.wikipedia.org/wiki/సీలింగ్_ఫ్యాన్
Telugu,దీనిని సాధారణంగా గది మధ్య భాగంలో బిగిస్తారు.,te:సీలింగ్ ఫ్యాన్,https://te.wikipedia.org/wiki/సీలింగ్_ఫ్యాన్
Telugu,ఫ్యాన్ కు మధ్య భాగాన ఉన్న ఇరుసుకు రెక్కలు బిగించబడి ఉంటాయి.,te:సీలింగ్ ఫ్యాన్,https://te.wikipedia.org/wiki/సీలింగ్_ఫ్యాన్
Telugu,"ఫ్యాన్ లోపల ఉన్న విద్యుత్ యంత్రానికి విద్యుచ్ఛక్తి సరఫరా అయినపుడు, మోటారు తిరిగి, దానికి బిగించిన రెక్కలు తిరిగి గాలిని తోస్తాయి.",te:సీలింగ్ ఫ్యాన్,https://te.wikipedia.org/wiki/సీలింగ్_ఫ్యాన్
Telugu,"తిమ్మయ్యపల్లె చిత్తూరు జిల్లా, గుడిపాల మండలం లోని గ్రామం.",te:తిమ్మయ్యపల్లె,https://te.wikipedia.org/wiki/తిమ్మయ్యపల్లె
Telugu,ఇది మండల కేంద్రమైన గుడిపాల నుండి 7 కి.,te:తిమ్మయ్యపల్లె,https://te.wikipedia.org/wiki/తిమ్మయ్యపల్లె
Telugu,"దూరం లోను, సమీప పట్టణమైన చిత్తూరు నుండి 22 కి.",te:తిమ్మయ్యపల్లె,https://te.wikipedia.org/wiki/తిమ్మయ్యపల్లె
Telugu,"2011 భారత జనగణన గణాంకాల ప్రకారం ఈ గ్రామం 213 ఇళ్లతో, 834 జనాభాతో 642 హెక్టార్లలో విస్తరించి ఉంది.",te:తిమ్మయ్యపల్లె,https://te.wikipedia.org/wiki/తిమ్మయ్యపల్లె
Telugu,"తాళ్లపల్లె, వైఎస్‌ఆర్ కడప జిల్లా, వేంపల్లె మండలానికి చెందిన గ్రామం.",te:తాళ్లపల్లె (వేంపల్లె),https://te.wikipedia.org/wiki/తాళ్లపల్లె_(వేంపల్లె)
Telugu,ఇది మండల కేంద్రమైన వేంపల్లె నుండి 9 కి.,te:తాళ్లపల్లె (వేంపల్లె),https://te.wikipedia.org/wiki/తాళ్లపల్లె_(వేంపల్లె)
Telugu,"దూరం లోను, సమీప పట్టణమైన పులివెందుల నుండి 19 కి.",te:తాళ్లపల్లె (వేంపల్లె),https://te.wikipedia.org/wiki/తాళ్లపల్లె_(వేంపల్లె)
Telugu,"2011 భారత జనగణన గణాంకాల ప్రకారం ఈ గ్రామం 532 ఇళ్లతో, 2083 జనాభాతో 1673 హెక్టార్లలో విస్తరించి ఉంది.",te:తాళ్లపల్లె (వేంపల్లె),https://te.wikipedia.org/wiki/తాళ్లపల్లె_(వేంపల్లె)
Telugu,"కొమ్ము పాపయ్య తెలంగాణ రాష్ట్రంకు చెందిన చెందిన మాజీ మంత్రి, మాజీ శాసనసభ్యుడు.",te:కొమ్ము పాపయ్య,https://te.wikipedia.org/wiki/కొమ్ము_పాపయ్య
Telugu,"1978, 1983లో రామన్నపేట నియోజకవర్గం నుంచి భారతీయ జాతీయ కాంగ్రెస్ అభ్యర్థిగా పోటీ చేసి గెలుపొందడమేకాకుండా, 1983లో అంజయ్య మంత్రివర్గంలో విద్యుత్తు శాఖ మంత్రిగా నెల రోజులు పనిచేశాడు.",te:కొమ్ము పాపయ్య,https://te.wikipedia.org/wiki/కొమ్ము_పాపయ్య
Telugu,"ఎయిర్ ఫోర్స్ కామన్ అడ్మిషన్ టెస్ట్ (ఏఎఫ్ కే ట్ ) భారత వైమానిక దళం (IAF)లో ఫ్లయింగ్ శాఖ, గ్రౌండ్ డ్యూటీ శాఖల్లో అధికారులను నియమించడానికి ఎయిర్ ఫోర్స్ సెలెక్షన్ బోర్డు నిర్వహించే పరీక్ష.",te:వాయు సేన సముదాయ ప్రవేశ పరీక్ష,https://te.wikipedia.org/wiki/వాయు_సేన_సముదాయ_ప్రవేశ_పరీక్ష
Telugu,ఎయిర్ ఫోర్స్ సెలెక్షన్ బోర్డు భారత వైమానిక దళానికి చెందిన నియామక విభాగంగా పనిచేస్తుంది.,te:వాయు సేన సముదాయ ప్రవేశ పరీక్ష,https://te.wikipedia.org/wiki/వాయు_సేన_సముదాయ_ప్రవేశ_పరీక్ష
Telugu,"యునైటెడ్ బెంగాల్' (ఐక్య బెంగాల్) అనేది 1947లో జరిగిన భారతదేశ విభజన సమయంలో బెంగాల్ ప్రావిన్స్ను విడిపోని, సార్వభౌమ దేశంగా మార్చడానికి చేసిన ఒక ప్రతిపాదన.",te:ఐక్య బెంగాల్,https://te.wikipedia.org/wiki/ఐక్య_బెంగాల్
Telugu,ఇది మతపరమైన కారణాలపై బెంగాల్ విభజనను నిరోధించడానికి ప్రయత్నించింది.,te:ఐక్య బెంగాల్,https://te.wikipedia.org/wiki/ఐక్య_బెంగాల్
Telugu,"ప్రావిన్స్ విభజనకు పూర్వం ఉన్న రాజకీయ నాయకత్వంలో ఈ ప్రతిపాదన ఉద్భవించింది, కొన్ని మతాలకతీతమైన మద్దతును పొందింది.",te:ఐక్య బెంగాల్,https://te.wikipedia.org/wiki/ఐక్య_బెంగాల్
Telugu,ప్రతిపాదిత రాష్ట్రాన్ని ఫ్రీ స్టేట్ ఆఫ్ బెంగాల్ అని పిలవాలని అనుకున్నారు.,te:ఐక్య బెంగాల్,https://te.wikipedia.org/wiki/ఐక్య_బెంగాల్
Telugu,"బైకల్ సరస్సు (Lake Baikal - లేక్ బైకల్) రష్యాలో ఉన్న ఒక లోతైన సరస్సు, ఇది దక్షిణ సైబీరియా ప్రాంతంలో ఉన్నది.",te:బైకల్ సరస్సు,https://te.wikipedia.org/wiki/బైకల్_సరస్సు
Telugu,"బైకాల్ సరస్సు ప్రపంచంలో వాల్యూమ్‌ ద్వారా అతిపెద్ద మంచినీటి సరస్సు, ఇది ప్రపంచంలోని ఘనీభవించని ఉపరితల తాజా నీటి లో సుమారు 20% కలిగివున్నది.",te:బైకల్ సరస్సు,https://te.wikipedia.org/wiki/బైకల్_సరస్సు
Telugu,"ప్రపంచంలోనే మంచినీటి సరస్సుల యొక్క అతి పెద్ద సమూహముగా ఉన్న ఉత్తర అమెరికాలో ఉన్న ఐదు పెద్ద సరస్సులైన మహా సరస్సులు లోని నీటి కంటే ఎక్కువగా 23,615.39 km3 (5,700 cu mi) మంచినీరును ఈ బైకల్ సరస్సు కలిగి ఉన్నది.",te:బైకల్ సరస్సు,https://te.wikipedia.org/wiki/బైకల్_సరస్సు
Telugu,"నిడిగల్లు ఆంధ్రప్రదేశ్ రాష్ట్రం, శ్రీ సత్యసాయి జిల్లా, తాడిమర్రి మండలం లోని గ్రామం.",te:నిడిగల్లు (తాడిమర్రి మండలం),https://te.wikipedia.org/wiki/నిడిగల్లు_(తాడిమర్రి_మండలం)
Telugu,ఇది మండల కేంద్రమైన తాడిమర్రి నుండి 5 కి.,te:నిడిగల్లు (తాడిమర్రి మండలం),https://te.wikipedia.org/wiki/నిడిగల్లు_(తాడిమర్రి_మండలం)
Telugu,"దూరం లోను, సమీప పట్టణమైన ధర్మవరం నుండి 25 కి.",te:నిడిగల్లు (తాడిమర్రి మండలం),https://te.wikipedia.org/wiki/నిడిగల్లు_(తాడిమర్రి_మండలం)
Telugu,"2011 భారత జనగణన గణాంకాల ప్రకారం ఈ గ్రామం 854 ఇళ్లతో, 3228 జనాభాతో 1851 హెక్టార్లలో విస్తరించి ఉంది.",te:నిడిగల్లు (తాడిమర్రి మండలం),https://te.wikipedia.org/wiki/నిడిగల్లు_(తాడిమర్రి_మండలం)
Telugu,నీరాళి ప్యాలెస్ (Malayalam: നീരാഴി കൊട്ടാരം) తెక్కుంకూర్ రాజ్య రాజభవనం.,te:నీరాళి ప్యాలెస్,https://te.wikipedia.org/wiki/నీరాళి_ప్యాలెస్
Telugu,ఈ ప్యాలెస్ చంగనస్సేరి లోని పుళావతు లో ఉంది.,te:నీరాళి ప్యాలెస్,https://te.wikipedia.org/wiki/నీరాళి_ప్యాలెస్
Telugu,"ఈ ప్యాలెస్‌ను 1750 వరకు తెక్కుంకూర్ రాజవంశం, ఆ తరువాత మలబార్ ప్రాంతం (ప్రస్తుత పరప్పనంగాడి) నుండి చంగనస్సేరి లో స్థిరపడిన పరప్పనాడ్ రాజవంశం ఉపయోగించింది.",te:నీరాళి ప్యాలెస్,https://te.wikipedia.org/wiki/నీరాళి_ప్యాలెస్
Telugu,ఇక్కడే తెక్కుంకూర్ చివరి రాజు ఆదిత్య వర్మన్ మణికంఠన్ 1790 ట్రావెన్‌కోర్ దండయాత్ర (చంగనస్సేరి యుద్ధం) లో కొట్టాయం లోని నట్టస్సేరికి పారిపోయాడు.,te:నీరాళి ప్యాలెస్,https://te.wikipedia.org/wiki/నీరాళి_ప్యాలెస్
Telugu,"జయంతి కురు-ఉతుంపల శ్రీలంక సాహసికురాలు, ప్రొఫెషనల్ రాక్ క్లైంబర్, మోటివేషనల్ స్పీకర్, ఎల్జిబిటి, మహిళా హక్కుల కార్యకర్త.",te:జయంతి కురు-ఉతుంపల,https://te.wikipedia.org/wiki/జయంతి_కురు-ఉతుంపల
Telugu,2016 మే 21న ఎవరెస్ట్ శిఖరాన్ని అధిరోహించిన శ్రీలంక నుంచి ఆమె మొదటి వ్యక్తి.,te:జయంతి కురు-ఉతుంపల,https://te.wikipedia.org/wiki/జయంతి_కురు-ఉతుంపల
Telugu,"కురు-ఉతుంపల శ్రీలంకలో మహిళల హక్కుల కోసం న్యాయవాది, తన వయోజన జీవితంలో ఎక్కువ భాగం లింగ అధ్యయనాలు, మహిళల హక్కులను పరిశోధించడంలో గడిపారు.",te:జయంతి కురు-ఉతుంపల,https://te.wikipedia.org/wiki/జయంతి_కురు-ఉతుంపల
Telugu,ఆమె తోటి పర్వతారోహకుడు జోహన్ పెరీస్ తో కలిసి అనేక సాహసయాత్రలకు సహకరించింది.,te:జయంతి కురు-ఉతుంపల,https://te.wikipedia.org/wiki/జయంతి_కురు-ఉతుంపల
Telugu,"దివ్య అగర్వాల్ (జననం 1992 డిసెంబరు 4) ఒక భారతీయ నటి, మోడల్, డాన్సర్.",te:దివ్య అగర్వాల్,https://te.wikipedia.org/wiki/దివ్య_అగర్వాల్
Telugu,ఆమె అనేక రియాలిటీ షోలలో పాల్గొనడం ద్వారా ప్రసిద్ధి చెందింది.,te:దివ్య అగర్వాల్,https://te.wikipedia.org/wiki/దివ్య_అగర్వాల్
Telugu,"ఆమె ఎంటీవీ స్ప్లిట్స్‌విల్లా 10 రన్నరప్ గా, ఏస్ ఆఫ్ స్పేస్ 1, బిగ్ బాస్ ఓటీటీ 1 విజేతగా నిలిచింది.",te:దివ్య అగర్వాల్,https://te.wikipedia.org/wiki/దివ్య_అగర్వాల్
Telugu,రాగిణి ఎంఎంఎస్: రిటర్న్స్ 2 అనే భయానక వెబ్ సిరీస్‌తో ఆమె తన నటనా రంగ ప్రవేశం చేసింది.,te:దివ్య అగర్వాల్,https://te.wikipedia.org/wiki/దివ్య_అగర్వాల్
Telugu,అవనాశి శాసనసభ నియోజకవర్గం తమిళనాడు రాష్ట్రంలోని నియోజకవర్గాలలో ఒకటి.,te:అవనాశి శాసనసభ నియోజకవర్గం,https://te.wikipedia.org/wiki/అవనాశి_శాసనసభ_నియోజకవర్గం
Telugu,"ఈ నియోజకవర్గం తిరుప్పూర్ జిల్లా, నీలగిరి లోక్‌సభ నియోజకవర్గం పరిధిలోని ఆరు శాసనసభ నియోజకవర్గాల్లో ఒకటి.",te:అవనాశి శాసనసభ నియోజకవర్గం,https://te.wikipedia.org/wiki/అవనాశి_శాసనసభ_నియోజకవర్గం
Telugu,"థామస్ విలియం మాక్స్‌వెల్ లాథమ్ (జననం 1992 ఏప్రిల్ 2) న్యూజిలాండ్ అంతర్జాతీయ క్రికెటరు, వన్డే ఇంటర్నేషనల్‌లో న్యూజిలాండ్ క్రికెట్ జట్టుకు కెప్టెన్, టెస్టు మ్యాచ్‌లలో వైస్ కెప్టెన్.",te:టామ్ లాథమ్,https://te.wikipedia.org/wiki/టామ్_లాథమ్
Telugu,టెస్టుల్లో న్యూజిలాండ్‌ ఓపెనర్లలో అత్యధిక సెంచరీలు చేసిన ఆటగాడు.,te:టామ్ లాథమ్,https://te.wikipedia.org/wiki/టామ్_లాథమ్
Telugu,లాథమ్ 2019–2021 ICC వరల్డ్ టెస్టు ఛాంపియన్‌షిప్ గెలిచిన న్యూజిలాండ్ జట్టులో సభ్యుడు.,te:టామ్ లాథమ్,https://te.wikipedia.org/wiki/టామ్_లాథమ్
Telugu,అతను మాజీ క్రికెటర్ రాడ్ లాథమ్ కుమారుడు.,te:టామ్ లాథమ్,https://te.wikipedia.org/wiki/టామ్_లాథమ్
Telugu,"భీమవరం ప్రకాశం జిల్లా, ముండ్లమూరు మండలంలోని గ్రామం.",te:భీమవరం (ముండ్లమూరు),https://te.wikipedia.org/wiki/భీమవరం_(ముండ్లమూరు)
Telugu,ఇది మండల కేంద్రమైన ముండ్లమూరు నుండి 14 కి.,te:భీమవరం (ముండ్లమూరు),https://te.wikipedia.org/wiki/భీమవరం_(ముండ్లమూరు)
Telugu,"దూరం లోను, సమీప పట్టణమైన వినుకొండ నుండి 22 కి.",te:భీమవరం (ముండ్లమూరు),https://te.wikipedia.org/wiki/భీమవరం_(ముండ్లమూరు)
Telugu,"2011 భారత జనగణన గణాంకాల ప్రకారం ఈ గ్రామం 401 ఇళ్లతో, 1574 జనాభాతో 1433 హెక్టార్లలో విస్తరించి ఉంది.",te:భీమవరం (ముండ్లమూరు),https://te.wikipedia.org/wiki/భీమవరం_(ముండ్లమూరు)
Telugu,గీతా మకరందము శ్రీకాళహస్తిలోని శ్రీ శుకబ్రహ్మాశ్రమ వ్యవస్థాపకుడైన విద్యా ప్రకాశానందగిరి స్వామి భగవద్గీతపై రచించిన గ్రంథం.,te:గీతా మకరందం,https://te.wikipedia.org/wiki/గీతా_మకరందం
Telugu,విద్యాప్రకాశానంద గిరి స్వామి తన జీవితకాలంలో తన ఆశ్రమంలోనే కాక ఊరూరా తిరుగుతూ భగవద్గీతపై అనేక ఉపన్యాసాలు ఇచ్చాడు.,te:గీతా మకరందం,https://te.wikipedia.org/wiki/గీతా_మకరందం
Telugu,"1000 పేజీలకు పైబడిన ఈ గ్రంథంలో భగవద్గీతలోని మూల శ్లోకము, ప్రతి శ్లోకానికి అవతారిక, ప్రతిపదార్థం, తాత్పర్యం, వ్యాఖ్యానం, ప్రశ్నోత్తరాలు, ఇంకా గీతను గూర్చి పలు వివరణలు ఉంటాయి.",te:గీతా మకరందం,https://te.wikipedia.org/wiki/గీతా_మకరందం
Telugu,మొదటి 100 పేజీలలో గీతా తత్వాన్ని సులభంగా బోధించే పాఠ్యం ఉంటుంది.,te:గీతా మకరందం,https://te.wikipedia.org/wiki/గీతా_మకరందం
Telugu,"కొత్తూర్ పట్టి దిగ్వాల్ తెలంగాణ రాష్ట్రం, సంగారెడ్డి జిల్లా, కోహిర్ మండలంలోని గ్రామం.",te:కొత్తూరు పట్టి దిగ్వాల్,https://te.wikipedia.org/wiki/కొత్తూరు_పట్టి_దిగ్వాల్
Telugu,ఇది మండల కేంద్రమైన కోహిర్ నుండి 10 కి.,te:కొత్తూరు పట్టి దిగ్వాల్,https://te.wikipedia.org/wiki/కొత్తూరు_పట్టి_దిగ్వాల్
Telugu,"దూరం లోను, సమీప పట్టణమైన జహీరాబాద్ నుండి 20 కి.",te:కొత్తూరు పట్టి దిగ్వాల్,https://te.wikipedia.org/wiki/కొత్తూరు_పట్టి_దిగ్వాల్
Telugu,"రామ్ జెఠ్మలానీ (ఆంగ్లం: Ram Jethmalani; 1923 సెప్టెంబరు 14 - 2019 సెప్టెంబరు 07) ఒక భారతీయ న్యాయవాది, రాజకీయనేత.",te:రామ్ జెఠ్మలానీ,https://te.wikipedia.org/wiki/రామ్_జెఠ్మలానీ
Telugu,2010లో సుప్రీంకోర్టు బార్ అసోసియేషన్ అధ్యక్షుడిగా ఎన్నికయ్యాడు.,te:రామ్ జెఠ్మలానీ,https://te.wikipedia.org/wiki/రామ్_జెఠ్మలానీ
Telugu,2019 భారత సాధారణ ఎన్నికల్లో భాగంగా మేఘాలయ లోని రెండు లోక్‌సభ స్థానాలకు 2019 ఏప్రిల్ 11 న జరిగాయి.,te:మేఘాలయలో 2019 భారత సార్వత్రిక ఎన్నికలు,https://te.wikipedia.org/wiki/మేఘాలయలో_2019_భారత_సార్వత్రిక_ఎన్నికలు
Telugu,టోనియా అలెక్సిస్ మార్షల్ (జననం: 17 అక్టోబర్ 1998) 100 మీటర్ల హర్డిల్స్‌లో ప్రత్యేకత కలిగిన ఒక అమెరికన్ హర్డిలర్ .,te:టోనియా మార్షల్,https://te.wikipedia.org/wiki/టోనియా_మార్షల్
Telugu,"ఆమె 2019 ఎన్‌ఎసిఎసి U23 ఛాంపియన్‌షిప్‌లో ఛాంపియన్‌షిప్ రికార్డు సమయంలో బంగారు పతక విజేత,, 2023 యుఎస్ఎ ఇండోర్ ట్రాక్ అండ్ ఫీల్డ్ ఛాంపియన్‌షిప్‌లో 60 మీటర్ల హర్డిల్స్‌లో రజత పతక విజేత.",te:టోనియా మార్షల్,https://te.wikipedia.org/wiki/టోనియా_మార్షల్
Telugu,"మెచెల్ చనై లూయిస్ ఫ్రీమాన్ (జననం సెప్టెంబర్ 20, 1980) ఒక అమెరికన్ ట్రాక్ అండ్ ఫీల్డ్ అథ్లెట్, ఆమె 100 మీటర్లు, 4x100 మీటర్ల రిలేలో ప్రత్యేకత కలిగి ఉంది.",te:మెచెల్ లూయిస్,https://te.wikipedia.org/wiki/మెచెల్_లూయిస్
Telugu,"ఆక్సాన్ హిల్, మేరీల్యాండ్ స్థానికురాలు అయిన మెచెల్, 2007 పాన్ అమెరికన్ డబుల్ సిల్వర్ పతక విజేత, 2007 ప్రపంచ ఛాంపియన్, 2008 యుఎస్ఎ ఒలింపియన్.",te:మెచెల్ లూయిస్,https://te.wikipedia.org/wiki/మెచెల్_లూయిస్
Telugu,చైనాలోని బీజింగ్‌లో జరిగిన 2008 వేసవి ఒలింపిక్ క్రీడలలో లూయిస్ అమెరికాకు ప్రాతినిధ్యం వహించాడు.,te:మెచెల్ లూయిస్,https://te.wikipedia.org/wiki/మెచెల్_లూయిస్
Telugu,"ఆమె ఏంజెలా విలియమ్స్, టోరీ ఎడ్వర్డ్స్, లౌరిన్ విలియమ్స్ లతో కలిసి 4x100 మీటర్ల రిలేలో పోటీ పడింది.",te:మెచెల్ లూయిస్,https://te.wikipedia.org/wiki/మెచెల్_లూయిస్
Telugu,"టామ్, జెర్రీ (Tom and Jerry) అనే హాస్యం తెప్పించే కార్యక్రమంలో పెంపుడు పిల్లి పేరు.",te:టామ్,https://te.wikipedia.org/wiki/టామ్
Telugu,"టామ్ క్రూజ్ (Tom Cruise) అనే తెరపైన పేరు తో బాగా పరిచయమైన ఒక అమెరికా దేశ నటుడు, చలన చిత్ర నిర్మాత.",te:టామ్,https://te.wikipedia.org/wiki/టామ్
Telugu,టామ్‌ పెట్టీ - అమెరికన్ సంగీతకారుడు.,te:టామ్,https://te.wikipedia.org/wiki/టామ్
Telugu,రొమేనియాలో భారత రాయబారి భారత రిపబ్లిక్ అగ్రశ్రేణి దౌత్య ప్రతినిధి.,te:రొమేనియాకు భారత రాయబారుల జాబితా,https://te.wikipedia.org/wiki/రొమేనియాకు_భారత_రాయబారుల_జాబితా
Telugu,రొమేనియాలో భారతదేశ దౌత్య మిషన్ అధిపతి.,te:రొమేనియాకు భారత రాయబారుల జాబితా,https://te.wikipedia.org/wiki/రొమేనియాకు_భారత_రాయబారుల_జాబితా
Telugu,"రాయబారి బుకారెస్ట్‌లో నివసిస్తున్నారు & అల్బేనియా, మోల్డోవా రెండింటికీ ప్రవాస రాయబారిగా ఏకకాలంలో గుర్తింపు పొందారు.",te:రొమేనియాకు భారత రాయబారుల జాబితా,https://te.wikipedia.org/wiki/రొమేనియాకు_భారత_రాయబారుల_జాబితా
Telugu,"గుండుగొలనుకుంట, ఏలూరు జిల్లా, ద్వారకా తిరుమల మండలానికి చెందిన గ్రామం.",te:గుండుగొలనుకుంట,https://te.wikipedia.org/wiki/గుండుగొలనుకుంట
Telugu,ఇది మండల కేంద్రమైన ద్వారకాతిరుమల నుండి 3 కి.,te:గుండుగొలనుకుంట,https://te.wikipedia.org/wiki/గుండుగొలనుకుంట
Telugu,"దూరం లోను, సమీప పట్టణమైన ఏలూరు నుండి 47 కి.",te:గుండుగొలనుకుంట,https://te.wikipedia.org/wiki/గుండుగొలనుకుంట
Telugu,"2011 భారత జనగణన గణాంకాల ప్రకారం ఈ గ్రామం 522 ఇళ్లతో, 1803 జనాభాతో 727 హెక్టార్లలో విస్తరించి ఉంది.",te:గుండుగొలనుకుంట,https://te.wikipedia.org/wiki/గుండుగొలనుకుంట
Telugu,చార్లెస్ డి లా ఫోస్ (లేదా లాఫాస్; 15 జూన్ 1636 – 13 డిసెంబర్ 1716) పారిస్ నగరంలో జన్మించిన ఫ్రెంచ్ చిత్రకారుడు.,te:చార్లెస్ డి లా ఫోస్,https://te.wikipedia.org/wiki/చార్లెస్_డి_లా_ఫోస్
Kannada,ಮೂಡೆ ತುಳುನಾಡಿನ ಜನರು ಹಬ್ಬದ ಸಮಯದಲ್ಲಿ ವಿಶೇಷವಾಗಿ ತಯಾರಿಸುವ ಆಹಾರ ಇದಾಗಿದೆ.,kn:ಮೂಡೆ,https://kn.wikipedia.org/wiki/ಮೂಡೆ
Kannada,ಮೂಡೆ ಅತ್ಯಂತ ಜನಪ್ರಿಯ ಆಹಾರಗಳಲ್ಲಿ ಒಂದಾಗಿದೆ.,kn:ಮೂಡೆ,https://kn.wikipedia.org/wiki/ಮೂಡೆ
Kannada,ನೈಸರ್ಗಿಕ ಪದಾರ್ಥಗಳ ಸಹಾಯದಿಂದ ತಯಾರಿಸಿದ ಮೂಡೆ ರುಚಿಕರ ಮತ್ತು ಆರೋಗ್ಯಕರವಾಗಿರುತ್ತದೆ.,kn:ಮೂಡೆ,https://kn.wikipedia.org/wiki/ಮೂಡೆ
Kannada,ಆಧುನಿಕ ಭರಟೆಯಲ್ಲಿ ಇಂತಹ ಆಹಾರಕ್ರಮಗಳು ಮರೆಯಾದರೂ ತುಳುನಾಡಿನ ಪ್ರತಿ ಮನೆ ಮನೆಯಲ್ಲೂ ಅಳಿಯದೆ ಉಳಿದುಕೊಂಡಿದೆ.,kn:ಮೂಡೆ,https://kn.wikipedia.org/wiki/ಮೂಡೆ
Kannada,"ಉದಾರತೆಯು ಪ್ರಾಪಂಚಿಕ ವಸ್ತುಗಳಿಂದ ನಿರ್ಲಿಪ್ತವಾಗಿರುವ ಸದ್ಗುಣ, ಇದನ್ನು ಹಲವುವೇಳೆ ಉಡುಗೊರೆಗಳ ಕೊಡುವಿಕೆಯೊಂದಿಗೆ ಸಂಕೇತಿಸಲಾಗುತ್ತದೆ.",kn:ಉದಾರತೆ,https://kn.wikipedia.org/wiki/ಉದಾರತೆ
Kannada,"ವಿವಿಧ ವಿಶ್ವ ಧರ್ಮಗಳು ಉದಾರತೆಯನ್ನು ಒಂದು ಸದ್ಗುಣವೆಂದು ಪರಿಗಣಿಸುತ್ತವೆ, ಮತ್ತು ಇದನ್ನು ಹಲವುವೇಳೆ ಸಾಂಸ್ಕೃತಿಕ ಹಾಗೂ ಧಾರ್ಮಿಕ ಸಮಾರಂಭಗಳಲ್ಲಿ ಕೊಂಡಾಡಲಾಗುತ್ತದೆ.",kn:ಉದಾರತೆ,https://kn.wikipedia.org/wiki/ಉದಾರತೆ
Kannada,"ಉದಾರತೆಯಲ್ಲಿನ ವೈಜ್ಞಾನಿಕ ತನಿಖೆಯು ಒಬ್ಬ ವ್ಯಕ್ತಿಯ ಉದಾರತೆ ಮೇಲೆ ಅನೇಕ ಘಟನಾವಳಿಗಳು ಮತ್ತು ಆಟಗಳ ಪ್ರಭಾವವನ್ನು, ಮತ್ತು ಆಕ್ಸಿಟೋಸಿನ್‍ನಂತಹ ನರ ರಾಸಾಯನಿಕಗಳೊಂದಿಗಿನ ಸಂಭಾವ್ಯ ಸಂಬಂಧಗಳನ್ನು, ಮತ್ತು ಅನುಭೂತಿಯಂತಹ ಹೋಲಿಕೆಯ ಅನಿಸಿಕೆಗಳೊಂದಿಗಿನ ಸಂಬಂಧವನ್ನು ಪರಿಶೀಲಿಸಿದೆ.",kn:ಉದಾರತೆ,https://kn.wikipedia.org/wiki/ಉದಾರತೆ
Kannada,ಉದಾರತೆ ಪದವನ್ನು ಕೆಲವೊಮ್ಮೆ ದಾನಶೀಲತೆಯನ್ನು (ಪ್ರತಿಯಾಗಿ ಏನನ್ನೂ ಅಪೇಕ್ಷಿಸದೇ ಕೊಡುವ ಸದ್ಗುಣ) ಸೂಚಿಸಲು ಬಳಸಲಾಗುತ್ತದೆ.,kn:ಉದಾರತೆ,https://kn.wikipedia.org/wiki/ಉದಾರತೆ
Kannada,"ಕೆವಿನ್ ಸಿಸ್ಟ್ರೋಮ್ (ಜನನ ಡಿಸೆಂಬರ್ ೩೦, ೧೯೮೩) ಒಬ್ಬ ಅಮೇರಿಕನ್ ಕಂಪ್ಯೂಟರ್ ಪ್ರೋಗ್ರಾಮರ್ ಮತ್ತು ವಾಣಿಜ್ಯೋದ್ಯಮಿ.",kn:ಕೆವಿನ್ ಸಿಸ್ಟ್ರೋಮ್,https://kn.wikipedia.org/wiki/ಕೆವಿನ್_ಸಿಸ್ಟ್ರೋಮ್
Kannada,ಇವರು ವಿಶ್ವದ ಅತಿದೊಡ್ಡ ಫೋಟೋ ಹಂಚಿಕೆಯ ಜಾಲತಾಣವಾದ ಇನ್‍ಸ್ಟಾಗ್ರಾಂ ನ ಸಹ ಸಂಸ್ಥಾಪಕ.,kn:ಕೆವಿನ್ ಸಿಸ್ಟ್ರೋಮ್,https://kn.wikipedia.org/wiki/ಕೆವಿನ್_ಸಿಸ್ಟ್ರೋಮ್
Kannada,ಕೆವಿನ್ ಸಿಸ್ಟ್ರೋಮ್ ಹಾಗೂ ಮೈಕ್ ಕ್ರೀಗರ್ ಜೊತೆಯಾಗಿ ಇನ್‍ಸ್ಟಾಗ್ರಾಂ ಅನ್ನು ಸ್ಥಾಪಿಸಿದರು.,kn:ಕೆವಿನ್ ಸಿಸ್ಟ್ರೋಮ್,https://kn.wikipedia.org/wiki/ಕೆವಿನ್_ಸಿಸ್ಟ್ರೋಮ್
Kannada,೨೦೧೬ ರ ೪೦ ವರ್ಷದೊಳಗಿನ ಅಮೇರಿಕಾದ ಶ್ರೀಮಂತ ಉದ್ಯಮಿಗಳ ಪಟ್ಟಿಯಲ್ಲಿ ಸಿಸ್ಟ್ರೋಮ್ ಅನ್ನು ಸೇರಿಸಲಾಗಿದೆ.,kn:ಕೆವಿನ್ ಸಿಸ್ಟ್ರೋಮ್,https://kn.wikipedia.org/wiki/ಕೆವಿನ್_ಸಿಸ್ಟ್ರೋಮ್
Kannada,ಪಲ್ಲವಿ ಅಯ್ಯರ್ ಭಾರತೀಯ ಪತ್ರಕರ್ತೆ ಮತ್ತು ಪ್ರಸ್ತುತ ಸ್ಪೇನ್‌ನಲ್ಲಿರುವ ಲೇಖಕಿ.,kn:ಪಲ್ಲವಿ ಅಯ್ಯರ್,https://kn.wikipedia.org/wiki/ಪಲ್ಲವಿ_ಅಯ್ಯರ್
Kannada,"ಈ ಹಿಂದೆ ಅವರು ದಿ ಹಿಂದೂ ಪತ್ರಿಕೆಯ ಇಂಡೋನೇಷ್ಯಾ ವರದಿಗಾರರಾಗಿದ್ದರು, ಬಿಸಿನೆಸ್ ಸ್ಟ್ಯಾಂಡರ್ಡ್‌ಗೆ ಯುರೋಪ್ ವರದಿಗಾರರಾಗಿದ್ದರು ಮತ್ತು ಚೀನಾದ ದಿ ಹಿಂದೂ ಪತ್ರಿಕೆಯ ಬ್ಯೂರೋ ಮುಖ್ಯಸ್ಥರಾಗಿದ್ದರು.",kn:ಪಲ್ಲವಿ ಅಯ್ಯರ್,https://kn.wikipedia.org/wiki/ಪಲ್ಲವಿ_ಅಯ್ಯರ್
Kannada,ಬೆಳಕಿನ ಕಿರಣಗಳು ಪರಸ್ಪರ ಆಕರ್ಷಿಸುವಂತೆ ಅಥವಾ ವಿಕರ್ಷಿಸುವಂತೆ ಮಾಡುವ ಬಲಕ್ಕೆ ದ್ಯುತಿ ಶಕ್ತಿ ಎಂದು ಹೆಸರು.,kn:ದ್ಯುತಿ ಶಕ್ತಿ,https://kn.wikipedia.org/wiki/ದ್ಯುತಿ_ಶಕ್ತಿ
Kannada,ಈ ಬಲವು ಬೆಳಕಿನ ಕಿರಣಗಳಿಗೆ ಲಂಬವಾಗಿರುವ ಅಕ್ಷದ ಉದ್ದಕ್ಕೂ ಕಾರ್ಯನಿರ್ವಹಿಸುತ್ತದೆ.,kn:ದ್ಯುತಿ ಶಕ್ತಿ,https://kn.wikipedia.org/wiki/ದ್ಯುತಿ_ಶಕ್ತಿ
Kannada,ಇದರಿಂದಾಗಿ ಸಮಾನಾಂತರ ಕಿರಣಗಳು ಕೇಂದ್ರೀಕೃತವಾಗಬಹುದು ಅಥವಾ ದೂರವಾಗಬಹುದು.,kn:ದ್ಯುತಿ ಶಕ್ತಿ,https://kn.wikipedia.org/wiki/ದ್ಯುತಿ_ಶಕ್ತಿ
Kannada,ದ್ಯುತಿ ಶಕ್ತಿಯು ಸೂಕ್ಷ್ಮ ಸ್ತರದಲ್ಲಿ ಕೆಲಸ ಮಾಡುತ್ತದೆ.,kn:ದ್ಯುತಿ ಶಕ್ತಿ,https://kn.wikipedia.org/wiki/ದ್ಯುತಿ_ಶಕ್ತಿ
Kannada,ಒಡೆಸ್ಸ (ಯು.ಎಸ್.ಎ) ಅಮೆರಿಕ ಸಂಯುಕ್ತ ಸಂಸ್ಥಾನದ ಪಶ್ಚಿಮ ಟೆಕ್ಸಾಸಿನಲ್ಲಿರುವ ಒಂದು ನಗರ.,kn:ಒಡೆಸ್ಸ (ಯು.ಎಸ್.ಎ),https://kn.wikipedia.org/wiki/ಒಡೆಸ್ಸ_(ಯು.ಎಸ್.ಎ)
Kannada,"ಆಂಫೋರ ಈಜಿಪ್ಟ್, ಗ್ರೀಸ್, ಕ್ರೀಟ್ ಮುಂತಾದ ದೇಶಗಳಲ್ಲಿ ಧಾನ್ಯವನ್ನು ಮದ್ಯವನ್ನು ಶೇಖರಿಸಲು ಹಿಂದೆ ಬಳಕೆಯಲ್ಲಿದ್ದ ಗುಡಾಣಗಳು, ಇವುಗಳ ಬಾಯ ಇಕ್ಕಡೆಗಳಲ್ಲೂ ಹಿಡಿಗಳಿರುತ್ತವೆ.",kn:ಆಂಫೋರ,https://kn.wikipedia.org/wiki/ಆಂಫೋರ
Kannada,"ರೋಮ್ ಸಾಮ್ರಾಜ್ಯದ ಉಚ್ಚ್ರಾಯ ಕಾಲದಲ್ಲಿ ಮೆಡಿಟರೇನಿಯನ್ ಪ್ರದೇಶದಲ್ಲಿ ತಯಾರಿಸುತ್ತಿದ್ದ ಆಂಫೋರಗಳು ಪೂರ್ವ ಆಫ್ರಿಕಾ, ಪಶ್ಚಿಮ ಏಷ್ಯ ಭಾರತ ಮತ್ತು ಚೀನದಲ್ಲಿ ದೊರಕಿದ್ದು ಅಂದಿನ ವಿಶಾಲ ವಾಣಿಜ್ಯ ಸಂಪರ್ಕಗಳ ಬಗ್ಗೆ ಮಾಹಿತಿ ಒದಗಿಸುತ್ತದೆ.ಅಂಫೋರಾ ಒಂದೂವರೆ ಎರಡು ಅಥವಾ ಒಂದು ಅರ್ಧ ಟನ್ ನಡುವೆ ಲಭ್ಯವಿರುವ ಸಂಗ್ರಹ ಧಾರಕಗಳನ್ನು ತುಂಬಬಹುದು.",kn:ಆಂಫೋರ,https://kn.wikipedia.org/wiki/ಆಂಫೋರ
Kannada,ಸಿರೆಗಳು ಹೃದಯದ ಕಡೆಗೆ ರಕ್ತವನ್ನು ಸಾಗಿಸುವ ರಕ್ತನಾಳಗಳು.,kn:ಸಿರೆ,https://kn.wikipedia.org/wiki/ಸಿರೆ
Kannada,"ಬಹುತೇಕ ಸಿರೆಗಳು ಅಂಗಾಂಶಗಳಿಂದ ಹೃದಯಕ್ಕೆ ಆಮ್ಲಜನಕ ರಹಿತ ರಕ್ತವನ್ನು (ಮಲಿನ ರಕ್ತ ನಾಳಗಳು- ವೈನ್ಸ್)ಸಾಗಿಸುತ್ತವೆ; ಶ್ವಾಸಕೋಶದ ಸಿರೆ ಮತ್ತು ಹೊಕ್ಕುಳಿನ ಸಿರೆಗಳು ಅಪವಾದಗಳಾಗಿವೆ, ಇವೆರಡೂ ಹೃದಯಕ್ಕೆ ಆಮ್ಲಜನಕಯುಕ್ತ ರಕ್ತವನ್ನು ಸಾಗಿಸುತ್ತವೆ.",kn:ಸಿರೆ,https://kn.wikipedia.org/wiki/ಸಿರೆ
Kannada,"ಸಿರೆಗಳಿಗೆ ತದ್ವಿರುದ್ಧವಾಗಿ, ಅಪಧಮನಿಗಳು (ಶುದ್ಧರಕ್ತನಾಳಗಳು -ಆರ್ಟರಿ) ಹೃದಯದಿಂದ ಬೇರೆ ಅಂಗಾಂಗಳ ಕಡೆಗೆ ರಕ್ತವನ್ನು ಸಾಗಿಸುತ್ತವೆ.",kn:ಸಿರೆ,https://kn.wikipedia.org/wiki/ಸಿರೆ
Kannada,ಆಯುರ್ವೇದದಲ್ಲಿ ಭಸ್ಮವನ್ನು ಭಸ್ಮೀಕರಣದಿಂದ ಪಡೆದ ಪದಾರ್ಥವೆಂದು ವ್ಯಾಖ್ಯಾನಿಸಲಾಗಿದೆ.,kn:ಭಸ್ಮ,https://kn.wikipedia.org/wiki/ಭಸ್ಮ
Kannada,"ಭಸ್ಮ ಮತ್ತು ಪಿಷ್ಟಿಯನ್ನು (ಪುಡಿಮಾಡಿದ ರತ್ನ ಅಥವಾ ಲೋಹ) ಮೂಲಿಕೆಗಳೊಂದಿಗೆ ಆಯುರ್ವೇದದಲ್ಲಿ ಔಷಧೀಯ ವಸ್ತುವಾಗಿ ಗಂಭೀರ ಕಾಯಿಲೆಗಳ ಚಿಕಿತ್ಸೆಗೆ ಬಳಸಲಾಗುತ್ತದೆ, ಸ್ವಲ್ಪ ಮಟ್ಟಿಗೆ ಯುನಾನಿ ವೈದ್ಯ ಪದ್ಧತಿಯಲ್ಲಿ ಕೂಡ.",kn:ಭಸ್ಮ,https://kn.wikipedia.org/wiki/ಭಸ್ಮ
Kannada,ಈ ಔಷಧಿಗಳನ್ನು ತಯಾರಿಸುವ ವಿಧಾನಗಳು ಸಮಯ ತೆಗೆದುಕೊಳ್ಳುತ್ತವೆ ಮತ್ತು ಸಂಕೀರ್ಣವಾಗಿವೆ.,kn:ಭಸ್ಮ,https://kn.wikipedia.org/wiki/ಭಸ್ಮ
Kannada,ಭಸ್ಮವು ರತ್ನ ಅಥವಾ ಲೋಹವನ್ನು ಬೂದಿಯಾಗಿ ಪರಿವರ್ತಿಸಿದಾಗ ತಯಾರಾದ ಪದಾರ್ಥವಾಗಿರುತ್ತದೆ.,kn:ಭಸ್ಮ,https://kn.wikipedia.org/wiki/ಭಸ್ಮ
Kannada,"ಕಲ್ಲಡ್ಕ, ರಾಷ್ಟ್ರೀಯ ಹೆದ್ದಾರಿ ೭೫ರಲ್ಲಿ ರುವ ಒಂದು ಊರು.",kn:ಕಲ್ಲಡ್ಕ ಟೀ,https://kn.wikipedia.org/wiki/ಕಲ್ಲಡ್ಕ_ಟೀ
Kannada,ಕಲ್ಲಡ್ಕ ದಕ್ಷಿಣ ಕನ್ನಡ ಜಿಲ್ಲೆಯ ಬಂಟ್ವಾಳ ತಾಲೂಕಿನಲ್ಲಿದೆ.,kn:ಕಲ್ಲಡ್ಕ ಟೀ,https://kn.wikipedia.org/wiki/ಕಲ್ಲಡ್ಕ_ಟೀ
Kannada,ಜಿಲ್ಲಾ ಕೇಂದ್ರವಾದ ಮಂಗಳೂರಿನಿಂದ ಪೂರ್ವದಲ್ಲಿ ೩೨ಕಿಲೋಮೀಟರ್ ದೂರದಲ್ಲಿದೆ.,kn:ಕಲ್ಲಡ್ಕ ಟೀ,https://kn.wikipedia.org/wiki/ಕಲ್ಲಡ್ಕ_ಟೀ
Kannada,ಕಲ್ಲಡ್ಕದಲ್ಲಿ ಲಭ್ಯವಿರುವ ವಿಭಿನ್ನ ಶೈಲಿಯ ಚಹಾ ಕಲ್ಲಡ್ಕ ಟೀ ಎಂದು ಹೆಸರುವಾಸಿಯಾಗಿದೆ,kn:ಕಲ್ಲಡ್ಕ ಟೀ,https://kn.wikipedia.org/wiki/ಕಲ್ಲಡ್ಕ_ಟೀ
Kannada,ಭಾರತೀಯ ದ್ವೀಪಕಲ್ಪ ದ ಜನವಾಸ್ತವ್ಯವಿದ್ದ ಪ್ರಾಚೀನ ನಗರ ತಿರುಚ್ಚಿರಾಪ್ಪಳ್ಳಿ (ತಮಿಳು:திருச்சிராப்பள்ளி).,kn:ತಿರುಚ್ಚಿರಾಪಳ್ಳಿ,https://kn.wikipedia.org/wiki/ತಿರುಚ್ಚಿರಾಪಳ್ಳಿ
Kannada,ಭಾರತದ ರಾಜ್ಯವಾದ ತಮಿಳುನಾಡಿನ ತಿರುಚ್ಚಿರಾಪ್ಪಳ್ಳಿ ಜಿಲ್ಲೆಯಲ್ಲಿ ಕಾವೇರಿ ನದಿತೀರದ ಪ್ರಾಚೀನ ಹಾಗೂ ಪ್ರತಿಷ್ಠಿತ ನಗರವಾಗಿದೆ.,kn:ತಿರುಚ್ಚಿರಾಪಳ್ಳಿ,https://kn.wikipedia.org/wiki/ತಿರುಚ್ಚಿರಾಪಳ್ಳಿ
Kannada,"ಅರೈಮುಡಿಯನ್ನು ""ಜನನಾಂಗದ ಹೊದಿಕೆ"" ಎಂದೂ ಕರೆಯಲಾಗುತ್ತದೆ ಮತ್ತು ೧೯೬೬ರಲ್ಲಿ ಮದ್ರಾಸ್ ಸರ್ಕಾರಿ ವಸ್ತುಸಂಗ್ರಹಾಲಯ ಪ್ರದರ್ಶನಕ್ಕಿಡಲಾಗಿರುವ ವಸ್ತುಗಳ ಪ್ರಕಟಿಸಲಾದ ಪಟ್ಟಿಯಲ್ಲಿ ಎಂ.",kn:ಅರೈಮುಡಿ,https://kn.wikipedia.org/wiki/ಅರೈಮುಡಿ
Kannada,"ಚಂದ್ರಶೇಖರ್ ಅವರ ""ಗೈಡ್ ಟು ದಿ ಪ್ರಿನ್ಸಿಪಾಲ್ ಎಕ್ಸಿಬಿಟ್ಸ್ ಇನ್ ದಿ ಗವರ್ನಮೆಂಟ್ ಮ್ಯೂಸಿಯಂ, ಪುದುಕ್ಕೋಟ್ಟೈ"" ನಲ್ಲಿ ಅರೈಮುಡಿಯನ್ನು ಉಲ್ಲೇಖಿಸಲಾಗಿದೆ.",kn:ಅರೈಮುಡಿ,https://kn.wikipedia.org/wiki/ಅರೈಮುಡಿ
Kannada,"""ಮದ್ರಾಸ್ ಜಿಲ್ಲಾ ಗೆಜೆಟಿಯರ್ಸ್, ಸಂಪುಟ ೧ ಭಾಗ ೧ ನಲ್ಲಿ"" ""ಚಿಕ್ಕ ಹುಡುಗಿಯರು, ಸುಮಾರು ೩ ವರ್ಷ ವಯಸ್ಸಿನವರೆಗೆ, ಉಡಿದಾರದಿಂದ (ಅರಾಯ್-ಮುಡಿ) ನೇತುಹಾಕಿದ ಸಣ್ಣ ಹೃದಯದ ಆಕಾರದ ಬೆಳ್ಳಿಯ ತುಂಡನ್ನು ಧರಿಸುತ್ತಾರೆ, ಅದು ಮರೆಮಾಡಲು ಉದ್ದೇಶಿಸಿರುವುದರತ್ತ ಗಮನ ಸೆಳೆಯುತ್ತದೆ"" ""ಎಂದು ಹೇಳಲಾಗಿದೆ"".",kn:ಅರೈಮುಡಿ,https://kn.wikipedia.org/wiki/ಅರೈಮುಡಿ
Kannada,"""ಪರ್ಸಿವಲ್‍ನಿಂದ ಸಂಪಾದಿಸಲ್ಪಟ್ಟ ಪರ್ಸಿವಲ್ನ ತಮಿಳು-ಇಂಗ್ಲಿಷ್ ನಿಘಂಟು"", ""ಅರೈಮುಡಿಯನ್ನು"" ""ಅರಿಮುತಿ ಅರಾಯ್ ಮುಡಿ, ಹೆಣ್ಣು ಮಕ್ಕಳ ನಡುಕಟ್ಟೆಗೆ ಸಭ್ಯತೆಗಾಗಿ ಸೇರಿಸಲಾದ ಚಿನ್ನ ಅಥವಾ ಬೆಳ್ಳಿಯ ಸಣ್ಣ ತಟ್ಟೆಯೆಂದು ವ್ಯಾಖ್ಯಾನಿಸಿದೆ"".",kn:ಅರೈಮುಡಿ,https://kn.wikipedia.org/wiki/ಅರೈಮುಡಿ
Kannada,ಉಸಿರಾಟವು ಗಾಳಿಯನ್ನು ಶ್ವಾಸಕೋಶಗಳ ಒಳಗೆ ಮತ್ತು ಹೊರಗೆ ಚಲಿಸುವಂತೆ ಅಥವಾ ಆಮ್ಲಜನಕವನ್ನು ಕಿವಿರುಗಳಂತಹ ಇತರ ಉಸಿರಾಟದ ಅಂಗಗಳ ಮೂಲಕ ಚಲಿಸುವಂತೆ ಮಾಡುವ ಪ್ರಕ್ರಿಯೆ.,kn:ಉಸಿರಾಟ,https://kn.wikipedia.org/wiki/ಉಸಿರಾಟ
Kannada,"ಈ ಪ್ರಕಾರದ ಆಮ್ಲಜನಕ ಬಳಸುವ ಜೀವಿಗಳು—ಪಕ್ಷಿಗಳು, ಸಸ್ತನಿಗಳು, ಮತ್ತು ಸರೀಸೃಪಗಳಂತಹ—ಜೀವಿಗಳಿಗೆ ಉಸಿರಾಟದ ಮೂಲಕ ಗ್ಲೂಕೋಸ್‍ನಂತಹ ಶಕ್ತಿಪೂರಿತ ಅಣುಗಳ ಚಯಾಪಚಯದ ರೂಪದಲ್ಲಿ ಶಕ್ತಿಯನ್ನು ಬಿಡುಗಡೆಮಾಡಲು ಆಮ್ಲಜನಕದ ಅಗತ್ಯವಿರುತ್ತದೆ.",kn:ಉಸಿರಾಟ,https://kn.wikipedia.org/wiki/ಉಸಿರಾಟ
Kannada,ಉಸಿರಾಟವು ದೇಹದಲ್ಲಿ ಆಮ್ಲಜನಕದ ಅಗತ್ಯವಿರುವಲ್ಲಿ ಅದನ್ನು ತಲುಪಿಸುವ ಮತ್ತು ಇಂಗಾಲಾಮ್ಲವನ್ನು ತೆಗೆಯುವ ಕೇವಲ ಒಂದು ಪ್ರಕ್ರಿಯೆ.,kn:ಉಸಿರಾಟ,https://kn.wikipedia.org/wiki/ಉಸಿರಾಟ
Kannada,ಆಕ್ರಮಣವು 2014 ರ ಕನ್ನಡದ ಭಯಾನಕ ಚಲನಚಿತ್ರವಾಗಿದೆ.,kn:ಆಕ್ರಮಣ (ಚಲನಚಿತ್ರ),https://kn.wikipedia.org/wiki/ಆಕ್ರಮಣ_(ಚಲನಚಿತ್ರ)
Kannada,ಈ ಚಲನಚಿತ್ರವು ಪ್ರಯೋಗಾತ್ಮಕ ಚಲನಚಿತ್ರವಾಗಿದೆ ಎರಡು ಮತ್ತು ಮೂರು ಆಯಾಮಗಳಲ್ಲಿ ಮಾಡಲಾಗಿದ್ದು ಇದು ಕನ್ನಡದ ಮೊದಲ 3D ಭಯಾನಕ ಚಲನಚಿತ್ರವಾಗಿದೆ.,kn:ಆಕ್ರಮಣ (ಚಲನಚಿತ್ರ),https://kn.wikipedia.org/wiki/ಆಕ್ರಮಣ_(ಚಲನಚಿತ್ರ)
Kannada,"ಇವರು ಒಬ್ಬ ಭಾರತೀಯ, ಕನ್ನಡದ ಹಿನ್ನೆಲೆ ಗಾಯಕಿ, ರಂಗಪ್ರದರ್ಶಕಿ ಮತ್ತು ಕರ್ನಾಟಕ ರಾಜ್ಯದ ಜನಪ್ರಿಯ ಸುಗಮ ಸಂಗೀತ ಗಾಯಕಿ.",kn:ಬಿ. ಆರ್. ಛಾಯಾ,https://kn.wikipedia.org/wiki/ಬಿ._ಆರ್._ಛಾಯಾ
Kannada,"ಅವರು ಪಾಪ್, ಜಾನಪದ, ಭಕ್ತಿ ಮತ್ತು ಭಾವಗೀತೆ (ಲಘು ಸಂಗೀತ) ಪ್ರದರ್ಶಿಸಿದ್ದಾರೆ.",kn:ಬಿ. ಆರ್. ಛಾಯಾ,https://kn.wikipedia.org/wiki/ಬಿ._ಆರ್._ಛಾಯಾ
Kannada,ಅವರು ಕರ್ನಾಟಕ ರಾಜ್ಯ ಸರ್ಕಾರದಿಂದ ರಾಜ್ಯೋತ್ಸವ ಪ್ರಶಸ್ತಿ ಮತ್ತು ಅತ್ಯುತ್ತಮ ಮಹಿಳಾ ಹಿನ್ನೆಲೆ ಗಾಯಕಿಗಾಗಿ ಕರ್ನಾಟಕ ರಾಜ್ಯ ಚಲನಚಿತ್ರ ಪ್ರಶಸ್ತಿಯನ್ನು ಪಡೆದಿದ್ದಾರೆ .,kn:ಬಿ. ಆರ್. ಛಾಯಾ,https://kn.wikipedia.org/wiki/ಬಿ._ಆರ್._ಛಾಯಾ
Kannada,"ಕ್ಸಾಮಿಲ್ (Albanian , Greek: Εξαμίλι ) ಇದು ದಕ್ಷಿಣ ಅಲ್ಬೇನಿಯಾದ ನದಿಯಲ್ಲಿರುವ ಒಂದು ಗ್ರಾಮ ಮತ್ತು ಹಿಂದಿನ ಪುರಸಭೆಯಾಗಿದೆ ಮತ್ತು ಬುಟ್ರಿಂಟ್ ರಾಷ್ಟ್ರೀಯ ಉದ್ಯಾನವನದ ಭಾಗವಾಗಿದೆ.",kn:ಕ್ಸಾಮಿಲ್,https://kn.wikipedia.org/wiki/ಕ್ಸಾಮಿಲ್
Kannada,೨೦೧೫ ರ ಸ್ಥಳೀಯ ಸರ್ಕಾರದ ಸುಧಾರಣೆಯಲ್ಲಿ ಇದು ಪುರಸಭೆಯ ಸರಂಡೆಯ ಉಪವಿಭಾಗವಾಯಿತು.,kn:ಕ್ಸಾಮಿಲ್,https://kn.wikipedia.org/wiki/ಕ್ಸಾಮಿಲ್
Kannada,"೨೦೧೧ ರ ಜನಗಣತಿಯಲ್ಲಿ ಜನಸಂಖ್ಯೆಯು ೨,೯೯೪ ಆಗಿತ್ತು; ಆದರೆ ಸಿವಿಲ್ ಕಛೇರಿಗಳ ಪ್ರಕಾರ ಇದು ೯,೨೨೦ ಆಗಿತ್ತು.",kn:ಕ್ಸಾಮಿಲ್,https://kn.wikipedia.org/wiki/ಕ್ಸಾಮಿಲ್
Kannada,ಪುರಸಭೆಯ ಘಟಕವು ಕ್ಸಾಮಿಲ್ ಮತ್ತು ಮನಸ್ತಿರ್ ಗ್ರಾಮಗಳನ್ನು ಒಳಗೊಂಡಿದೆ.,kn:ಕ್ಸಾಮಿಲ್,https://kn.wikipedia.org/wiki/ಕ್ಸಾಮಿಲ್
Kannada,ರಂಜನ್ ಗೊಗೊಯ್ (ಜನನ 18 ನವೆಂಬರ್ 1954) ಏಪ್ರಿಲ್ 2012 ರಿಂದ ಭಾರತದ ಸುಪ್ರೀಂ ಕೋರ್ಟ್ನ ಮುಖ್ಯ ನ್ಯಾಯಮೂರ್ತಿ .ಅವರು ಭಾರತದ ಮುಖ್ಯ ನ್ಯಾಯಮೂರ್ತಿಯಾಗಿ ಅಧ್ಯಕ್ಷರಿಂದ ನೇಮಕಗೊಂಡರು ಮತ್ತು 2018 ರ ಅಕ್ಟೋಬರ್ 3 ರಂದು ಪ್ರಮಾಣ ವಚನ ಸ್ವೀಕರಿಸಿದರು.,kn:ರಂಜನ್ ಗೊಗೊಯಿ,https://kn.wikipedia.org/wiki/ರಂಜನ್_ಗೊಗೊಯಿ
Kannada,ಅವರ ತಂದೆ ಕೇಶವ ಚಂದ್ರ ಗೊಗೊಯ್ 1982 ರಲ್ಲಿ ಅಸ್ಸಾಂ ರಾಜ್ಯದ ಭಾರತೀಯ ರಾಷ್ಟ್ರೀಯ ಕಾಂಗ್ರೆಸ್ ಆಡಳಿತದಡಿಯಲ್ಲಿ ಮುಖ್ಯಮಂತ್ರಿಯಾಗಿದ್ದರು.,kn:ರಂಜನ್ ಗೊಗೊಯಿ,https://kn.wikipedia.org/wiki/ರಂಜನ್_ಗೊಗೊಯಿ
Kannada,"ದೇಹದ ಮಾರ್ಪಾಡು ಅಥವಾ ದೇಹದ ಬದಲಾವಣೆ ಯು ಮಾನವ ದೇಹವನ್ನು ಲೈಂಗಿಕ ವರ್ಧನೆ, ಸ್ಥಿತ್ಯಂತರದ ಕ್ರಿಯೆ, ವಂಶದ ಸಂಕೇತ, ನಂಬಿಕೆ ಮತ್ತು ಸ್ವಾಮಿನಿಷ್ಠೆ, ಧಾರ್ಮಿಕ ಕಾರಣಗಳು, ನಕಾರಾತ್ಮಕ ಭಾವನೆ ಹುಟ್ಟಿಸುವ ಚಿತ್ರ, ಪಠ್ಯ(ಶಾಕ್ ವ್ಯಾಲ್ಯೂ), ಸ್ವಯಂ ಅಭಿವ್ಯಕ್ತತೆ ಮುಂತಾದ ಸೌಂದರ್ಯ ಸ್ವಾದಕ್ಕೆ ಅಥವಾ ವೈದ್ಯಕೇತರ ಉದ್ದೇಶಕ್ಕೆ ಉದ್ದೇಶಪೂರ್ವಕ ಬದಲಾವಣೆಯಾಗಿದೆ.",kn:ದೇಹದ ಮಾರ್ಪಾಡು,https://kn.wikipedia.org/wiki/ದೇಹದ_ಮಾರ್ಪಾಡು
Kannada,"ಇದು ಸಾಮಾಜಿಕವಾಗಿ ಸ್ವೀಕಾರಾರ್ಹವಾದ ಅಲಂಕರಣ(ಉದಾ, ಅನೇಕ ಸಮಾಜಗಳಲ್ಲಿ ಕಿವಿ ಚುಚ್ಚುವುದು)ನಿಂದ ಹಿಡಿದು ಧಾರ್ಮಿಕವಾಗಿ ಕಡ್ಡಾಯವಾದ( ಉದಾ., ಅನೇಕ ಸಂಸ್ಕೃತಿಗಳಲ್ಲಿರುವ ಸುನತಿ) ಮತ್ತು ಅವುಗಳ ನಡುವೆ ಎಲ್ಲ ಕಡೆಯಿರುವ ಪದ್ಧತಿಗಳು.",kn:ದೇಹದ ಮಾರ್ಪಾಡು,https://kn.wikipedia.org/wiki/ದೇಹದ_ಮಾರ್ಪಾಡು
Kannada,"ದೇಹದ ಕಲೆಯು ಆಧ್ಯಾತ್ಮಿಕ, ಧಾರ್ಮಿಕ, ಕಲಾತ್ಮಕ ಅಥವಾ ಸೌಂದರ್ಯೋಪಾಸನೆ ಕಾರಣಗಳಿಗೆ ಮಾನವ ದೇಹದ ಯಾವುದೇ ಭಾಗದ ಬದಲಾವಣೆಯಾಗಿದೆ.",kn:ದೇಹದ ಮಾರ್ಪಾಡು,https://kn.wikipedia.org/wiki/ದೇಹದ_ಮಾರ್ಪಾಡು
Kannada,ಜಿಪ್ಸಿ ಭಾಷೆ: ಇಂಡೊ-ಆರ್ಯನ್ ಭಾಷಾವರ್ಗಕ್ಕೆ ಸೇರಿದ ಇದನ್ನು ರೋಮನಿ ಭಾಷೆಯೆಂದೂ ಕರೆಯುತ್ತಾರೆ.,kn:ಜಿಪ್ಸಿ ಭಾಷೆ,https://kn.wikipedia.org/wiki/ಜಿಪ್ಸಿ_ಭಾಷೆ
Kannada,ಇದು ಹೆಸರೇ ತಿಳಿಸುವಂತೆ ಜಿಪ್ಸಿ ಜನರ ಭಾಷೆ.,kn:ಜಿಪ್ಸಿ ಭಾಷೆ,https://kn.wikipedia.org/wiki/ಜಿಪ್ಸಿ_ಭಾಷೆ
Kannada,ಭಾರತದಿಂದ ಈಜಿಪ್ಟಿನ ಕಡೆಗೆ ಜಿಪ್ಸಿಗಳು ಹೋದರೆಂಬುದು ಈ ಭಾಷೆ ಯಾವ ವರ್ಗಮೂಲಕ್ಕೆ ಸೇರಿದುದು ಎಂಬುದರಿಂದ ಖಚಿವಾಗುತ್ತದೆ.,kn:ಜಿಪ್ಸಿ ಭಾಷೆ,https://kn.wikipedia.org/wiki/ಜಿಪ್ಸಿ_ಭಾಷೆ
Kannada,ಮೊದಲನೆಯ ಶತಮಾನದ ಪೂರ್ವದಲ್ಲಿ ಭಾರತದ ಆರ್ಯಭಾಷೆಗಳು ಧ್ವನಿ ಮತ್ತು ವ್ಯಾಕರಣಾತ್ಮಕ ಸಂಗತಿಗಳಲ್ಲಿ ಪರಿವರ್ತನೆಗೊಂಡಂತೆ ಈ ಭಾಷೆಯೂ ಪರಿವರ್ತನೆ ಹೊಂದಿತು.,kn:ಜಿಪ್ಸಿ ಭಾಷೆ,https://kn.wikipedia.org/wiki/ಜಿಪ್ಸಿ_ಭಾಷೆ
Kannada,ತೀರ್ಥಹಳ್ಳಿ - ಕರ್ನಾಟಕ ರಾಜ್ಯದ ಶಿವಮೊಗ್ಗ ಜಿಲ್ಲೆಯ ತಾಲ್ಲೂಕುಗಳಲ್ಲಿ ಒಂದು ಹಾಗೂ ಅದೇ ಹೆಸರಿನ ತಾಲೂಕಿನ ಆಡಳಿತ ಕೇಂದ್ರ.,kn:ತೀರ್ಥಹಳ್ಳಿ,https://kn.wikipedia.org/wiki/ತೀರ್ಥಹಳ್ಳಿ
Kannada,"ಶಿವಮೊಗ್ಗ ಜಿಲ್ಲೆಯ ನೈಋತ್ಯ ತುದಿಯಲ್ಲಿದೆ ತೀರ್ಥಹಳ್ಳಿ, ಅಗ್ರಹಾರ, ಆಗುಂಬೆ, ಮುತ್ತೂರು, ಮಂಡಗದ್ದೆ ಇವು ತಾಲ್ಲೂಕಿನ ಹೋಬಳಿಗಳು.",kn:ತೀರ್ಥಹಳ್ಳಿ,https://kn.wikipedia.org/wiki/ತೀರ್ಥಹಳ್ಳಿ
Kannada,ತಾಲ್ಲೂಕಿನಲ್ಲಿ ಒಟ್ಟು 247 ಗ್ರಾಮಗಳಿವೆ.,kn:ತೀರ್ಥಹಳ್ಳಿ,https://kn.wikipedia.org/wiki/ತೀರ್ಥಹಳ್ಳಿ
Kannada,ತುಂಗಾ ನದಿಯ ತೀರದಲ್ಲಿರುವ ತೀರ್ಥಹಳ್ಳಿ ಪಟ್ಟಣವು ಶಿವಮೊಗ್ಗದಿಂದ ೬೧ ಕಿಮಿ ದೂರದಲ್ಲಿದೆ.,kn:ತೀರ್ಥಹಳ್ಳಿ,https://kn.wikipedia.org/wiki/ತೀರ್ಥಹಳ್ಳಿ
Kannada,ಕೇಶವನ್ ವೆಳುತ್ತಾಟ್ (ಹುಟ್ಟು ೧೯೫೧) ರವರು ಕೇರಳ ಮೂಲದ ಭಾರತೀಯ ಇತಿಹಾಸಜ್ಞ ಮತ್ತು ಶಿಕ್ಷಣ ತಜ್ಞ.,kn:ಕೇಶವನ್ ವೆಳುತ್ತಾಟ್,https://kn.wikipedia.org/wiki/ಕೇಶವನ್_ವೆಳುತ್ತಾಟ್
Kannada,ಅವರು ಮಧ್ಯಯುಗದ ದಕ್ಷಿಣ ಭಾರತೀಯ ಇತಿಹಾಸದಲ್ಲಿ ವಿಶೇಷ ಪರಿಣತರು.,kn:ಕೇಶವನ್ ವೆಳುತ್ತಾಟ್,https://kn.wikipedia.org/wiki/ಕೇಶವನ್_ವೆಳುತ್ತಾಟ್
Kannada,"ಅವರು ಶಾಸನ ತಜ್ಞರು ಮತ್ತು ಸಂಸ್ಕೃತ, ತಮಿಳು, ಕನ್ನಡ ಮತ್ತು ಮಲಯಾಳಂ ಭಾಷೆಗಳನ್ನು ತಿಳಿದಿದ್ದರು.",kn:ಕೇಶವನ್ ವೆಳುತ್ತಾಟ್,https://kn.wikipedia.org/wiki/ಕೇಶವನ್_ವೆಳುತ್ತಾಟ್
Kannada,ಆಗ್ನೆಸ್ ಇಬೆಟ್ಸನ್ (née ಥಾಮ್ಸನ್; 1757 – 9 ಫೆಬ್ರವರಿ 1823) ಅವರು ಇಂಗ್ಲೆಂಡ್‌ನ ಸಸ್ಯ ದೇಹಶಾಸ್ತ್ರ ಕ್ಷೇತ್ರದ ಪ್ರಮುಖ ವಿಜ್ಞಾನಿಯಾಗಿದ್ದರು.,kn:ಆಗ್ನೆಸ್ ಇಬೆಟ್ಸನ್,https://kn.wikipedia.org/wiki/ಆಗ್ನೆಸ್_ಇಬೆಟ್ಸನ್
Kannada,"ನಕ್ಸೋಸ್ / / ˈnæksɒs, _ _ - soʊs / ; pronounced [ˈnaksos] ಗ್ರೀಕ್ ದ್ವೀಪವಾಗಿದೆ ಮತ್ತು ಸೈಕ್ಲೇಡ್‌ಗಳಲ್ಲಿ ದೊಡ್ಡದಾಗಿದೆ.",kn:ನಕ್ಸೋಸ್,https://kn.wikipedia.org/wiki/ನಕ್ಸೋಸ್
Kannada,ಇದು ಪ್ರಾಚೀನ ಸೈಕ್ಲಾಡಿಕ್ ಸಂಸ್ಕೃತಿಯ ಕೇಂದ್ರವಾಗಿತ್ತು.,kn:ನಕ್ಸೋಸ್,https://kn.wikipedia.org/wiki/ನಕ್ಸೋಸ್
Kannada,ಈ ದ್ವೀಪವು ಎಮೆರಿಯ ಮೂಲವಾಗಿ ಪ್ರಸಿದ್ಧವಾಗಿದೆ.,kn:ನಕ್ಸೋಸ್,https://kn.wikipedia.org/wiki/ನಕ್ಸೋಸ್
Kannada,ಇದು ಕೊರಂಡಮ್‌ನಿಂದ ಸಮೃದ್ಧವಾಗಿರುವ ಬಂಡೆಯಾಗಿದೆ.,kn:ನಕ್ಸೋಸ್,https://kn.wikipedia.org/wiki/ನಕ್ಸೋಸ್
Kannada,ಮೇಸಿಯೆ ಪಟ್ಟಿಯ 67ನೇ ಆಕಾಶಕಾಯ ಕಟಕ ರಾಶಿಯಲ್ಲಿರುವ ಎಂ 67 ಎಂಬ ಹೆಸರಿನ ನಕ್ಷತ್ರಗುಚ್ಛ ದುರ್ಬೀನುಗಳಿಗೆ ನಿಲುಕವಂತಹುದು.,kn:M67,https://kn.wikipedia.org/wiki/M67
Kannada,ಅದನ್ನು ಪಕ್ಕದ ಮಿಥುನ ಮತ್ತು ಸಿಂಹ ರಾಶಿಯ ಸಹಾಯದಿಂದ ಪತ್ತೆ ಮಾಡಬಹುದು.,kn:M67,https://kn.wikipedia.org/wiki/M67
Kannada,ಇದರಲ್ಲಿರುವ ಬರಿಗಣ್ಣಿಗೇ ಕಾಣುವ ಗುಚ್ಛ ಎಂ 44 - ಪ್ರೆಸಿಪಿ.,kn:M67,https://kn.wikipedia.org/wiki/M67
Kannada,"ಇದನ್ನು ಗುರುತಿಸಿದ ಮೇಲೆ ಪುಟ್ಟ ತ್ರಿಕೋಣಾಕಾರವನ್ನು ಗುರುತಿಸಿ, ಅದರ ದಕ್ಷಿಣದ ನಕ್ಷತ್ರದ ಆಸುಪಾಸಿನಲ್ಲಿ ಕಣ್ಣಾಡಿಸಿದರೆ ಎಂ 67 ಕಾಣುತ್ತದೆ.",kn:M67,https://kn.wikipedia.org/wiki/M67
Kannada,ವಿಜಯಪುರವು ಕರ್ನಾಟಕ ರಾಜ್ಯದ ಒಂದು ಜಿಲ್ಲೆ.,kn:ವಿಜಯಾಪುರ,https://kn.wikipedia.org/wiki/ವಿಜಯಾಪುರ
Kannada,ಈ ಜಿಲ್ಲೆಯ ಜಿಲ್ಲಾಡಳಿತ ಮತ್ತು ಪ್ರಮುಖ ನಗರ ವಿಜಯಪುರ.,kn:ವಿಜಯಾಪುರ,https://kn.wikipedia.org/wiki/ವಿಜಯಾಪುರ
Kannada,ವಿಜಯಪುರ ನಗರವು ಬೆಂಗಳೂರಿನಿಂದ ಉತ್ತರ - ಪಶ್ಚಿಮಕ್ಕೆ 520 ಕಿ.ಮೀ.,kn:ವಿಜಯಾಪುರ,https://kn.wikipedia.org/wiki/ವಿಜಯಾಪುರ
Kannada,"ಆಜ್ ಕಲ್ (ಉಚ್ಚಾರಣೆ: IPA: [aːdʒkaːl] ಮತ್ತು ಸಂಜೆ ಆವೃತ್ತಿ ಸಂಧ್ಯಾ ಆಜ್ ಕಲ್ ) ಕೋಲ್ಕತಾ, ಭಾರತ ದಿಂದ ಪ್ರಸಾರ ವಾಗುವ ಒಂದು ಬಂಗಾಳಿ ಪತ್ರಿಕೆಗಳು ಆಗಿದೆ.",kn:ಆಜ್ ಕಲ್,https://kn.wikipedia.org/wiki/ಆಜ್_ಕಲ್
Kannada,"ಆಜ್ ಕಲ್ ಏಕಕಾಲದಲ್ಲಿ ಕೋಲ್ಕತಾ, ಸಿಲಿಗುರಿ ಯಿಂದ ಪ್ರಕಟ ವಾಗುತ್ತದೆ ಮತ್ತು ಅದರ ತ್ರಿಪುರ ಆವೃತ್ತಿ ಅಗರ್ತಲ ರಿಂದ ಪ್ರಕಟವಾಗುತ್ತದೆ.",kn:ಆಜ್ ಕಲ್,https://kn.wikipedia.org/wiki/ಆಜ್_ಕಲ್
Kannada,"ಪತ್ರಿಕೆಯನ್ನು ಅಭಿಕ್ ಕುಮಾರ್ ಘೋಷ್ ೧೯೮೧ ರಲ್ಲಿ ಪ್ರಾರಂಭಿಸಿದರು, ಮತ್ತು ೧೯೮೦ ರಲ್ಲಿ ಪತ್ತ್ರಿಕೆಯು ಭಾರತೀಯ ಪತ್ರಿಕೋದ್ಯಮದ ರೂಪಾಂತರದ ಭಾಗವಾಗಿತ್ತು.",kn:ಆಜ್ ಕಲ್,https://kn.wikipedia.org/wiki/ಆಜ್_ಕಲ್
Kannada,ಆಜ್ ಕಲ್ ತನ್ನ ಎಡಪಂಥೀಯ ದೃಷ್ಟಿಕೋನದಿಂದ ಮತ್ತು ಕ್ರೀಡೆಗಳ ಪ್ರಾಶಸ್ತ್ಯ ದಿಂದ ಪಶ್ಚಿಮ ಬಂಗಾಳದ ಅತ್ಯಂತ ಸ್ಪರ್ಧಾತ್ಮಕ ವೃತ್ತಪತ್ರಿಕೆ ಮಾರುಕಟ್ಟೆಯಲ್ಲಿ ಉಳಿಯಲು ಶ್ರಮಿಸುತ್ತದೆ.,kn:ಆಜ್ ಕಲ್,https://kn.wikipedia.org/wiki/ಆಜ್_ಕಲ್
Kannada,"ಉಕ್ಕಡ ಶಬ್ದ ಈ ಕೆಳಗಿನವುಗಳನ್ನು ಸೂಚಿಸಬಹುದು: ಒಂದು ಊರಿನ ಭೌಗೋಳಿಕ ಎಲ್ಲೆ ಒಂದು ರಾಜ್ಯ ಅಥವಾ ಊರಿಗೆ ಸರಕುಗಳನ್ನು ತರುವ ಮುನ್ನ ವಿಧಿಸಲಾದ ಸುಂಕವನ್ನು ಕಟ್ಟುವ ಕಟ್ಟೆ, ಅಥವಾ ಒಂದು ಖಾಸಗಿ ಅಥವಾ ಸಾರ್ವಜನಿಕ ರಸ್ತೆ ಮೇಲೆ ಸಾಗಲು ಅನುಮತಿ ದೊರಕಲು ವಿಧಿಸಲಾದ ಸುಂಕವನ್ನು ಕಟ್ಟುವ ಕಟ್ಟೆ",kn:ಉಕ್ಕಡ,https://kn.wikipedia.org/wiki/ಉಕ್ಕಡ
Kannada,ಕೊಂಬಿನ ಗೂಬೆ ಗೂಬೆಗಳ ಗುಂಪಿನ ಅತ್ಯಂತ ದೊಡ್ಡ ಗುಂಪು.ಮುಖ್ಯವಾಗಿ ಯುರೋಪ್ ಮತ್ತು ಏಷಿಯಾ ಖಂಡಗಳಲ್ಲಿ ಎಲ್ಲೆಡೆ ಕಾಣಸಿಗುತ್ತವೆ.,kn:ಕೊಂಬಿನ ಗೂಬೆ,https://kn.wikipedia.org/wiki/ಕೊಂಬಿನ_ಗೂಬೆ
Kannada,ಮಂದಾರ್ತಿಯು ಉಡುಪಿ ಜಿಲ್ಲೆಯ ಬ್ರಹ್ಮಾವರ ತಾಲ್ಲೂಕಿನಲ್ಲಿರುವ ಬ್ರಹ್ಮಾವರದಿಂದ ೧೨ ಕಿಮೀ ದೂರದಲ್ಲಿದೆ.,"kn:ಶ್ರೀ ದುರ್ಗಾಪರಮೇಶ್ವರಿ ದೇವಸ್ಥಾನ, ಮಂದಾರ್ತಿ","https://kn.wikipedia.org/wiki/ಶ್ರೀ_ದುರ್ಗಾಪರಮೇಶ್ವರಿ_ದೇವಸ್ಥಾನ,_ಮಂದಾರ್ತಿ"
Kannada,ಈ ಹೆಸರು ಕನ್ನಡದಿಂದ 'ಮಂದ-ಆರತಿ'ಯಿಂದ ಬಂದಿದೆ 'ಮಂದ-ಆರತಿ' ಅಂದರೆ ಪವಿತ್ರ ಬೆಳಕು.,"kn:ಶ್ರೀ ದುರ್ಗಾಪರಮೇಶ್ವರಿ ದೇವಸ್ಥಾನ, ಮಂದಾರ್ತಿ","https://kn.wikipedia.org/wiki/ಶ್ರೀ_ದುರ್ಗಾಪರಮೇಶ್ವರಿ_ದೇವಸ್ಥಾನ,_ಮಂದಾರ್ತಿ"
Kannada,ಜಾನ್ ಓರ್ಲೆ ಅಲೆನ್ ಟೇಟ್ ( ಅಲೆನ್ ಟೇಟ್ ಎಂದು ಹೆಚ್ಚು ಬಳಕೆಯಲ್ಲಿ) (1899-1979).,kn:ಅಲೆನ್ ಟೇಟ್,https://kn.wikipedia.org/wiki/ಅಲೆನ್_ಟೇಟ್
Kannada,ಅಮೆರಿಕದ ಒಬ್ಬ ಪ್ರಸಿದ್ಧ ಕವಿ ಮತ್ತು ವಿಮರ್ಶಕ.,kn:ಅಲೆನ್ ಟೇಟ್,https://kn.wikipedia.org/wiki/ಅಲೆನ್_ಟೇಟ್
Kannada,ಉಕ್ಕಿದ ನೊರೆ ಶಿವರಾಮ ಕಾರಂತರು ರಚಿಸಿದ ಕನ್ನಡ ಕಾದಂಬರಿ.,kn:ಉಕ್ಕಿದ ನೊರೆ,https://kn.wikipedia.org/wiki/ಉಕ್ಕಿದ_ನೊರೆ
Kannada,ಈ ಕೃತಿ ೧೯೭೦ರಲ್ಲಿ ಮೊಟ್ಟ ಮೊದಲಿಗೆ ಪ್ರಕಟಗೊಂಡಿತು.,kn:ಉಕ್ಕಿದ ನೊರೆ,https://kn.wikipedia.org/wiki/ಉಕ್ಕಿದ_ನೊರೆ
Kannada,ಈ ಕೃತಿಯುನ್ನು ೨೦೦೦ದಲ್ಲಿ ಕರ್ನಾಟಕ ಸರ್ಕಾರದ ವತಿಯಿಂದ ಪ್ರಕಟಗೊಂಡ ಸಮಗ್ರ ಸಾಹಿತ್ಯ ಶ್ರೇಣಿಯ ೧೭ನೇ ಸಂಪುಟದಲ್ಲಿ ಪ್ರಕಟಿಸಲಾಗಿದೆ.,kn:ಉಕ್ಕಿದ ನೊರೆ,https://kn.wikipedia.org/wiki/ಉಕ್ಕಿದ_ನೊರೆ
Kannada,ಅಚ್ಚಕನ್ನಡ ಛಂದಸ್ಸಿನ ಒಂದು ಮಟ್ಟು.,kn:ಗೀತಿಕೆ,https://kn.wikipedia.org/wiki/ಗೀತಿಕೆ
Kannada,990) ಛಂದೋಂಬುಧಿಯ ಪಂಚಮಾಧಿಕಾರದಲ್ಲಿಯೂ (ಪ.,kn:ಗೀತಿಕೆ,https://kn.wikipedia.org/wiki/ಗೀತಿಕೆ
Kannada,1050) ಸಂಸ್ಕೃತ ಛಂದೋನುಶಾಸನದ ಸಪ್ತಮಾಧಿಕಾರದಲ್ಲಿಯೂ (ಪ.,kn:ಗೀತಿಕೆ,https://kn.wikipedia.org/wiki/ಗೀತಿಕೆ
Kannada,ಜಯಕೀರ್ತಿಯ ಛಂದೋನುಶಾಸನದಲ್ಲಿ ಈ ರೀತಿಯಾಗಿದೆ : ನಾಲ್ಕು ಪಾದಗಳು; ಎರಡೆರಡು ಪಾದಗಳಿಗೆ ಒಂದು ಅರ್ಧ ಪ್ರತಿಯರ್ಧದಲ್ಲಿಯೂ 2ನೆಯ ಮತ್ತು 6ನೆಯ ಗಣಗಳು ರತಿಗಣಗಳಾಗಿಯೂ ಉಳಿದ 5 ಗಣಗಳು ಮದನಗಣಗಳೋ ಶರಗಣಗಳೋ ಆಗಿರುತ್ತವೆ; ಸಮಪಾದಗಳಲ್ಲಿ 4 ಗಣಗಳೂ ವಿಷಮಪಾದಗಳಲ್ಲಿ 3 ಗಣಗಳೂ ಇರುತ್ತವೆ.,kn:ಗೀತಿಕೆ,https://kn.wikipedia.org/wiki/ಗೀತಿಕೆ
Kannada,"ದಶ್ಟ್-ಇ ಕವಿರ್ ಇರಾನ್ ಪ್ರಸ್ಥಭೂಮಿಯಲ್ಲಿ ಸುಮಾರು ೭೭,೬೦೦ ಚದರ ಕಿ.ಮೀ.ವಿಸ್ತೀರ್ಣಕ್ಕೆ ಹಬ್ಬಿಕೊಂಡಿರುವ ಲವಣ ಮರುಭೂಮಿ.",kn:ದಾಶ್ತ್ ಇ ಕಾವೀರ್,https://kn.wikipedia.org/wiki/ದಾಶ್ತ್_ಇ_ಕಾವೀರ್
Kannada,"ಗಣಿತದಲ್ಲಿ, ಪರಿವರ್ತನೆ ಎಂದರೆ ಸಾಮಾನ್ಯವಾಗಿ ಯಾವುದೋ ಜ್ಯಾಮಿತೀಯ ಆಧಾರವನ್ನು ಹೊಂದಿರುವ, ಒಂದು ಗಣ X ನ್ನು ಅದಕ್ಕೇ ಬಿಂಬಿಸುವ ಒಂದು ಉತ್ಪನ್ನ f, ಅಂದರೆ f: X → X.",kn:ಪರಿವರ್ತನೆ,https://kn.wikipedia.org/wiki/ಪರಿವರ್ತನೆ
Kannada,S ಒಂದು ಗಣವೂ Φ: S → S ಒಂದು ದ್ವೈಚಿತ್ರಣವೂ ಆಗಿದ್ದರೆ Φ ನ್ನು S ನ ಒಂದು ಪರಿವರ್ತನೆ (ಟ್ರಾನ್ಸ್‌ಫ಼ಾರ್ಮೇಶನ್) ಎನ್ನುತ್ತೇವೆ.,kn:ಪರಿವರ್ತನೆ,https://kn.wikipedia.org/wiki/ಪರಿವರ್ತನೆ
Kannada,ಕಣ ಭೌತಶಾಸ್ತ್ರವು ವಸ್ತುವಿನ ಮೂಲಕಣಗಳ ರಚನೆ ಹಾಗೂ ವಿಕಿರಣಗಳ ಕುರಿತ ಸಂಶೋಧನೆಯ ಭೌತಶಾಸ್ತ್ರದ ವಿಭಾಗ.,kn:ಕಣ ಭೌತಶಾಸ್ತ್ರ,https://kn.wikipedia.org/wiki/ಕಣ_ಭೌತಶಾಸ್ತ್ರ
Kannada,"ವಿಜ್ಞಾನಿಗಳು ವಸ್ತುವಿನ ಮೂಲಕಣಗಳಾದ ಪ್ರೋಟಾನ್, ನ್ಯೂಟ್ರಾನ್ ಹಾಗೂ ಎಲೆಕ್ಟ್ರಾನ್ ಇನ್ನೂ ಮೂಲಭೂತ ಕಣಗಳಿಂದ ಮಾಡಲ್ಪಟ್ಟಿರುವುದನ್ನು ಅರಿತು ಅದರ ಕುರಿತ ಹೆಚ್ಚಿನ ತಿಳುವಳಿಕೆಗಾಗಿ ಹಲವಾರು ಸಂಶೋಧನೆಗಳಲ್ಲಿ ತೊಡಗಿರುತ್ತಾರೆ.",kn:ಕಣ ಭೌತಶಾಸ್ತ್ರ,https://kn.wikipedia.org/wiki/ಕಣ_ಭೌತಶಾಸ್ತ್ರ
Kannada,ವಿಜ್ಞಾನದ ಈ ಭಾಗ ಈಗ ಅಗಾಧ ಪ್ರಮಾಣದಲ್ಲಿ ಬೆಳೆಯುತ್ತಿದೆ.,kn:ಕಣ ಭೌತಶಾಸ್ತ್ರ,https://kn.wikipedia.org/wiki/ಕಣ_ಭೌತಶಾಸ್ತ್ರ
Kannada,ಪರಮಾಣುವು ಮೂಲಭೂತವಾಗಿ ೨ ಕಣಗಳಿಂದ ಕೂಡಿದೆ.,kn:ಕಣ ಭೌತಶಾಸ್ತ್ರ,https://kn.wikipedia.org/wiki/ಕಣ_ಭೌತಶಾಸ್ತ್ರ
Kannada,"ಬಿಲ್ ಕ್ಲಿಂಟನ್ (ವಿಲಿಯಂ ಜೆಫರ್ಸನ್ ಕ್ಲಿಂಟನ್)(ಆಗಸ್ಟ್ ೧೯, ೧೯೪೬) - ಅಮೇರಿಕ ಸಂಯುಕ್ತ ಸಂಸ್ಥಾನ( ಯು.ಎಸ್.ಎ) ದೇಶದ ಹಿಂದಿನ ರಾಷ್ಟ್ರಪತಿಗಳಲ್ಲೊಬ್ಬರು.",kn:ಬಿಲ್ ಕ್ಲಿಂಟನ್,https://kn.wikipedia.org/wiki/ಬಿಲ್_ಕ್ಲಿಂಟನ್
Kannada,"ಅವರು ಶೀತಲ ಸಮರದ ಕೊನೆಯಲ್ಲಿ ಅಧಿಕಾರ ವಹಿಸಿಕೊಂಡರು, ಮತ್ತು ಬೇಬಿ ಬೂಮರ್ ಪೀಳಿಗೆಯ ಮೊದಲ ರಾಷ್ಟ್ರಪತಿಯಾಗಿದ್ದರು.",kn:ಬಿಲ್ ಕ್ಲಿಂಟನ್,https://kn.wikipedia.org/wiki/ಬಿಲ್_ಕ್ಲಿಂಟನ್
Kannada,ಕ್ಲಿಂಟನ್ ಅವರನ್ನು ಒಬ್ಬ ನ್ಯೂ ಡೆಮೊಕ್ರ್ಯಾಟ್ ಎಂದು ವರ್ಣಿಸಲಾಗಿದೆ.,kn:ಬಿಲ್ ಕ್ಲಿಂಟನ್,https://kn.wikipedia.org/wiki/ಬಿಲ್_ಕ್ಲಿಂಟನ್
Kannada,ಕ್ಲಿಂಟನ್ ಎರಡನೇ ಮಹಾಯುದ್ಧದ ನಂತರ ಅಮೇರಿಕಾದ ಯಾವುದೇ ಅಧ್ಯಕ್ಷನಿಗಿಂತ ಅತ್ಯಂತ ಹೆಚ್ಚು ರೇಟಿಂಗ್‍ನ ಜೊತೆ ಕಚೇರಿಯನ್ನು ಬಿಟ್ಟುರು.,kn:ಬಿಲ್ ಕ್ಲಿಂಟನ್,https://kn.wikipedia.org/wiki/ಬಿಲ್_ಕ್ಲಿಂಟನ್
Kannada,"ಅರಮನೆಯ ಒಂದು ಭವ್ಯ ನಿವಾಸ, ವಿಶೇಷವಾಗಿ ರಾಜಮನೆತನದವರು ಅಥವಾ ಉನ್ನತ ಶ್ರೇಣಿಯ ಪ್ರತಿಷ್ಠಿತ ಸಂಸ್ಥಾನದ ಮುಖ್ಯಸ್ಥರು ನಿವಾಸಿಸುವ ಭವ್ಯ ನಿವಾಸ.ಈ ಪದವು ಲ್ಯಾಟಿನ್ ಪದ palatium ದಿಂದ ಬಂದಿದೆ (ರೋಮ್ನಲ್ಲಿ ಬೆಟ್ಟದ ಇಂಪೀರಿಯಲ್ ನಿವಾಸಗಳು ವಾಸಿಸುವ ಮನೆ).ಯುರೋಪಿನ ಬಹುತೇಕ ಭಾಗಗಳಲ್ಲಿ ಶ್ರೀಮಂತ ಮಹತ್ವಾಕಾಂಕ್ಷೆಯ ಖಾಸಗಿ ಮಹಲುಗಳನ್ನು ಅರಮನೆ ಎಂದು ಕರೆಯಲಾಗುತ್ತದೆ.",kn:ಅರಮನೆ,https://kn.wikipedia.org/wiki/ಅರಮನೆ
Kannada,"ಈಗ ಅನೇಕ ಐತಿಹಾಸಿಕ ಅರಮನೆಗಳು ಸಂಸತ್, ವಸ್ತುಸಂಗ್ರಹಾಲಯಗಳು,ಕಚೇರಿ ಕಟ್ಟಡಗಳು,ಹೋಟೆಲ್ಗಳಾಗಿವೆ.ಕೆಲವೊಮ್ಮೆ ಸಾರ್ವಜನಿಕ ಮನರಂಜನಾ ಅಥವಾ ಪ್ರದರ್ಶನಗಳು ನಡೆಸುವ ಕಟ್ಟಡಗಳನ್ನು ಅರಮನೆ ಎನ್ನಲಾಗುತ್ತದೆ.",kn:ಅರಮನೆ,https://kn.wikipedia.org/wiki/ಅರಮನೆ
Kannada,ಉದಯನ (ಕೋಸಲರಾಜ) ದಕ್ಷಿಣ ಕೋಸಲದಲ್ಲಿ 6ನೆಯ ಶತಮಾನದಲ್ಲಿ ಅಧಿಕಾರಕ್ಕೆ ಬಂದ ಪಾಂಡವ ವಂಶದ (ಚಂದ್ರವಂಶದ) ರಾಜರಲ್ಲಿ ಒಬ್ಬ.,kn:ಉದಯನ (ಕೋಸಲರಾಜ),https://kn.wikipedia.org/wiki/ಉದಯನ_(ಕೋಸಲರಾಜ)
Kannada,ಈ ಉದಯನ ಕಲಂಬ ಶಾಸನದಲ್ಲಿ ಹೆಸರಿಸಲಾಗಿರುವ ಬಾಂಡ ಜಿಲ್ಲೆಯಲ್ಲಿ ಆಳುತ್ತಿದ್ದ ಪಾಂಡವ ಮನೆತನಕ್ಕೆ ಸೇರಿದ ಉದಯನನಲ್ಲವೆಂದು ವಿದ್ವಾಂಸರು ಅಭಿಪ್ರಾಯಪಟ್ಟಿದ್ದಾರೆ.,kn:ಉದಯನ (ಕೋಸಲರಾಜ),https://kn.wikipedia.org/wiki/ಉದಯನ_(ಕೋಸಲರಾಜ)
Kannada,ಉದಯನ ರಾಜನ ಮೊಮ್ಮಗನಾದ ತಿವಾರಿ ಈ ರಾಜಮನೆತನದಲ್ಲಿ ಅತ್ಯಂತ ಪ್ರಸಿದ್ಧ ರಾಜನಾಗಿದ್ದ.,kn:ಉದಯನ (ಕೋಸಲರಾಜ),https://kn.wikipedia.org/wiki/ಉದಯನ_(ಕೋಸಲರಾಜ)
Kannada,ಶೌರ್ಯ ಚಕ್ರವು ಭಾರತೀಯ ಸೇನೆ ನೀಡುವ ಪುರಸ್ಕಾರವಾಗಿದೆ.,kn:ಶೌರ್ಯ ಚಕ್ರ,https://kn.wikipedia.org/wiki/ಶೌರ್ಯ_ಚಕ್ರ
Kannada,"ಭಾರತೀಯ ಸೇನೆಯ ಯೋಧ ರಣರಂಗದ ಹೊರಗಡೆ ತೋರುವ ಶೌರ್ಯ,ಬಲಿದಾನಗಳಿಗೆ ಕೊಡಮಾಡುವ ಪದಕವಿದು.ಭಾರತೀಯ ಯೋಧರಲ್ಲದೇ ಸಾಮಾನ್ಯ ನಾಗರೀಕರೂ ಕೂಡ ಕೀರ್ತಿ ಚಕ್ರವನ್ನು ಪಡೆಯಬಹುದಾಗಿದೆ.ಇದಲ್ಲದೇ ಮರಣೋತ್ತರವಾಗಿಯೂ ಈ ಪುರಸ್ಕಾರವನ್ನು ಕೊಡಬಹುದಾಗಿದೆ.",kn:ಶೌರ್ಯ ಚಕ್ರ,https://kn.wikipedia.org/wiki/ಶೌರ್ಯ_ಚಕ್ರ
Kannada,'ಶೌರ್ಯ ಚಕ್ರ' ಪ್ರಶಸ್ತಿ ಭಾರತೀಯ ಸೇನೆಯ ಇತರೆ ಪುರಸ್ಕಾರಗಳಾದ ಅಶೋಕ ಚಕ್ರ (ಪ್ರಶಸ್ತಿ) ಮತ್ತು ಕೀರ್ತಿ ಚಕ್ರದ ವಿಸ್ತರಿತ ಪ್ರಶಸ್ತಿಯಾಗಿದೆ.೧೯೬೭ರ ಮುಂಚೆ ಇದನ್ನು ಅಶೋಕ ಚಕ್ರ-ಕ್ಲಾಸ್ ೩ ಎಂಬ ಪುರಸ್ಕಾರದಡಿಯಲ್ಲಿ ಗುರುತಿಸಲಾಗುತ್ತಿತ್ತು.,kn:ಶೌರ್ಯ ಚಕ್ರ,https://kn.wikipedia.org/wiki/ಶೌರ್ಯ_ಚಕ್ರ
Kannada,"ನುಲೆನೂರು ( ರಾಮಗಿರಿ ನುಲೆನೂರು), ಚಿತ್ರದುರ್ಗ ಜಿಲ್ಲೆಯ ಹೊಳಲ್ಕೆರೆ ತಾಲೂಕಿನಲ್ಲಿರುವ ಒಂದು ಗ್ರಾಮ.",kn:ಆರ್. ನುಲೆನೂರು,https://kn.wikipedia.org/wiki/ಆರ್._ನುಲೆನೂರು
Kannada,"ಗೆರ್ಟಾ ಪೊಹರಿಲೆ (೧ ಆಗಸ್ಟ್ ೧೯೧೦ - ೨೬ ಜುಲೈ ೧೯೩೭), ವೃತ್ತಿಪರವಾಗಿ ಗೇರ್ಡಾ ಟಾರೋ ಎಂದು ಕರೆಯಲಾಗುತ್ತದೆ, ಸ್ಪ್ಯಾನಿಷ್ ಅಂತರ್ಯುದ್ಧದ ಸಮಯದಲ್ಲಿ ಸಕ್ರಿಯ ಜರ್ಮನ್ ಯಹೂದಿ ಯುದ್ಧ ಛಾಯಾಗ್ರಾಹಕರಾಗಿದ್ದರು.",kn:ಗೆರ್ಟಾ ಪೊಹರಿಲೆ,https://kn.wikipedia.org/wiki/ಗೆರ್ಟಾ_ಪೊಹರಿಲೆ
Kannada,ಯುದ್ಧದಲ್ಲಿ ಮುಂಚೂಣಿಯನ್ನು ಆವರಿಸಿಕೊಂಡಾಗ ಅವರು ಮರಣ ಹೊಂದಿದ ಮೊದಲ ಮಹಿಳಾ ಛಾಯಾಗ್ರಾಹಕರಾಗಿದ್ದಾರೆ.,kn:ಗೆರ್ಟಾ ಪೊಹರಿಲೆ,https://kn.wikipedia.org/wiki/ಗೆರ್ಟಾ_ಪೊಹರಿಲೆ
Kannada,ಟಾರೊ ಛಾಯಾಗ್ರಾಹಕ ರಾಬರ್ಟ್ ಕ್ಯಾಪಾ ಅವರ ಸಹವರ್ತಿ ಮತ್ತು ವೃತ್ತಿಪರ ಪಾಲುದಾರರಾಗಿದ್ದರು.,kn:ಗೆರ್ಟಾ ಪೊಹರಿಲೆ,https://kn.wikipedia.org/wiki/ಗೆರ್ಟಾ_ಪೊಹರಿಲೆ
Kannada,"""ರಾಬರ್ಟ್ ಕ್ಯಾಪಾ"" ಎಂಬ ಹೆಸರು ಮೂಲತಃ ಟಾರೊ ಮತ್ತು ಕ್ಯಾಪಾ (ಜನಿಸಿದ ಎಂಡ್ರೆ ಫ್ರೈಡ್ಮನ್) ಎಂಬ ಅಲಿಯಾಸ್ ಅನ್ನು ಹಂಚಿಕೊಂಡಿದೆ, ಯುರೋಪ್ ನಲ್ಲಿ ಹೆಚ್ಚುತ್ತಿರುವ ರಾಜಕೀಯ ಅಸಹನೆಯನ್ನು ತಗ್ಗಿಸಲು ಮತ್ತು ಲಾಭದಾಯಕ ಅಮೆರಿಕದ ಮಾರುಕಟ್ಟೆಯನ್ನು ಆಕರ್ಷಿಸಲು ಆವಿಷ್ಕಾರವಾಗಿತ್ತು.",kn:ಗೆರ್ಟಾ ಪೊಹರಿಲೆ,https://kn.wikipedia.org/wiki/ಗೆರ್ಟಾ_ಪೊಹರಿಲೆ
Kannada,ಕುಶ ಲವ - ಸೀತಾಮಾತೆಯ ಅವಳೀ ಮಕ್ಕಳು.,kn:ಕುಶ ಲವ,https://kn.wikipedia.org/wiki/ಕುಶ_ಲವ
Kannada,ಲೋಕಾಪವಾದಕ್ಕೆ ಹೆದರಿದ ಶ್ರೀರಾಮ ಗರ್ಭಿಣಿಯಾದ ಸೀತೆಯನ್ನು ಕಾಡಿಗಟ್ಟಿದನಷ್ಟೆ.,kn:ಕುಶ ಲವ,https://kn.wikipedia.org/wiki/ಕುಶ_ಲವ
Kannada,ತನ್ನ ದುರವಸ್ಥೆಗಾಗಿ ಶೋಕಿಸುತ್ತಿದ್ದ ಸೀತೆಯನ್ನು ವಾಲ್ಮೀಕಿ ಮಹರ್ಷಿ ಗುರುತಿಸಿ ತನ್ನ ಆಶ್ರಮಕ್ಕೆ ಕರೆದೊಯ್ದು ಸಂತೈಸಿದ.,kn:ಕುಶ ಲವ,https://kn.wikipedia.org/wiki/ಕುಶ_ಲವ
Kannada,ಅಲ್ಲಿ ಸೀತೆ ಅವಳಿ ಮಕ್ಕಳನ್ನು ಪಡೆದಳು.,kn:ಕುಶ ಲವ,https://kn.wikipedia.org/wiki/ಕುಶ_ಲವ
Kannada,"ಬೆಂಗಳೂರು ಗುಲಾಬಿ ಈರುಳ್ಳಿ, ಇದು ಕರ್ನಾಟಕದ ಬೆಂಗಳೂರು ಮತ್ತು ಸುತ್ತಮುತ್ತ ಬೆಳೆಯುವ ಒಂದು ಬಗೆಯ ಈರುಳ್ಳಿ.",kn:ಬೆಂಗಳೂರು ಗುಲಾಬಿ ಈರುಳ್ಳಿ,https://kn.wikipedia.org/wiki/ಬೆಂಗಳೂರು_ಗುಲಾಬಿ_ಈರುಳ್ಳಿ
Kannada,ಸ್ಥಳೀಯವಾಗಿ ಗುಲಾಬಿ ಈರುಳ್ಳಿ ಎಂದು ಕರೆಯಲಾಗುತ್ತದೆ.,kn:ಬೆಂಗಳೂರು ಗುಲಾಬಿ ಈರುಳ್ಳಿ,https://kn.wikipedia.org/wiki/ಬೆಂಗಳೂರು_ಗುಲಾಬಿ_ಈರುಳ್ಳಿ
Kannada,ಇದು ೨೦೧೫ರಲ್ಲಿ ಭೌಗೋಳಿಕ ಸೂಚ್ಯಂಕ ಪಟ್ಟಿಗೆ ಸೇರಿತು.,kn:ಬೆಂಗಳೂರು ಗುಲಾಬಿ ಈರುಳ್ಳಿ,https://kn.wikipedia.org/wiki/ಬೆಂಗಳೂರು_ಗುಲಾಬಿ_ಈರುಳ್ಳಿ
Kannada,ಫರ್ಡಿನೆಂಡ್ ಮೆಗಲನ್ ಭೂಖಂಡಗಳನ್ನು ಅನ್ವೇಷಿಸುತ್ತಾ ಬಂದ ನಾವಿಕ.,kn:ಫೆರ್ಡಿನೆಂಡ್ ಮೆಗಲನ್,https://kn.wikipedia.org/wiki/ಫೆರ್ಡಿನೆಂಡ್_ಮೆಗಲನ್
Kannada,ಹೊಸ ಭೂಭಾಗಗಳ ಅನ್ವೇಷಣೆಗಾಗಿ ಸ್ಪೇನ್‌ನಿಂದ ನೇಮಕಗೊಂಡಿದ್ದ.,kn:ಫೆರ್ಡಿನೆಂಡ್ ಮೆಗಲನ್,https://kn.wikipedia.org/wiki/ಫೆರ್ಡಿನೆಂಡ್_ಮೆಗಲನ್
Kannada,ಈತನ ಬಹುಮುಖ್ಯವಾದ ಅನ್ವೇಷಣೆ - ಪೂರ್ವದ ಮೂಲಕ ಇಂಡೋನೇಷ್ಯಾದತ್ತ ಸಮುದ್ರಮಾರ್ಗವಿದೆ ಎಂದು ಕಂಡುಹಿಡಿದದ್ದು.,kn:ಫೆರ್ಡಿನೆಂಡ್ ಮೆಗಲನ್,https://kn.wikipedia.org/wiki/ಫೆರ್ಡಿನೆಂಡ್_ಮೆಗಲನ್
Kannada,"ಮೆಗಲಾನ್ ೧೫೦೫ರಲ್ಲಿ ತನ್ನ ಮೊದಲ ಸಮುದ್ರ ಪ್ರಯಾಣ ಕೈಗೊಂಡ, ಅಂದರೆ ವಾಸ್ಕೋ ಡ ಗಾಮನಿಗಿಂತ ಮೂರು ವರ್ಷ ಮುಂಚೆ.",kn:ಫೆರ್ಡಿನೆಂಡ್ ಮೆಗಲನ್,https://kn.wikipedia.org/wiki/ಫೆರ್ಡಿನೆಂಡ್_ಮೆಗಲನ್
Kannada,ಕರ್ನಾಟಕ ಸಂಗೀತದ ಹಾಡುಗಳೊಂದಿಗೆ ಸಂಗೀತಗಾರರು ಮತ್ತು ಪ್ರೇಕ್ಷಕರು ಒಟ್ಟಾಗಿ ಸಭೆ ಸೇರುವುದೇ ಕಛೇರಿ.,kn:ಸಂಗೀತ ಕಛೇರಿ,https://kn.wikipedia.org/wiki/ಸಂಗೀತ_ಕಛೇರಿ
Kannada,ಇದನ್ನು ಹಾಡುಗಾರಿಕೆಯ ಮೂಲಕ ಪ್ರಸ್ತುತಪಡಿಸಲಾಗುತ್ತದೆ.,kn:ಸಂಗೀತ ಕಛೇರಿ,https://kn.wikipedia.org/wiki/ಸಂಗೀತ_ಕಛೇರಿ
Kannada,ವಿದ್ವಾನ್‌ಗಳ ಶಾಸ್ತ್ರೀಯ ಸಂಗೀತ ಕಛೇರಿಗಳನ್ನು ಕೇಳಲು ಸಂಗೀತ ರಸಿಕರು ಮತ್ತು ಸಾಮಾನ್ಯ ಸಂಗೀತ ಅಭಿಮಾನಿಗಳು ಕಛೇರಿ ನಡೆಯುವ ಸ್ಥಳಗಳಲ್ಲಿ ಸೇರುತ್ತಾರೆ.,kn:ಸಂಗೀತ ಕಛೇರಿ,https://kn.wikipedia.org/wiki/ಸಂಗೀತ_ಕಛೇರಿ
Kannada,"ಈ ಪದದ ವ್ಯುತ್ಪತ್ತಿಯನ್ನು ಗಮನಿಸುವುದಾದರೆ ""ಕಛೇರಿ"" ಎಂಬ ಪದವು ಉರ್ದು ಭಾಷೆಯಿಂದ ಬಂದಿದ್ದು, ಹಿಂದಿಯಲ್ಲಿ ನ್ಯಾಯಾಲಯ ಎಂಬ ಅರ್ಥವನ್ನು ನೀಡುತ್ತದೆ.",kn:ಸಂಗೀತ ಕಛೇರಿ,https://kn.wikipedia.org/wiki/ಸಂಗೀತ_ಕಛೇರಿ
Kannada,"ಬಡತನದ ಬೇಗೆಯಿಂದ ಬೇಯುತ್ತಿರುವ ವ್ಯಕ್ತಿ ನಿಧನನಾದ ಬಳಿಕವೂ ಬೆನ್ನ ಹಿಂದೆ ಕಾಡುವ ಹಣದ ಕೊರತೆಗಳನ್ನು ಅರಿತು ಅದಕ್ಕೊಂದು ಉಪಾಯ ಕಂಡುಹಿಡಿದು ತಾವೂ ಒಬ್ಬ ಮಾದರಿಯ ಮನುಶ್ಯನಾಗಿ ನಗರದ ನಾಗರೀಕರು ನೆನೆಸಿಕೊಳ್ಳುವಂತೆ ನಡೆದುಕೊಂಡ ಮಹಾನ್ ಚೇತನ, 'ಸನತ್.ಬಿ.ಛಾಯ', ಮಹಾರಾಷ್ಟ್ರದ ಮುಂಬೈನಗರಕ್ಕೆ ಹತ್ತಿರದ 'ಅಂಬರ್ ನಾಥ್ ಬಡಾವಣೆ'ಯಲ್ಲಿ ವಾಸಿಸುವ ಒಬ್ಬ ಸಾಮಾನ್ಯ ವ್ಯಕ್ತಿ.",kn:ಎಸ್. ಬಿ. ಛಾಯ,https://kn.wikipedia.org/wiki/ಎಸ್._ಬಿ._ಛಾಯ
Kannada,"ಒಬ್ಬ ಬಡ ಕಾರ್ಮಿಕ, ಅಥವಾ ಮತ್ತೊಬ್ಬ ಧನಹೀನ ವ್ಯಕ್ತಿ ನಿಧನಹೊಂದಿದರೆ, ಕೆಲವೊಮ್ಮೆ ಆತನ ಮೃತದೇಹವನ್ನು ದಹನಕ್ರಿಯೆಗೆ ಒಳಪಡಿಸಲೂ ಬಹಳ ಕಷ್ಟಪಡಬೇಕಾದ ಸಂದರ್ಭಗಳನ್ನು ಮುಂಬೈಯಂತಹ ಮಾಹಾನಗರದಲ್ಲಿ ಕಾಣುತ್ತೇವೆ.",kn:ಎಸ್. ಬಿ. ಛಾಯ,https://kn.wikipedia.org/wiki/ಎಸ್._ಬಿ._ಛಾಯ
Kannada,"ಹೀಗೆ ಇದರಬಗ್ಗೆ ಛಾಯಾರವರು ಆಲೋಚಿಸಿ ಬಡಜನರಿಗೆ ಮರಣಾನಂತರ ದಹನಮಾಡಲು 'ಬಯೋಗ್ಯಾಸ್ ಚಿತಾಗಾರ'ವನ್ನು ಆಯೋಜಿಸಿ ಒಂದು 'ದೊಡ್ಡ ಸಾರ್ವಜನಿಕಸಂಸ್ಥೆ', ಅಥವಾ 'ಎನ್.ಜಿ.ಒ'.ಗಳು ನಿರ್ವಹಿಸುವ ಕಾರ್ಯವನ್ನು ತಾವೊಬ್ಬರೇ ಮಾಡಿತೋರಿಸಿ ಕಣ್ಮರೆಯಾದರು.",kn:ಎಸ್. ಬಿ. ಛಾಯ,https://kn.wikipedia.org/wiki/ಎಸ್._ಬಿ._ಛಾಯ
Kannada,ಸೆಲ್ಮಾ ಲಾಗೆರ್‍ಲೋಫ್(Selma Ottilia Lovisa Lagerlöf)(20 ನವೆಂಬರ್ 1858 – 16 ಮಾರ್ಚ್ 1940)ಸ್ವೀಡನ್ ದೇಶದ ಬರಹಗಾರ್ತಿ.ಇವರಿಗೆ ೧೯೦೯ರ ಸಾಲಿನ ಸಾಹಿತ್ಯದ ನೋಬೆಲ್ ಪ್ರಶಸ್ತಿ ದೊರೆತಿದೆ.ಇವರು ಈ ಪ್ರಶಸ್ತಿ ಪಡೆದ ಪ್ರಥಮ ಮಹಿಳೆ.,kn:ಸೆಲ್ಮಾ ಲಾಗೆರ್ಲೋಫ್,https://kn.wikipedia.org/wiki/ಸೆಲ್ಮಾ_ಲಾಗೆರ್ಲೋಫ್
Kannada,ಇವರ ದಿ ವಂಡರ್‍ಪುಲ್ ಅಡ್ವಂಚರ್ ಆಫ್ ನಿಲ್ಸ್ ಎಂಬ ಮಕ್ಕಳ ಪುಸ್ತಕವು ಅತ್ಯಂತ ಪ್ರಸಿದ್ಧವಾದುದು.,kn:ಸೆಲ್ಮಾ ಲಾಗೆರ್ಲೋಫ್,https://kn.wikipedia.org/wiki/ಸೆಲ್ಮಾ_ಲಾಗೆರ್ಲೋಫ್
Kannada,"ಇವರ ಸಾಹಿತ್ಯದಲ್ಲಿ ಕಂಡುಬರುವ ಉದಾತ್ತ ಆದರ್ಶವಾದ,ಎದ್ದು ಕಾಣುವ ಕಾಲ್ಪನಿಕತೆ ಮತ್ತು ಆದ್ಯಾತ್ಮಿಕ ಗ್ರಹಿಕೆಗಳ ಮೆಚ್ಚುಗೆಯಾಗಿ ನೋಬೆಲ್ ಪ್ರಶಸ್ತಿಯನ್ನು ಕೊಡಲಾಗಿದೆ.",kn:ಸೆಲ್ಮಾ ಲಾಗೆರ್ಲೋಫ್,https://kn.wikipedia.org/wiki/ಸೆಲ್ಮಾ_ಲಾಗೆರ್ಲೋಫ್
Kannada,"ಟಬೆಬುಯಾ ರೋಸಿಯಾ, ಇದನ್ನು ಗುಲಾಬಿ ಪೌಯಿ ಎಂದೂ ಕರೆಯುತ್ತಾರೆ ಮತ್ತು ರೋಸಿ ಟ್ರಂಪೆಟ್ ಟ್ರೀ 30 m (98 ft) ವರೆಗೆ ಬೆಳೆಯುವ ನಿಯೋಟ್ರೋಪಿಕಲ್ ಮರವಾಗಿದೆ ಮತ್ತು 100 cm (3 ft) ವರೆಗಿನ ಎದೆಯ ಎತ್ತರದಲ್ಲಿ ವ್ಯಾಸವನ್ನು ತಲುಪಬಹುದು.",kn:ತಬೆಬುಯಾ ರೋಸಿಯಾ,https://kn.wikipedia.org/wiki/ತಬೆಬುಯಾ_ರೋಸಿಯಾ
Kannada,"ಸ್ಪ್ಯಾನಿಷ್ ಹೆಸರು ರೋಬಲ್ ಡಿ ಸಬಾನಾ, ಅಂದರೆ ""ಸವನ್ನಾ ಓಕ್"", ಕೋಸ್ಟರಿಕಾದಲ್ಲಿ ವ್ಯಾಪಕವಾಗಿ ಬಳಸಲ್ಪಡುತ್ತದೆ, ಬಹುಶಃ ಇದು ಹೆಚ್ಚು ಅರಣ್ಯನಾಶದ ಪ್ರದೇಶಗಳಲ್ಲಿ ಉಳಿಯುತ್ತದೆ ಮತ್ತು ಓಕ್ ಮರಗಳಿಗೆ ಅದರ ಮರವನ್ನು ಹೋಲುತ್ತದೆ.",kn:ತಬೆಬುಯಾ ರೋಸಿಯಾ,https://kn.wikipedia.org/wiki/ತಬೆಬುಯಾ_ರೋಸಿಯಾ
Kannada,"ಇದು ಎಲ್ ಸಾಲ್ವಡಾರ್‌ನ ರಾಷ್ಟ್ರೀಯ ಮರವಾಗಿದೆ, ಅಲ್ಲಿ ಇದನ್ನು ""ಮಾಕ್ವಿಲಿಶುಯಾಟ್"" ಎಂದು ಕರೆಯಲಾಗುತ್ತದೆ.",kn:ತಬೆಬುಯಾ ರೋಸಿಯಾ,https://kn.wikipedia.org/wiki/ತಬೆಬುಯಾ_ರೋಸಿಯಾ
Kannada,"ಸತ್ಯ ಹರಿಶ್ಚಂದ್ರ, 2017ರ ಭಾರತದ ಕನ್ನಡ ಭಾಷೆಯ ಹಾಸ್ಯಮಯ ರೊಮ್ಯಾಂಟಿಕ್ ಚಲನಚಿತ್ರ.",kn:ಸತ್ಯ ಹರಿಶ್ಚಂದ್ರ (೨೦೧೭ ಚಲನಚಿತ್ರ),https://kn.wikipedia.org/wiki/ಸತ್ಯ_ಹರಿಶ್ಚಂದ್ರ_(೨೦೧೭_ಚಲನಚಿತ್ರ)
Kannada,ಈ ಚಿತ್ರವನ್ನು ದಯಾಳ್ ಪದ್ಮನಾಭನ್ ಅವರು ಬರೆದು ನಿರ್ದೇಶಿಸಿದ್ದಾರೆ.,kn:ಸತ್ಯ ಹರಿಶ್ಚಂದ್ರ (೨೦೧೭ ಚಲನಚಿತ್ರ),https://kn.wikipedia.org/wiki/ಸತ್ಯ_ಹರಿಶ್ಚಂದ್ರ_(೨೦೧೭_ಚಲನಚಿತ್ರ)
Kannada,"ಮಂಜು ಅವರು ತಮ್ಮ ""ಕೆ.ಮಂಜು ಸಿನೆಮಾಸ್"" ಬ್ಯಾನರ್ ಅಡಿಯಲ್ಲಿ ಈ ಚಿತ್ರವನ್ನು ನಿರ್ಮಿಸಿದ್ದಾರೆ.",kn:ಸತ್ಯ ಹರಿಶ್ಚಂದ್ರ (೨೦೧೭ ಚಲನಚಿತ್ರ),https://kn.wikipedia.org/wiki/ಸತ್ಯ_ಹರಿಶ್ಚಂದ್ರ_(೨೦೧೭_ಚಲನಚಿತ್ರ)
Kannada,"ಮುಖ್ಯ ಭೂಮಿಕೆಯಲ್ಲಿ ಶರಣ್ , ಸಂಚಿತ ಪಡುಕೋಣೆ ಮತ್ತು ಭಾವನಾ ರಾವ್ ನಟಿಸಿದ್ದಾರೆ.",kn:ಸತ್ಯ ಹರಿಶ್ಚಂದ್ರ (೨೦೧೭ ಚಲನಚಿತ್ರ),https://kn.wikipedia.org/wiki/ಸತ್ಯ_ಹರಿಶ್ಚಂದ್ರ_(೨೦೧೭_ಚಲನಚಿತ್ರ)
Kannada,"ರವೀನಾ ಟಂಡನ್ (ಹಿಂದಿ:रवीना टंडन, ಭಾರತದ ಮಹಾರಾಷ್ಟ್ರದಲ್ಲಿರುವ ಮುಂಬೈನಲ್ಲಿ 1974 ಅಕ್ಟೋಬರ್ 26ರಂದು ಜನನ) ರಾಷ್ಟ್ರೀಯ ಚಲನಚಿತ್ರ ಪ್ರಶಸ್ತಿ ವಿಜೇತ ಭಾರತೀಯ ನಟಿ, ನಿರ್ಮಾಪಕಿ ಮತ್ತು ಮಾಜಿ ರೂಪದರ್ಶಿ.",kn:ರವೀನಾ ಟಂಡನ್,https://kn.wikipedia.org/wiki/ರವೀನಾ_ಟಂಡನ್
Kannada,"ಬಾಲಿವುಡ್ ಚಿತ್ರ, ಪತ್ಥರ್ ಕೆ ಫೂಲ್ (1991) ಮ‌ೂಲಕ ಅವರ ವೃತ್ತಿ ಜೀವನ ಆರಂಭವಾಯಿತು.",kn:ರವೀನಾ ಟಂಡನ್,https://kn.wikipedia.org/wiki/ರವೀನಾ_ಟಂಡನ್
Kannada,ಈ ಚಿತ್ರದಲ್ಲಿನ ಅಭಿನಯಕ್ಕಾಗಿ ಟಂಡನ್ ಫಿಲ್ಮ್‌ಫೇರ್ ಲಕ್ಸ್ ಹೊಸ ಮುಖ ಪ್ರಶಸ್ತಿ ಕೂಡ ಪಡೆದರು.,kn:ರವೀನಾ ಟಂಡನ್,https://kn.wikipedia.org/wiki/ರವೀನಾ_ಟಂಡನ್
Kannada,"90ರ ದಶಕದಲ್ಲಿ ತೆರೆ ಕಂಡು ವಾಣಿಜ್ಯ ಯಶಸ್ಸು ಕಂಡ ಚಿತ್ರಗಳ ಪೈಕಿ ಮೊಹ್ರಾ (1994), ಖಿಲಾಡಿಯೋಂ ಕಾ ಖಿಲಾಡಿ (1996) ಮತ್ತು ಝಿದ್ದಿ (1997) ಚಿತ್ರಗಳಲ್ಲಿ ರವೀನಾ ನಟಿಸಿದ್ದಾರೆ.",kn:ರವೀನಾ ಟಂಡನ್,https://kn.wikipedia.org/wiki/ರವೀನಾ_ಟಂಡನ್
Kannada,"1894-95ರಲ್ಲೂ, 1937-45 ರಲ್ಲೂ ಚೀನಕ್ಕೂ ಜಪಾನಿಗೂ ನಡುವೆ ನಡೆದ ಯುದ್ಧಗಳು.",kn:ಚೀನ - ಜಪಾನ್ ಯುದ್ಧಗಳು,https://kn.wikipedia.org/wiki/ಚೀನ_-_ಜಪಾನ್_ಯುದ್ಧಗಳು
Kannada,ಕೊರಿಯದ ಮೇಲಣ ಸ್ವಾಮ್ಯಕ್ಕಾಗಿ ಈ ರಾಷ್ಟ್ರಗಳ ನಡುವೆ ಹುಟ್ಟಿದ ವ್ಯಾಜ್ಯದಿಂದಾಗಿ 1894-95ರ ಯುದ್ಧ ಸಂಭವಿಸಿತು.,kn:ಚೀನ - ಜಪಾನ್ ಯುದ್ಧಗಳು,https://kn.wikipedia.org/wiki/ಚೀನ_-_ಜಪಾನ್_ಯುದ್ಧಗಳು
Kannada,ಕೊರಿಯ ಬಹುಕಾಲದಿಂದ ಚೀನದ ಅಧೀನದಲ್ಲಿತ್ತು.,kn:ಚೀನ - ಜಪಾನ್ ಯುದ್ಧಗಳು,https://kn.wikipedia.org/wiki/ಚೀನ_-_ಜಪಾನ್_ಯುದ್ಧಗಳು
Kannada,ಆದರೆ ಈ ಅಧೀನತೆಯ ಸ್ವರೂಪ ಅಸ್ಪಷ್ಟವಾಗಿತ್ತು.,kn:ಚೀನ - ಜಪಾನ್ ಯುದ್ಧಗಳು,https://kn.wikipedia.org/wiki/ಚೀನ_-_ಜಪಾನ್_ಯುದ್ಧಗಳು
Kannada,"ಶ್ರೀಮುಷ್ಣಂ ಶ್ರೀನಿವಾಸ ಮೂರ್ತಿ(ಮೇ ೧೯, ೧೯೨೩-ನವೆಂಬರ್ ೨೪, ೨೦೦೯) ಒಬ್ಬ ಗಾಂಧಿವಾದಿ ಸ್ವಾತಂತ್ರ್ಯ ಹೂರಾಟಗಾರರು ಹಾಗೂ ಕನ್ನಡದ ಬರಹಗಾರರು.",kn:ಶ್ರೀಮುಷ್ಣಂ ಶ್ರೀನಿವಾಸ ಮೂರ್ತಿ,https://kn.wikipedia.org/wiki/ಶ್ರೀಮುಷ್ಣಂ_ಶ್ರೀನಿವಾಸ_ಮೂರ್ತಿ
Kannada,ಇವರು ೧೯ ಮೇ ೧೯೨೩ರಂದು ಶ್ರೀಮುಷ್ಣಂ ರಂಗಾಚಾರ್ಯ ಹಾಗು ಕಾವೆರಿ ಬಾಯಿ ದಂಪತಿಗಳಿಗೆ ಜನಿಸಿದರು.,kn:ಶ್ರೀಮುಷ್ಣಂ ಶ್ರೀನಿವಾಸ ಮೂರ್ತಿ,https://kn.wikipedia.org/wiki/ಶ್ರೀಮುಷ್ಣಂ_ಶ್ರೀನಿವಾಸ_ಮೂರ್ತಿ
Kannada,"ಇವರು ಕನ್ನಡದಲ್ಲಿ ಹಲವಾರು ಕೃತಿಗಳನ್ನು ರಚಿಸಿದ್ದಾರೆ, ಅವುಗಳಲ್ಲಿ ವೇದಾಂತ ಸಮನ್ವಯ ಎಂಬ ಕೃತಿಯೂ ಒಂದು.",kn:ಶ್ರೀಮುಷ್ಣಂ ಶ್ರೀನಿವಾಸ ಮೂರ್ತಿ,https://kn.wikipedia.org/wiki/ಶ್ರೀಮುಷ್ಣಂ_ಶ್ರೀನಿವಾಸ_ಮೂರ್ತಿ
Kannada,"ಆಯ್ದ ಉಪನಿಷತ್ ವಾಕ್ಯಗಳ, ಸಂವಾದಿ ಬ್ರಹ್ಮಸೂತ್ರಗಳ, ಶ್ರೀಶಂಕರ, ಶ್ರೀರಾಮನುಜ ಮತ್ತು ಶ್ರೀಮಧ್ವರ ಭಾಷ್ಯಗಳ ಸಮನ್ವಯದ ಕುರಿತು ಈ ಕೃತಿಯನ್ನು ಶ್ರೀಮುಷ್ಣಂ ಶ್ರೀನಿವಾಸ ಮೂರ್ತಿಗಳು ರಚಿಸಿದ್ದಾರೆ.",kn:ಶ್ರೀಮುಷ್ಣಂ ಶ್ರೀನಿವಾಸ ಮೂರ್ತಿ,https://kn.wikipedia.org/wiki/ಶ್ರೀಮುಷ್ಣಂ_ಶ್ರೀನಿವಾಸ_ಮೂರ್ತಿ
Kannada,ಹುಟ್ಟಿದ್ದು ಕಾನ್‍ಸ್ಟ್ಯಾಂಟಿನೋಪಲಿನಲ್ಲಿ.,kn:ಜೂಲಿಯನ್,https://kn.wikipedia.org/wiki/ಜೂಲಿಯನ್
Kannada,ಕಾನ್‍ಸ್ಟೆಂಟೈನ್ ಮಹಾಶಯನ ಭ್ರಾತ್ರೀಯ.,kn:ಜೂಲಿಯನ್,https://kn.wikipedia.org/wiki/ಜೂಲಿಯನ್
Kannada,"ಈತ ಸಿಂಹಾಸನಕ್ಕೆ ಉತ್ತರಾಧಿಕಾರಿಯಾಗಬಹುದಾಗಿದ್ದರಿಂದ, ಕಾನ್‍ಸ್ಟೆಂಟೈನ್‍ನ ಮಕ್ಕಳ ಅಸೂಯೆಗೆ ಇವನು ಗುರಿಯಾಗಿ ಇವನ ಪ್ರಾಣಕ್ಕೆ ಅಪಾಯ ಸಂಭವಿಸಿತ್ತು.",kn:ಜೂಲಿಯನ್,https://kn.wikipedia.org/wiki/ಜೂಲಿಯನ್
Kannada,ಈತನ ಸೋದರ ಗ್ಯಾಲಸ್‍ನೊಬ್ಬನನ್ನುಳಿದು ಕುಟುಂಬದ ಎಲ್ಲರೂ ಕೊಲೆಯಾಗಿದ್ದರು.,kn:ಜೂಲಿಯನ್,https://kn.wikipedia.org/wiki/ಜೂಲಿಯನ್
Kannada,ಆಟೋಮೊಬೈಲ್ಸ್ ಎಟ್ಟೋರ್ ಬುಗಾಟ್ಟಿ ಇದು ಜರ್ಮನ್ ಮತ್ತು ಫ್ರೆಂಚ್ ಉನ್ನತ ಕಾರ್ಯಕ್ಷಮತೆಯ ಆಟೋಮೊಬೈಲ್ ತಯಾರಕ ಸಂಸ್ಥೆಯಾಗಿದೆ.,kn:ಬುಗಾಟ್ಟಿ,https://kn.wikipedia.org/wiki/ಬುಗಾಟ್ಟಿ
Kannada,"ಇಟಾಲಿಯನ್ ಮೂಲದ ಕೈಗಾರಿಕಾ ವಿನ್ಯಾಸಕರಾದ ಎಟ್ಟೋರ್ ಬುಗಾಟಿಯವರು ೧೯೦೯ ರಲ್ಲಿ, ಆಗಿನ ಜರ್ಮನ್ ನಗರದ ಮೊಲ್ಶೈಮ್, ಅಲ್ಸೇಸ್‌ನಲ್ಲಿ ಈ ಕಂಪನಿಯನ್ನು ಸ್ಥಾಪಿಸಿದರು.",kn:ಬುಗಾಟ್ಟಿ,https://kn.wikipedia.org/wiki/ಬುಗಾಟ್ಟಿ
Kannada,ಕಾರುಗಳು ತಮ್ಮ ವಿನ್ಯಾಸದಲ್ಲಿ ಮತ್ತು ಹಲವಾರು ಸ್ಪರ್ಧೆಗಳಲ್ಲಿ ಹೆಸರುವಾಸಿಯಾಗಿದ್ದವು.,kn:ಬುಗಾಟ್ಟಿ,https://kn.wikipedia.org/wiki/ಬುಗಾಟ್ಟಿ
Kannada,"ಪ್ರಸಿದ್ಧ ಬುಗಾಟ್ಟಿ ವಾಹನಗಳಲ್ಲಿ, ಟೈಪ್ ೩೫ ಗ್ರ್ಯಾಂಡ್ ಪ್ರಿಕ್ಸ್ ಕಾರುಗಳು, ಟೈಪ್ ೪೧ ""ರಾಯಲ್"", ಟೈಪ್ ೫೭ ""ಅಟ್ಲಾಂಟಿಕ್"" ಮತ್ತು ಟೈಪ್ ೫೫ ಸ್ಪೋರ್ಟ್ಸ್ ಕಾರುಗಳು ಸೇರಿವೆ.",kn:ಬುಗಾಟ್ಟಿ,https://kn.wikipedia.org/wiki/ಬುಗಾಟ್ಟಿ
Kannada,"ಮಾಯಾ ನೆದಾರಾ ಕಬ್ರೆರಾ ಮಾಮಾನ್ (ಜನನ: 17 ಜುಲೈ 1999) ಮಹಿಳಾ ಫುಟ್‌ಬಾಲ್ ಆಟಗಾರ್ತಿ ಆಗಿದ್ದು, ಮಧ್ಯರಕ್ಷಕಿಯಾಗಿ ಮಕಾಬಿ ಕಿಶ್ರೊನೋತ್ ಹಡೆರಾ ಕ್ಲಬ್ ಮತ್ತು ಇಸ್ರೇಲ್ ಮಹಿಳಾ ರಾಷ್ಟ್ರೀಯ ತಂಡಕ್ಕಾಗಿ ಆಡುತ್ತಾರೆ.",kn:ಮಾಯಾ ನೆದಾರಾ ಕಬ್ರೆರಾ ಮಾಮಾನ್,https://kn.wikipedia.org/wiki/ಮಾಯಾ_ನೆದಾರಾ_ಕಬ್ರೆರಾ_ಮಾಮಾನ್
Kannada,ಅಮೆರಿಕದಲ್ಲಿ ಜನಿಸಿದ ಅವರು ಇಸ್ರೇಲ್ ಮತ್ತು ಡೊಮಿನಿಕನ್ ರಿಪಬ್ಲಿಕ್ ತಂಡಗಳಿಗಾಗಿ ವಿವಿಧ ಹಂತಗಳಲ್ಲಿ ಆಡಿದ್ದಾರೆ.,kn:ಮಾಯಾ ನೆದಾರಾ ಕಬ್ರೆರಾ ಮಾಮಾನ್,https://kn.wikipedia.org/wiki/ಮಾಯಾ_ನೆದಾರಾ_ಕಬ್ರೆರಾ_ಮಾಮಾನ್
Kannada,ಆನ್ನೆ ಅಸ್ಕೆವ್ ಅವರು ಒಬ್ಬ ಲೇಖಕರು.,kn:ಆನ್ನೆ ಅಸ್ಕೆವ್,https://kn.wikipedia.org/wiki/ಆನ್ನೆ_ಅಸ್ಕೆವ್
Kannada,"ಅವರು ಒಬ್ಬ ಇ೦ಗ್ಲಿಷ ಕವಿ, ಬರಹಗಾರ ಮತ್ತು ಪ್ರೋಟೆಸ್ಟೆ೦ಟ ಹುತಾತ್ಮ ಅವರು ಆಗಿದರು ಒ೦ದು ಖ೦ಡಿಸಿದ ಮಾಹಿತಿ ಮತ್ತು ಒ೦ದು ಪಾಷಾ೦ಡಿ ಇ೦ಗ್ಲೆ೦ಡ ನಲ್ಲಿ.ಆನ್ನೆ ಅಸ್ಕೆವ್ ಅವರು ಜನಿಸಿದು ಲಿ೦ಕೆನೆಷ್ವರ, ಇ೦ಗಲೆ೦ಡನಲ್ಲಿ.",kn:ಆನ್ನೆ ಅಸ್ಕೆವ್,https://kn.wikipedia.org/wiki/ಆನ್ನೆ_ಅಸ್ಕೆವ್
Kannada,ಅವರ ತ೦ದೆಯ ಹೆಸರು ವಿಲಿಯ೦ ಆಸ್ಕೆವ್ ಅವರು ಒ೦ದು ಶ್ರೀಮ೦ತ ಭೂಮಾಲೀಕ.,kn:ಆನ್ನೆ ಅಸ್ಕೆವ್,https://kn.wikipedia.org/wiki/ಆನ್ನೆ_ಅಸ್ಕೆವ್
Kannada,ಅವರು ಒ೦ದು ಸ೦ಭಾವಿತ ಪುರುಷನಾಗಿ ಹೆನ್ರಿ ೮ ಎ೦ಬ ರಾಜದ ನ್ಯಾಯಾಲಯದಲ್ಲಿ ಸೇವೆ ಸಲಿಸುತ್ತಿದ್ದರು.,kn:ಆನ್ನೆ ಅಸ್ಕೆವ್,https://kn.wikipedia.org/wiki/ಆನ್ನೆ_ಅಸ್ಕೆವ್
Kannada,"ಹೆಜಮಾಡಿ ಬಾಗಿಲ್ತಾಯ ಲಕ್ಷ್ಮೀನಾರಾಯಣ ರಾವ್,(೨೦,ಸೆಪ್ಟೆಂಬರ್ ೧೯೩೩-೨೨,ಏಪ್ರಿಲ್, ೨೦೨೦) ತಮ್ಮ ಸ್ನೇಹಿತರ ವಲಯದಲ್ಲಿ ಎಚ್.ಬಿ.ಎಲ್.ರಾವ್ ಎಂದು ಚಿರಪರಿಚಿತರಾಗಿದ್ದಾರೆ.",kn:ಎಚ್. ಬಿ.ಎಲ್.ರಾವ್,https://kn.wikipedia.org/wiki/ಎಚ್._ಬಿ.ಎಲ್.ರಾವ್
Kannada,"ಸುಮಾರು ೬ ವರ್ಷಗಳಿಂದ 'ಮಹಾರಾಷ್ಟ್ರ ಘಟಕದ ಕನ್ನಡ ಸಾಹಿತ್ಯ ಪರಿಷತ್ತಿನ ಅಧ್ಯಕ್ಷ'ರಾಗಿರುವ, ರಾವ್, ಮುಂಬಯಿನ ಕನ್ನಡಿಗರ ಪ್ರಮುಖ ಕನ್ನಡ ಕಲಾವಿದರು.",kn:ಎಚ್. ಬಿ.ಎಲ್.ರಾವ್,https://kn.wikipedia.org/wiki/ಎಚ್._ಬಿ.ಎಲ್.ರಾವ್
Kannada,'ಯಕ್ಷಗಾನ'ವನ್ನು ದೇಶದಾದ್ಯಂತ ಪ್ರಸಿದ್ಧಿಪಡಿಸುವ ನಿಟ್ಟಿನಲ್ಲಿ ಅವರು ಮಾಡುತ್ತಿರುವ ಕಾರ್ಯಗಳು ಅನುಕರಣೀಯ.,kn:ಎಚ್. ಬಿ.ಎಲ್.ರಾವ್,https://kn.wikipedia.org/wiki/ಎಚ್._ಬಿ.ಎಲ್.ರಾವ್
Kannada,'ಮುಂಬಯಿ'ನಗರದ 'ಸಯಾನ್' ಉಪನಗರದಲ್ಲಿರುವ 'ಗೋಕುಲ್' ನಲ್ಲಿ ಅವರು ಪದಾಧಿಕಾರಿಯಾಗಿ ಸೇವೆಸಲ್ಲಿಸುತ್ತಿದ್ದಾರೆ.,kn:ಎಚ್. ಬಿ.ಎಲ್.ರಾವ್,https://kn.wikipedia.org/wiki/ಎಚ್._ಬಿ.ಎಲ್.ರಾವ್
Kannada,ಉಡುಪಿಯ ಕೋಟೇಶ್ವರದ ಎನ್.ಆರ್.ಎ.ಎಂ.ಎಚ್.,kn:ದಿ.ಸೂರ್ಯ ನಾರಾಯಣ ಚಡಗ ಸ್ಮಾರಕ ಪ್ರಶಸ್ತಿ,https://kn.wikipedia.org/wiki/ದಿ.ಸೂರ್ಯ_ನಾರಾಯಣ_ಚಡಗ_ಸ್ಮಾರಕ_ಪ್ರಶಸ್ತಿ
Kannada,ಪ್ರಕಾಶನ ಪ್ರತಿ ವರ್ಷ ದಿ.ಸೂರ್ಯ ನಾರಾಯಣ ಚಡಗ ಸ್ಮಾರಕ ಪ್ರಶಸ್ತಿಯನ್ನು ಅರ್ಹ ಲೇಖಕರಿಗೆ ನೀಡುತ್ತಾ ಬಂದಿದೆ.,kn:ದಿ.ಸೂರ್ಯ ನಾರಾಯಣ ಚಡಗ ಸ್ಮಾರಕ ಪ್ರಶಸ್ತಿ,https://kn.wikipedia.org/wiki/ದಿ.ಸೂರ್ಯ_ನಾರಾಯಣ_ಚಡಗ_ಸ್ಮಾರಕ_ಪ್ರಶಸ್ತಿ
Kannada,ಡೇನಿಯಲ್ ಲುಕಾ ವೆಟ್ಟೊರಿ (ಜನನ 27 ಜನವರಿ 1979) ಒಬ್ಬ ಕ್ರಿಕೆಟ್ ಆಟಗಾರ ಹಾಗು ನ್ಯೂಜಿಲೆಂಡ್ ಕ್ರಿಕೆಟ್ ತಂಡ ದ ಹಾಲಿ ನಾಯಕ.,kn:ಡೇನಿಯಲ್ ವೆಟ್ಟೊರಿ,https://kn.wikipedia.org/wiki/ಡೇನಿಯಲ್_ವೆಟ್ಟೊರಿ
Kannada,"ಈತ ಟೆಸ್ಟ್ ಕ್ರಿಕೆಟ್ ನ ಇತಿಹಾಸದಲ್ಲಿ 300 ವಿಕೆಟ್ ಗಳನ್ನು ಹಾಗು 3,000 ರನ್ನುಗಳನ್ನು ಗಳಿಸಿದ ಎಂಟನೇ ಆಟಗಾರ.",kn:ಡೇನಿಯಲ್ ವೆಟ್ಟೊರಿ,https://kn.wikipedia.org/wiki/ಡೇನಿಯಲ್_ವೆಟ್ಟೊರಿ
Kannada,"ಕಳೆದ 1996-97ರಲ್ಲಿ ತನ್ನ 18ನೇ ವಯಸ್ಸಿನಲ್ಲಿ ಚೊಚ್ಚಲ ಪ್ರವೇಶ ಮಾಡಿ, ಟೆಸ್ಟ್ ಕ್ರಿಕೆಟ್ ನಲ್ಲಿ ನ್ಯೂಜಿಲೆಂಡ್ ತಂಡವನ್ನು ಪ್ರತಿನಿಧಿಸಿದ ಅತ್ಯಂತ ಕಿರಿಯ ಆಟಗಾರನಾಗಿದ್ದಾನೆ.",kn:ಡೇನಿಯಲ್ ವೆಟ್ಟೊರಿ,https://kn.wikipedia.org/wiki/ಡೇನಿಯಲ್_ವೆಟ್ಟೊರಿ
Kannada,"ವೆಟ್ಟೊರಿ ಒಬ್ಬ ಬೌಲಿಂಗ್ ಆಲ್ ರೌಂಡರ್, ಈತ ನಿಧಾನಗತಿಯ ಎಡಗೈ ಸಾಂಪ್ರದಾಯಿಕ ಸ್ಪಿನ್ ಬೌಲಿಂಗ್ ಮಾಡುತ್ತಾನೆ.",kn:ಡೇನಿಯಲ್ ವೆಟ್ಟೊರಿ,https://kn.wikipedia.org/wiki/ಡೇನಿಯಲ್_ವೆಟ್ಟೊರಿ
Kannada,ಗೌಡ ದೇಶಪಶ್ಚಿಮ ಮತ್ತು ವಾಯವ್ಯ ಬಂಗಾಲ ಪ್ರದೇಶಕ್ಕೆ ಹಿಂದೆ ಇದ್ದ ಹೆಸರು.,kn:ಗೌಡ ದೇಶ,https://kn.wikipedia.org/wiki/ಗೌಡ_ದೇಶ
Kannada,ಈ ಪ್ರದೇಶದ ರಾಜಧಾನಿಯಾಗಿದ್ದ ಗೌಡ ನಗರದಿಂದಾಗಿ ಇದಕ್ಕೆ ಗೌಡದೇಶವೆಂಬ ಹೆಸರು ಬಂದಿರಬಹುದು.,kn:ಗೌಡ ದೇಶ,https://kn.wikipedia.org/wiki/ಗೌಡ_ದೇಶ
Kannada,"ತಾಳೀಕೋಟೆಯ ಯುದ್ಧ ಜನವರಿ ೨೩, ೧೫೬೫ರಲ್ಲಿ ವಿಜಯನಗರ ಸಾಮ್ರಾಜ್ಯ ಮತ್ತು ದಕ್ಷಿಣದ ಸುಲ್ತಾನರುಗಳ ನಡುವೆ ನಡೆದ ಯುದ್ಧ.",kn:ತಾಳೀಕೋಟೆಯ ಯುದ್ಧ,https://kn.wikipedia.org/wiki/ತಾಳೀಕೋಟೆಯ_ಯುದ್ಧ
Kannada,ತಾಳೀಕೋಟೆ ಇಂದಿನ ಬಿಜಾಪುರದಿಂದ ೮೦ ಕಿ.ಮೀ ದೂರದಲ್ಲಿರುವ ಕರ್ನಾಟಕದ ಒಂದು ಐತಿಹಾಸಿಕ ಸ್ಥಳ.,kn:ತಾಳೀಕೋಟೆಯ ಯುದ್ಧ,https://kn.wikipedia.org/wiki/ತಾಳೀಕೋಟೆಯ_ಯುದ್ಧ
Kannada,"ಈ ಯುದ್ಧದಲ್ಲಿ ವಿಜಯನಗರ ಸಾಮ್ರಾಜ್ಯದ ಪತನವಾಗುವುದರೊಂದಿಗೆ, ಕೊನೆಯ ಕನ್ನಡ ಸಾಮ್ರಾಜ್ಯವು ಕೊನೆಗೊಂಡಿತು.",kn:ತಾಳೀಕೋಟೆಯ ಯುದ್ಧ,https://kn.wikipedia.org/wiki/ತಾಳೀಕೋಟೆಯ_ಯುದ್ಧ
Kannada,"ಫಾತಿಮತ್ ಧಿಯಾನಾ ಸಯೀದ್ (೨೨ ನವೆಂಬರ್ ೧೯೭೪) ಇವರು ಮಾಲ್ಡೀವ್ಸ್‌ನ ರಾಜತಾಂತ್ರಿಕರಾಗಿದ್ದು, ಸೌತ್ ಏಷಿಯನ್ ಅಸೋಸಿಯೇಷನ್ ಫೊರ್ ರಿಜಿಯನಲ್ ಕೊರ್ಪೊರೇಷನ್(ಎಸ್‌ಎ‌ಎಅರ್‌ಸಿ) ಪ್ರಧಾನ ಕಾರ್ಯದರ್ಶಿಯಾಗಿ ಸೇವೆ ಸಲ್ಲಿಸಿದ್ದಾರೆ.",kn:ಫಾತಿಮತ್ ಧಿಯಾನಾ ಸಯೀದ್,https://kn.wikipedia.org/wiki/ಫಾತಿಮತ್_ಧಿಯಾನಾ_ಸಯೀದ್
Kannada,"೧೯೮೫ ರಲ್ಲಿ, ಸಂಸ್ಥೆ ಪ್ರಾರಂಭವಾದಾಗಿನಿಂದ ಈ ಹುದ್ದೆಯನ್ನು ಅಲಂಕರಿಸಿದ ಮೊದಲ ಮಹಿಳೆ ಇವರಾಗಿದ್ದಾರೆ.",kn:ಫಾತಿಮತ್ ಧಿಯಾನಾ ಸಯೀದ್,https://kn.wikipedia.org/wiki/ಫಾತಿಮತ್_ಧಿಯಾನಾ_ಸಯೀದ್
Kannada,"ಫೆಬ್ರವರಿ ೨೦೧೧ ರಲ್ಲಿ, ಸಾರ್ಕ್ ಮಂತ್ರಿಮಂಡಲದ ಮೂವತ್ತಮೂರನೇ ಅಧಿವೇಶನದಲ್ಲಿ ಅವರನ್ನು ಪ್ರಧಾನ ಕಾರ್ಯದರ್ಶಿಯಾಗಿ ನೇಮಿಸಲಾಯಿತು ಮತ್ತು ಮಾರ್ಚ್ ೧, ೨೦೧೧ ರಂದು ಕಠ್ಮಂಡುವಿನಲ್ಲಿ ಅಧಿಕಾರ ವಹಿಸಿಕೊಂಡರು.",kn:ಫಾತಿಮತ್ ಧಿಯಾನಾ ಸಯೀದ್,https://kn.wikipedia.org/wiki/ಫಾತಿಮತ್_ಧಿಯಾನಾ_ಸಯೀದ್
Kannada,ಅವರು ಭಾರತದ ಶೀಲ್ ಕಾಂತ್ ಶರ್ಮಾ ಅವರ ಉತ್ತರಾಧಿಕಾರಿಯಾಗಿದ್ದರು.,kn:ಫಾತಿಮತ್ ಧಿಯಾನಾ ಸಯೀದ್,https://kn.wikipedia.org/wiki/ಫಾತಿಮತ್_ಧಿಯಾನಾ_ಸಯೀದ್
Kannada,ಫಿಲ್ಮ್ ಫೇರ್ ಪ್ರಶಸ್ತಿಗಳು ಹಿಂದಿ ಚಲನಚಿತ್ರ ರಂಗದಲ್ಲಿ ಉತ್ತಮ ಸಾಧನೆಗಳಿಗೆ ನೀಡಲಾಗುವ ಪ್ರಶಸ್ತಿಗಳು.,kn:ಫಿಲ್ಮ್‌ಫೇರ್ ಪ್ರಶಸ್ತಿಗಳು,https://kn.wikipedia.org/wiki/ಫಿಲ್ಮ್‌ಫೇರ್_ಪ್ರಶಸ್ತಿಗಳು
Kannada,"೧೯೫೪ರಲ್ಲಿ ಪ್ರಾರಂಭವಾಗಿ, ಪ್ರತಿ ವರ್ಷ ಈ ಪ್ರಶಸ್ತಿಗಳನ್ನು ನೀಡಲಾಗುತ್ತದೆ.",kn:ಫಿಲ್ಮ್‌ಫೇರ್ ಪ್ರಶಸ್ತಿಗಳು,https://kn.wikipedia.org/wiki/ಫಿಲ್ಮ್‌ಫೇರ್_ಪ್ರಶಸ್ತಿಗಳು
Kannada,ಪ್ರಸಕ್ತವಾಗಿ ಒಟ್ಟು ೩೧ ಪ್ರಶಸ್ತಿಗಳನ್ನು ಪ್ರತಿ ವರ್ಷ ನೀಡಲಾಗುತ್ತದೆ.,kn:ಫಿಲ್ಮ್‌ಫೇರ್ ಪ್ರಶಸ್ತಿಗಳು,https://kn.wikipedia.org/wiki/ಫಿಲ್ಮ್‌ಫೇರ್_ಪ್ರಶಸ್ತಿಗಳು
Kannada,"ಹಿರಿಯರಿಂದ 'ಹಿರೇಮದ್ದು' ಎಂದೇ ಕರೆಸಿಕೊಳ್ಳುವ ಈ ಸಸ್ಯ, ನರಸಂಬಂಧಿ, ಕಫ ವಾತ ಸಂಬಂಧಿ ದೋಷಗಳನ್ನು ಕಿತ್ತು ಕಳೆಯಬಲ್ಲ ಗುಣವಿದೆ.",kn:ಅಶ್ವಗಂಧಾ,https://kn.wikipedia.org/wiki/ಅಶ್ವಗಂಧಾ
Kannada,ಈ ಗಿಡದ ಬೇರಿಗೆ ಲೈಂಗಿಕ ದೌರ್ಬಲ್ಯ ನಿವಾರಿಸುವ ಅದ್ಬುತ ಸಾಮರ್ಥ್ಯವಿದೆ.,kn:ಅಶ್ವಗಂಧಾ,https://kn.wikipedia.org/wiki/ಅಶ್ವಗಂಧಾ
Kannada,"ಹಾವು, ಚೇಳು ಕಚ್ಚಿದಾಗ ಇದರ ಬೇರನ್ನು ನಿಂಬೇ ರಸದೊಂದಿಗೆ ಹಚ್ಚಲು ಉಪಯೋಗಿಸುತ್ತಾರೆ.",kn:ಅಶ್ವಗಂಧಾ,https://kn.wikipedia.org/wiki/ಅಶ್ವಗಂಧಾ
Kannada,"ಆಯುರ್ವೇದ ಪಂಡಿತರು ಸಂಸ್ಕೃತದಲ್ಲಿ ಇದಕ್ಕೆ ನೀಡಿದ ಹೆಸರು ವಾಜೀಗಂಧಾ, ಹಯಗಂಧಾ, ವರಾಹಕರ್ಣೀ ಇತ್ಯಾದಿ.",kn:ಅಶ್ವಗಂಧಾ,https://kn.wikipedia.org/wiki/ಅಶ್ವಗಂಧಾ
Kannada,"ಚೌಡಯ್ಯ ಸ್ಮಾರಕ ಸಭಾಂಗಣವು ಬೆಂಗಳೂರಿನಲ್ಲಿರುವ ಸಾಂಸ್ಕೃತಿಕ ಕೇಂದ್ರವಾಗಿದ್ದು, ಸಂಗೀತ ಮತ್ತು ನಾಟಕೀಯ ಪ್ರದರ್ಶನಗಳು ಮತ್ತು ಸ್ಪರ್ಧೆಗಳಿಗೆ ನೆಲೆಯನ್ನು ಒದಗಿಸುತ್ತದೆ.",kn:ಚೌಡಯ್ಯ ಸ್ಮಾರಕ ಭವನ,https://kn.wikipedia.org/wiki/ಚೌಡಯ್ಯ_ಸ್ಮಾರಕ_ಭವನ
Kannada,ಮಲ್ಲೇಶ್ವರಂನಲ್ಲಿರುವ ಇದನ್ನು ತಿರುಮಕೂಡಲು ಚೌಡಯ್ಯನವರ ಗೌರವಾರ್ಥವಾಗಿ ನಿರ್ಮಿಸಲಾಗಿದೆ.,kn:ಚೌಡಯ್ಯ ಸ್ಮಾರಕ ಭವನ,https://kn.wikipedia.org/wiki/ಚೌಡಯ್ಯ_ಸ್ಮಾರಕ_ಭವನ
Kannada,"ಇದು ರಲ್ಲಿ ಸ್ಥಾಪಿಸಲಾಯಿತು,, ಸ್ವತಂತ್ರ ನೋಂದಾಯಿತ ಸಂಸ್ಥೆಯಾದ ಸಂಗೀತ ಅಕಾಡೆಮಿಯು ನೋಡಿಕೊಳ್ಳುತ್ತದೆ 1961",kn:ಚೌಡಯ್ಯ ಸ್ಮಾರಕ ಭವನ,https://kn.wikipedia.org/wiki/ಚೌಡಯ್ಯ_ಸ್ಮಾರಕ_ಭವನ
Kannada,ಮಂಡ್ಯ ಜಿಲ್ಲೆಯ ಕೃಷ್ಣರಾಜಪೇಟೆ ತಾಲ್ಲೂಕಿನ ಮಾರೇನಹಳ್ಳಿ ಗ್ರಾಮದಲ್ಲಿ ದೇವಾಲಯವಿದೆ.,kn:ಹರಿಯಾಲದಮ್ಮನ ಗುಡಿ,https://kn.wikipedia.org/wiki/ಹರಿಯಾಲದಮ್ಮನ_ಗುಡಿ
Kannada,ತಾಲ್ಲೂಕು ಕೇಂದ್ರದಿಂದ ೧೫ ಕಿಲೋಮೀಟರ್ ದೂರದಲ್ಲಿದೆ.,kn:ಹರಿಯಾಲದಮ್ಮನ ಗುಡಿ,https://kn.wikipedia.org/wiki/ಹರಿಯಾಲದಮ್ಮನ_ಗುಡಿ
Kannada,ಇಲ್ಲಿಗೆ ಪ್ರತಿ ಮಂಗಳವಾರ ಮತ್ತು ಶುಕ್ರವಾರ ಭಕ್ತರು ಹೆಚ್ಚಿನ ಸಂಖ್ಯೆಯಲ್ಲಿ ಆಗಮಿಸುತ್ತಾರೆ.,kn:ಹರಿಯಾಲದಮ್ಮನ ಗುಡಿ,https://kn.wikipedia.org/wiki/ಹರಿಯಾಲದಮ್ಮನ_ಗುಡಿ
Kannada,"ಪ್ರತಿ ಭಾನುವಾರ ಇಲ್ಲಿ ತೆಂಗಿನಕಾಯಿ, ಜಾನುವಾರು ಹಾಗೂ ಕಾಯಿಪಲ್ಲೆಗಳ ಸಂತೆಯೂ ನಡೆಯುತ್ತದೆ.",kn:ಹರಿಯಾಲದಮ್ಮನ ಗುಡಿ,https://kn.wikipedia.org/wiki/ಹರಿಯಾಲದಮ್ಮನ_ಗುಡಿ
Kannada,"ಮಿನುಗು 2010 ರ ಭಾರತೀಯ ಕನ್ನಡ ಭಾಷೆಯ ರೋಮ್ಯಾಂಟಿಕ್ ಕಥಾ ಚಲನಚಿತ್ರವಾಗಿದ್ದು, ಜಾಹೀರಾತು-ಚಿತ್ರಗಳ ತಯಾರಕ ಆಂಥೋನಿ ಜಯವಂತ್ ಅವರು ಚಲನಚಿತ್ರರಂಗಕ್ಕೆ ಪ್ರವೇಶ ಮಾಡಿದ್ದಾರೆ.",kn:ಮಿನುಗು (ಚಲನಚಿತ್ರ),https://kn.wikipedia.org/wiki/ಮಿನುಗು_(ಚಲನಚಿತ್ರ)
Kannada,"ಈ ಚಿತ್ರದಲ್ಲಿ ಪೂಜಾ ಗಾಂಧಿ, ಸುನಿಲ್ ರಾವ್ ನಾಲ್ಕು ವರ್ಷಗಳ ನಂತರ ಚಿತ್ರರಂಗಕ್ಕೆ ಮರಳಿ ಬಂದಿದ್ದಾರೆ ಮತ್ತು ರಂಗಭೂಮಿ ನಟ ಅಜಿತ್ ಹಂದೆ ಪ್ರಮುಖ ಪಾತ್ರಗಳಲ್ಲಿ ನಟಿಸಿದ್ದಾರೆ.",kn:ಮಿನುಗು (ಚಲನಚಿತ್ರ),https://kn.wikipedia.org/wiki/ಮಿನುಗು_(ಚಲನಚಿತ್ರ)
Kannada,"ಗಜೇಂದ್ರ ಅವರು ನಿರ್ಮಿಸಿದ್ದಾರೆ, ಅವರು ನಿರ್ಮಾಪಕರಾಗಿ ತೆರೆಯ ಮೇಲೆ ಅತಿಥಿ ಪಾತ್ರವನ್ನು ಸಹ ಮಾಡಿದ್ದಾರೆ.",kn:ಮಿನುಗು (ಚಲನಚಿತ್ರ),https://kn.wikipedia.org/wiki/ಮಿನುಗು_(ಚಲನಚಿತ್ರ)
Kannada,ಈ ಚಿತ್ರವು 2010 ರ ಮೊದಲ ದಿನದಂದು ಕರ್ನಾಟಕದ ಪರದೆಯಾದ್ಯಂತ ಬಿಡುಗಡೆಯಾಯಿತು.,kn:ಮಿನುಗು (ಚಲನಚಿತ್ರ),https://kn.wikipedia.org/wiki/ಮಿನುಗು_(ಚಲನಚಿತ್ರ)
Kannada,"ಇಂಡೋನೇಷ್ಯಾದ ಧ್ವಜವು ಎರಡು ಸಮಾನ ಸಮತಲ ಬಣ್ಣಗಳನ್ನು ಹೊಂದಿರುವ ಸರಳ ದ್ವಿವರ್ಣವಾಗಿದೆ, ಕೆಂಪು (ಮೇಲ್ಭಾಗ) ಮತ್ತು ಬಿಳಿ (ಕೆಳಗೆ) ಒಟ್ಟಾರೆ ಅನುಪಾತ ೨:೩.",kn:ಇಂಡೋನೇಷ್ಯಾದ ಧ್ವಜ,https://kn.wikipedia.org/wiki/ಇಂಡೋನೇಷ್ಯಾದ_ಧ್ವಜ
Kannada,ಇದನ್ನು ೧೭ ಆಗಸ್ಟ್ ೧೯೪೫ ರಂದು ಜಕಾರ್ತಾದ ೫೬ ಪ್ರೊಕ್ಲಾಮಾಸಿ ಸ್ಟ್ರೀಟ್ (ಹಿಂದೆ ಪೆಗಾಂಗ್ಸಾನ್ ತೈಮೂರ್ ಸ್ಟ್ರೀಟ್) ನಲ್ಲಿ ಸ್ವಾತಂತ್ರ್ಯದ ಘೋಷಣೆಯ ಸಮಯದಲ್ಲಿ ಸಾರ್ವಜನಿಕವಾಗಿ ಪರಿಚಯಿಸಲಾಯಿತು ಮತ್ತು ಡಚ್ಚರು ೨೭ ಡಿಸೆಂಬರ್ ೧೯೪೯ ರಂದು ಔಪಚಾರಿಕವಾಗಿ ಸಾರ್ವಭೌಮತ್ವವನ್ನು ವರ್ಗಾಯಿಸಿದರು.,kn:ಇಂಡೋನೇಷ್ಯಾದ ಧ್ವಜ,https://kn.wikipedia.org/wiki/ಇಂಡೋನೇಷ್ಯಾದ_ಧ್ವಜ
Kannada,ಅಂದಿನಿಂದ ಧ್ವಜದ ವಿನ್ಯಾಸವು ಬದಲಾಗದೆ ಉಳಿದಿದೆ.,kn:ಇಂಡೋನೇಷ್ಯಾದ ಧ್ವಜ,https://kn.wikipedia.org/wiki/ಇಂಡೋನೇಷ್ಯಾದ_ಧ್ವಜ
Kannada,"ಇಂಡೋನೇಷ್ಯಾದ ಧ್ವಜವು ಸಚಿತ್ರವಾಗಿ ಮೊನಾಕೊ ಧ್ವಜಕ್ಕೆ ಹೋಲುತ್ತದೆ, ಕೆಂಪು ಛಾಯೆ ಮತ್ತು ಅದರ ಆಯಾಮಗಳ ಅನುಪಾತದಲ್ಲಿ ಸ್ವಲ್ಪ ವ್ಯತ್ಯಾಸವಿದೆ.",kn:ಇಂಡೋನೇಷ್ಯಾದ ಧ್ವಜ,https://kn.wikipedia.org/wiki/ಇಂಡೋನೇಷ್ಯಾದ_ಧ್ವಜ
Kannada,"ಕುಲದೇವರು (ಮನೆದೇವರು) ಎಂದರೆ ಹಿಂದೂ ಧರ್ಮದಲ್ಲಿ ಒಂದು ಕುಟುಂಬ ಅಥವಾ ಮನೆತನದ ದೇವರು, ಅಥವಾ ಮಾತೃ ದೇವಿ.",kn:ಕುಲದೇವರು,https://kn.wikipedia.org/wiki/ಕುಲದೇವರು
Kannada,ಇದು ವ್ಯಕ್ತಿಗತ ಇಷ್ಟದೇವತೆಗಳು ಮತ್ತು ಗ್ರಾಮದೇವತೆಗಳಿಂದ ಭಿನ್ನವಾಗಿದೆ.,kn:ಕುಲದೇವರು,https://kn.wikipedia.org/wiki/ಕುಲದೇವರು
Kannada,ವಸಂತಕುಮಾರ ಪೆರ್ಲ ಇವರು ೧೯೫೮ ಜುಲೈ ೨ರಂದು ಕಾಸರಗೋಡು ಜಿಲ್ಲೆಯ ಪೆರ್ಲದಲ್ಲಿ ಜನಿಸಿದರು.,kn:ವಸಂತಕುಮಾರ ಪೆರ್ಲ,https://kn.wikipedia.org/wiki/ವಸಂತಕುಮಾರ_ಪೆರ್ಲ
Kannada,ಮಂಗಳೂರು ಆಕಾಶವಾಣಿಯಲ್ಲಿ ಕಾರ್ಯಕ್ರಮ ನಿರ್ವಹಣಾಧಿಕಾರಿಯಾಗಿದ್ದಾರೆ.,kn:ವಸಂತಕುಮಾರ ಪೆರ್ಲ,https://kn.wikipedia.org/wiki/ವಸಂತಕುಮಾರ_ಪೆರ್ಲ
Kannada,"ದೇವಗಿರಿ, ಇದು ಸಂಡೂರು ತಾಲ್ಲೂಕಿನ ಪೂರ್ವಕ್ಕೆ ಸುಮಾರು ೨೦ ಕಿ.ಮಿ.",kn:ದೇವಗಿರಿ,https://kn.wikipedia.org/wiki/ದೇವಗಿರಿ
Kannada,"ದೂರದಲ್ಲಿದೆ, ಇದು ಸುಮಾರು ಸಮುದ್ರ ಮಟ್ಟದಿಂದ ೩೪೦೦ ಅಡಿ ಎತ್ತರದಲ್ಲಿದೆ.",kn:ದೇವಗಿರಿ,https://kn.wikipedia.org/wiki/ದೇವಗಿರಿ
Kannada,"ಚಂದ್ರಿಕಾ ಎಂಬುದು ಔಷಧೀಯ ಗಿಡಮೂಲಿಕೆಗಳಿಂದಾದ ಸಾಬೂನು ಆಗಿದ್ದು, ಇದನ್ನು ಭಾರತದಲ್ಲಿ ಎಸ್‌ವಿ ಪ್ರಾಡಕ್ಟ್ಸ್ ಕಂಪೆನಿಯವರು ತಯಾರಿಸಿ ಮಾರಾಟ ಮಾಡುತ್ತಿದ್ದಾರೆ.",kn:ಚಂದ್ರಿಕಾ (ಸಾಬೂನು),https://kn.wikipedia.org/wiki/ಚಂದ್ರಿಕಾ_(ಸಾಬೂನು)
Kannada,ಇದನ್ನು ಮೊದಲ ಬಾರಿಗೆ ಕಲ್ಪಿಸಿ ರೂಪಿಸಿದ್ದು ಮತ್ತು ಕಂಪೆನಿಯನ್ನು ಸ್ಥಾಪಿಸಿದ್ದು ಸಿ ಆರ್ ಕೇಶವನ್ ವೈದ್ಯರ್ ಎಂಬವರು.,kn:ಚಂದ್ರಿಕಾ (ಸಾಬೂನು),https://kn.wikipedia.org/wiki/ಚಂದ್ರಿಕಾ_(ಸಾಬೂನು)
Kannada,೨೦೦೪ ರಲ್ಲಿ ಕೇರಳ ಮೂಲದ ಎಸ್‌ ವಿ ಪ್ರಾಡಕ್ಟ್ಸ್‌ಕಂಪೆನಿಯಿಂದ ವಿಪ್ರೋ ಕನ್ಸ್ಯೂಮರ್ ಕೇರ್ ಮತ್ತು ಲೈಟಿಂಗ್‌ ಕಂಪೆನಿಯವರು ಚಂದ್ರಿಕಾ ಸಾಬೂನು ಬ್ರ್ಯಾಂಡ್ ಅನ್ನು ಕೊಂಡುಕೊಂಡರು.,kn:ಚಂದ್ರಿಕಾ (ಸಾಬೂನು),https://kn.wikipedia.org/wiki/ಚಂದ್ರಿಕಾ_(ಸಾಬೂನು)
Kannada,ಬೆಂಗಳೂರಿನಲ್ಲಿ ಪ್ರಧಾನ ಕಚೇರಿ ಇರುವ ವಿಪ್ರೋ ಕಂಪೆನಿಯವರು ಸದ್ಯ ಇದರ ಮಾರಾಟವನ್ನು ಮಾಡುತ್ತಿದ್ದಾರೆ.,kn:ಚಂದ್ರಿಕಾ (ಸಾಬೂನು),https://kn.wikipedia.org/wiki/ಚಂದ್ರಿಕಾ_(ಸಾಬೂನು)
Kannada,"ಆಸ್ಕರ್ ಶೆಮ್ಮರ್ ಜರ್ಮನಿಯ ಬಹುಮುಖಿ ಕಲಾವಿದ.ಚಿತ್ರಕಲೆ, ಶಿಲ್ಪಕಲೆ, ಬೊಂಬೆಯಾಟ, ನಾಟಕ, ನೃತ್ಯ, ಹೀಗೆ ಹಲವು ಕಲಾಪ್ರಕಾರಗಳಲ್ಲಿ ಸೈ ಎನ್ನಿಸಿಕೊಂಡ ಕಲಾವಿದ.ಬೌಹೌಸ್ ಕಲಾ-ಶಾಲೆಯ ಪ್ರತಿಪಾದಕ.",kn:ಆಸ್ಕರ್ ಶೆಮ್ಮರ್,https://kn.wikipedia.org/wiki/ಆಸ್ಕರ್_ಶೆಮ್ಮರ್
Kannada,"ದಕ್ಷಿಣ ಮುಂಬೈನ 'ಧೋಬಿ ತಲಾವ್' ಜಿಲ್ಲೆಯಲ್ಲಿರುವ ೧೦೬ ವರ್ಷಗಳಷ್ಟು ಪುರಾತನ 'ಇರಾನಿ ರೆಸ್ಟೋರೆಂಟ್',ಗಳಲ್ಲಿ 'ಕಯಾನಿ ಅಂಡ್ ಕಂಪೆನಿ,' 'ಪ್ರಿನ್ಸೆಸ್ ಸ್ಟ್ರೀಟ್' ವಲಯದಲ್ಲಿದೆ.",kn:ಕಯಾನಿ ಅಂಡ್ ಕಂಪೆನಿ,https://kn.wikipedia.org/wiki/ಕಯಾನಿ_ಅಂಡ್_ಕಂಪೆನಿ
Kannada,ಇವರ ತಂದೆಯವರ ಹೆಸರು ಖೊಡಾಡ್ ಎಂದು.,kn:ಕಯಾನಿ ಅಂಡ್ ಕಂಪೆನಿ,https://kn.wikipedia.org/wiki/ಕಯಾನಿ_ಅಂಡ್_ಕಂಪೆನಿ
Kannada,"ಸನ್, ೧೯೪೮ ರಲ್ಲಿ ಇರಾನಿನ ಯಾಸ್ಡ್ ನಿಂದ 'ಅಪ್ಲತೂನ್' ಮುಂಬೈಗೆ ಬಂದರು.",kn:ಕಯಾನಿ ಅಂಡ್ ಕಂಪೆನಿ,https://kn.wikipedia.org/wiki/ಕಯಾನಿ_ಅಂಡ್_ಕಂಪೆನಿ
Kannada,ತಂದೆ ಮೊದಲೇ ಬೊಂಬಾಯಿನಲ್ಲೇ ವಾಸಮಾಡುತ್ತಿದ್ದರು.,kn:ಕಯಾನಿ ಅಂಡ್ ಕಂಪೆನಿ,https://kn.wikipedia.org/wiki/ಕಯಾನಿ_ಅಂಡ್_ಕಂಪೆನಿ
Kannada,ಕರ್ನಾಟಕ ಸಂಗೀತದಲ್ಲಿ ಎರಡು ಬಗೆಯ ಮೇಳಕರ್ತ ಪದ್ಧತಿಗಳು ರೂಢಿಯಲ್ಲಿವೆ.,kn:ಮೇಳಕರ್ತ ರಾಗಗಳ ಪಟ್ಟಿ,https://kn.wikipedia.org/wiki/ಮೇಳಕರ್ತ_ರಾಗಗಳ_ಪಟ್ಟಿ
Kannada,ಈಗ ಹೆಚ್ಚಿಗೆ ಪ್ರಚಾರದಲ್ಲಿರುವುದು ಸಂಪೂರ್ಣಮೇಳಗಳ ಪದ್ಧತಿ.,kn:ಮೇಳಕರ್ತ ರಾಗಗಳ ಪಟ್ಟಿ,https://kn.wikipedia.org/wiki/ಮೇಳಕರ್ತ_ರಾಗಗಳ_ಪಟ್ಟಿ
Kannada,"ಈ ಪದ್ಧತಿಯಲ್ಲಿ, ಎಲ್ಲ ಮೇಳಕರ್ತ ರಾಗಗಳೂ ಕ್ರಮ ಸಂಪೂರ್ಣ ಆರೋಹಣ-ಅವರೋಹಣ ಸಂಚಾರಗಳನ್ನು (ಅಂದರೆ ಸರಿಗಮಪದನಿಸ- ಸನಿದಪಮಗರಿಸ) ಹೊಂದಿರುತ್ತವೆ, ಈ ಕೆಳಗಿನ ಪಟಿಯಲ್ಲಿ ಈ ಪದ್ಧತಿಗೆ ಸೇರಿದ ಮೇಳಕರ್ತರಾಗಗಳನ್ನು ಸೂಚಿಸಲಾಗಿದೆ, ಇವುಗಳನ್ನು ಸಂಸ್ಕೃತದ “ಕಟಪಯಾದಿ” ನಿಯಮಕ್ಕೆ ಅನುಗುಣವಾಗಿ ಹೆಸರಿಸಲಾಗಿದೆ.",kn:ಮೇಳಕರ್ತ ರಾಗಗಳ ಪಟ್ಟಿ,https://kn.wikipedia.org/wiki/ಮೇಳಕರ್ತ_ರಾಗಗಳ_ಪಟ್ಟಿ
Kannada,ರಾಗದ ಹೆಸರಿನ ಮೊದಲೆರಡು ಅಕ್ಷರಗಳು ಆ ರಾಗದ ಮೇಳ ಸಂಖ್ಯೆಯನ್ಮು ಸೂಚಿಸುತ್ತದೆ.,kn:ಮೇಳಕರ್ತ ರಾಗಗಳ ಪಟ್ಟಿ,https://kn.wikipedia.org/wiki/ಮೇಳಕರ್ತ_ರಾಗಗಳ_ಪಟ್ಟಿ
Kannada,"ಅಧಿಕೃತವಾಗಿ ಲಾವೊ ಪೀಪಲ್ಸ್ ಡೆಮೋಕ್ರಟಿಕ್ ರಿಪಬ್ಲಿಕ್ ಎಂದು ಕರೆಯುವ ಲಾವೋಸ್‌‌ (pronounced /ˈlɑː.oʊs/, /ˈlaʊ/ ಅಥವಾ /ˈleɪ.ɒs/) ಆಗ್ನೇಯ ಏಷ್ಯಾದ ಸಂಪೂರ್ಣವಾಗಿ ನೆಲಾವೃತವಾದ ಒಂದು ರಾಷ್ಟ್ರವಾಗಿದೆ.",kn:ಲಾವೋಸ್,https://kn.wikipedia.org/wiki/ಲಾವೋಸ್
Kannada,"ಇದು ವಾಯವ್ಯದಲ್ಲಿ ಬರ್ಮಾ ಮತ್ತು ಪೀಪಲ್ಸ್ ರಿಪಬ್ಲಿಕ್ ಆಫ್ ಚೀನಾ(ಪ್ರಜಾಪ್ರಭುತ್ವ ಚೀನಾ), ಪೂರ್ವದಲ್ಲಿ ವಿಯೆಟ್ನಾಂ, ದಕ್ಷಿಣದಲ್ಲಿ ಕಾಂಬೋಡಿಯ ಹಾಗೂ ಪಶ್ಚಿಮದಲ್ಲಿ ಥೈಲೆಂಡ್‌ ದೇಶಗಳ ಗಡಿಗಳಿಂದ ಆವೃತವಾಗಿದೆ.",kn:ಲಾವೋಸ್,https://kn.wikipedia.org/wiki/ಲಾವೋಸ್
Kannada,ಲಾವೋಸ್‌‌ 14ರಿಂದ 18ನೇ ಶತಮಾನದವರೆಗೆ ಅಸ್ತಿತ್ವದಲ್ಲಿದ್ದ ಲ್ಯಾನ್-ಕ್ಸಾಂಗ್‌‌ ಸಾಮ್ರಾಜ್ಯ ಅಥವಾ ದಶಲಕ್ಷ ಆನೆಗಳನ್ನು ಹೊಂದಿದ್ದ ನೆಲ ಎಂಬ ಹೆಸರಿನಲ್ಲಿ ಅದರ ಇತಿಹಾಸವನ್ನು ನಿರೂಪಿಸುತ್ತದೆ.,kn:ಲಾವೋಸ್,https://kn.wikipedia.org/wiki/ಲಾವೋಸ್
Kannada,ಫ್ರೆಂಚ್‌ ರಕ್ಷಿತ ಪ್ರದೇಶ ಅವಧಿಯ ನಂತರ ಇದು 1949ರಲ್ಲಿ ಸ್ವಾತಂತ್ರ್ಯ ಪಡೆಯಿತು.,kn:ಲಾವೋಸ್,https://kn.wikipedia.org/wiki/ಲಾವೋಸ್
Kannada,"ತೊಗಲುಗೊಂಬೆಯಾಟದವರನ್ನು ಕಿಳ್ಳೆಕ್ಯಾತ, ಸಿಳ್ಳೆಕ್ಯಾತ, ಕಟುಬೂಜ್ಯಾತ, ಕೋಲುಕ್ಯಾತ, ಅಸ್ತ್ರೀಕ್ಯಾತ, ಕಾಲಿಕ್ಯಾತ, ಬುಂಡೇಕ್ಯಾತ ಹೀಗೆ ಅನೇಕ ಹೆಸರುಗಳಿಂದ ಕರೆಯುವರು.",kn:ತೊಗಲುಗೊಂಬೆಯಾಟ,https://kn.wikipedia.org/wiki/ತೊಗಲುಗೊಂಬೆಯಾಟ
Kannada,"ಕಿಳ್ಳೆಕ್ಯಾತರು, ಗೊಂಬೆರಾಮರು ಹಾಗೂ ಚಿತ್ರಮರಾಟರು ಎಂಬ ಹೆಸರಿನಿಂದ ತೊಗಲುಗೊಂಬೆಯಾಟ ಆಡಿಸುವವರನ್ನು ಗುರುತಿಸಬಹುದು.",kn:ತೊಗಲುಗೊಂಬೆಯಾಟ,https://kn.wikipedia.org/wiki/ತೊಗಲುಗೊಂಬೆಯಾಟ
Kannada,ಜೂಲಿಯನ್ ಮತ್ತು ಗ್ರೆಗೋರಿಯನ್ ಕ್ಯಾಲೆಂಡರ್‌ಗಳಲ್ಲಿ ಫೆಬ್ರವರಿ ವರ್ಷದ ಎರಡನೇ ತಿಂಗಳು.,kn:ಫೆಬ್ರವರಿ,https://kn.wikipedia.org/wiki/ಫೆಬ್ರವರಿ
Kannada,ತಿಂಗಳು ಸಾಮಾನ್ಯ ವರ್ಷಗಳಲ್ಲಿ ೨೮ ದಿನಗಳು ಮತ್ತು ಅಧಿಕ ವರ್ಷದಲ್ಲಿ ೨೯ ದಿನಗಳನ್ನು ಹೊಂದಿರುತ್ತದೆ.,kn:ಫೆಬ್ರವರಿ,https://kn.wikipedia.org/wiki/ಫೆಬ್ರವರಿ
Kannada,೨೯ ನೇ ದಿನವನ್ನು ಅಧಿಕ ದಿನ ಎಂದು ಕರೆಯಲಾಗುತ್ತದೆ.,kn:ಫೆಬ್ರವರಿ,https://kn.wikipedia.org/wiki/ಫೆಬ್ರವರಿ
Kannada,"ಇದು ೩೧ ದಿನಗಳನ್ನು ಹೊಂದಿರದ ಐದು ತಿಂಗಳುಗಳಲ್ಲಿ ಮೊದಲನೆಯದು (ಇತರ ನಾಲ್ಕು ತಿಂಗಳುಗಳೆಂದರೆ ಏಪ್ರಿಲ್, ಜೂನ್, ಸೆಪ್ಟೆಂಬರ್ ಮತ್ತು ನವೆಂಬರ್) ಮತ್ತು ೩೦ ದಿನಗಳಿಗಿಂತ ಕಡಿಮೆ ಇರುವ ಏಕೈಕ ತಿಂಗಳು.",kn:ಫೆಬ್ರವರಿ,https://kn.wikipedia.org/wiki/ಫೆಬ್ರವರಿ
Kannada,ಶಕ್ತಿ ಮೋಹನ್ ಭಾರತದ ಕಂಟೆಂಪರರಿ ನರ್ತಕಿಯೊಬ್ಬರು.,kn:ಶಕ್ತಿ ಮೋಹನ್,https://kn.wikipedia.org/wiki/ಶಕ್ತಿ_ಮೋಹನ್
Kannada,ಜ಼ೀ ಟಿವಿಯವರು ನಡೆಸಿದ 'ಡ್ಯಾಂಸ್ ಇಂಡಿಯ ಡ್ಯಾಂಸ್' ಸ್ಪರ್ಧೆಯ ಎರಡನೇ ಕಂತಿನ ವಿಜೇತೆಯಾಗಿ ೫೦ ಲಕ್ಷ ರೂ.ಗಳ ನಗದು ಬಹುಮಾನ ಹಾಗು ಮಾರುತಿ ಸುಜುಕಿ ವಾಗನ್ ಆರ್ ಕಾರನ್ನು ಗೆದ್ದರು.,kn:ಶಕ್ತಿ ಮೋಹನ್,https://kn.wikipedia.org/wiki/ಶಕ್ತಿ_ಮೋಹನ್
Kannada,"ತೀಸ್ ಮಾರ್ ಖಾನ್ ಹಾಗು ರೌಡಿ ರಾಥೋಡ್ ಚಿತ್ರಗಳ ಹಾಡುಗಳಲ್ಲಿ ಕುಣಿದಿರುವ ಇವರು, ಚ್ಯಾನೆಲ್ ವಿನಲ್ಲಿ ಬರುವ ದಿಲ್ ದೋಸ್ತಿ ಡ್ಯಾಂಸ್ನಲ್ಲಿ ಕ್ರಿಯ ಘಾಯ್ ಪಾತ್ರವನ್ನು ಮಾಡಿದ್ದಾರೆ.",kn:ಶಕ್ತಿ ಮೋಹನ್,https://kn.wikipedia.org/wiki/ಶಕ್ತಿ_ಮೋಹನ್
Kannada,ಕಮಲ ನಾರಾಯಣ ದೇವಸ್ಥಾನವು ಭಾರತದ ಕರ್ನಾಟಕ ರಾಜ್ಯದ ಬೆಳಗಾವಿ ಜಿಲ್ಲೆಯ ದೇಗಾಂವ್‌ನಲ್ಲಿದೆ.,kn:ಕಮಲ ನಾರಾಯಣ ದೇವಸ್ಥಾನ,https://kn.wikipedia.org/wiki/ಕಮಲ_ನಾರಾಯಣ_ದೇವಸ್ಥಾನ
Kannada,ಈ ದೇವಾಲಯವನ್ನು ಕದಂಬ ರಾಜವಂಶದವರು ನಿರ್ಮಿಸಿದರು.,kn:ಕಮಲ ನಾರಾಯಣ ದೇವಸ್ಥಾನ,https://kn.wikipedia.org/wiki/ಕಮಲ_ನಾರಾಯಣ_ದೇವಸ್ಥಾನ
Kannada,ಕಮಲ ನಾರಾಯಣ ದೇವಾಲಯವನ್ನು ೧೨ ನೇ ಶತಮಾನದ ಕದಂಬ ರಾಜ ಶಿವಚಿತ್ತ ಪೆರ್ಮಾಡಿಯ ರಾಣಿ ಕಮಲಾ ದೇವಿಯ ಮುಖ್ಯ ವಾಸ್ತುಶಿಲ್ಪಿ ತಿಪ್ಪೋಜ ನಿರ್ಮಿಸಿದರು.,kn:ಕಮಲ ನಾರಾಯಣ ದೇವಸ್ಥಾನ,https://kn.wikipedia.org/wiki/ಕಮಲ_ನಾರಾಯಣ_ದೇವಸ್ಥಾನ
Kannada,ಈ ದೇವಾಲಯವನ್ನು ಕ್ರಿ.ಶ ೧೧೭೪ ರಲ್ಲಿ ನಿರ್ಮಿಸಲಾಗಿದೆ.,kn:ಕಮಲ ನಾರಾಯಣ ದೇವಸ್ಥಾನ,https://kn.wikipedia.org/wiki/ಕಮಲ_ನಾರಾಯಣ_ದೇವಸ್ಥಾನ
Kannada,ಭೀಷ್ಮ ಪರ್ವ ಭಾರತೀಯ ಮಹಾಕಾವ್ಯ ಮಹಾಭಾರತದ ಹದಿನೆಂಟು ಪುಸ್ತಕಗಳಲ್ಲಿ ಆರನೆಯದು.,kn:ಭೀಷ್ಮ ಪರ್ವ,https://kn.wikipedia.org/wiki/ಭೀಷ್ಮ_ಪರ್ವ
Kannada,ಭೀಷ್ಮ ಪರ್ವ ೪ ಉಪ ಪುಸ್ತಕಗಳು ಹಾಗು ೧೨೪ ಅಧ್ಯಾಯಗಳನ್ನು ಹೊಂದಿದೆ.,kn:ಭೀಷ್ಮ ಪರ್ವ,https://kn.wikipedia.org/wiki/ಭೀಷ್ಮ_ಪರ್ವ
Kannada,ಭೀಷ್ಮ ಪರ್ವವು ೧೮ ದಿನದ ಕುರುಕ್ಷೇತ್ರ ಯುದ್ಧದ ಮೊದಲ ೧೦ ದಿನಗಳು ಮತ್ತು ಅದರ ಪರಿಣಾಮಗಳನ್ನು ವಿವರಿಸುತ್ತದೆ.,kn:ಭೀಷ್ಮ ಪರ್ವ,https://kn.wikipedia.org/wiki/ಭೀಷ್ಮ_ಪರ್ವ
Kannada,ಭೀಷ್ಮ ಪರ್ವ ( ಸಂಸ್ಕೃತ:भीष्म पर्वಮಹಾಭಾರತದ ಹದಿನೆಂಟು ಅಧ್ಯಾಯಗಳಲ್ಲಿ ಆರನೆಯದು .,kn:ಭೀಷ್ಮ ಪರ್ವ,https://kn.wikipedia.org/wiki/ಭೀಷ್ಮ_ಪರ್ವ
Kannada,"ಬನ್ನಿ ನಮ್ಮನ್ನು ನಗಿಸಿ) ಭಾರತೀಯ ತುಳು ಭಾಷೆಯ ಹಾಸ್ಯ ಸ್ಪರ್ಧೆ ಕಾರ್ಯಕ್ರಮವಾಗಿದ್ದು, ಡಿಸೆಂಬರ್, 2014 ರಲ್ಲಿ ನಮ್ಮ ಟಿವಿಯಲ್ಲಿ ಪ್ರಥಮ ಪ್ರದರ್ಶನಗೊಂಡಿತು ಇದು ತುಳುನಾಡಿನ ಅತಿ ಹೆಚ್ಚು ವೀಕ್ಷಿಸಿದ ಕಾರ್ಯಕ್ರಮಗಳಲ್ಲಿ ಒಂದಾಗಿದೆ.ಇದು ನಮ್ಮ ಟಿವಿ ಚಾನೆಲ್ ನಲ್ಲಿ ಪ್ರಸಾರವಾಗುತ್ತದೆ.ಈ ತುಳು ಹಾಸ್ಯ ನಾಟಕವು ಯೂಟ್ಯೂಬ್ನಲ್ಲಿ 4 ದಶಲಕ್ಷಗಿಂತ ಅಧಿಕ ವಿಕ್ಷಣೆಯಾಗಿದೆ.",kn:ಬಲೆ ತೆಲಿಪಾಲೆ,https://kn.wikipedia.org/wiki/ಬಲೆ_ತೆಲಿಪಾಲೆ
Kannada,ಡಿಸೆಂಬರ್ ೨೬ ಗ್ರೆಗೋರಿಯನ್ ಕ್ಯಾಲೆಂಡರ್ ವರ್ಷದ ೩೬೦ನೇ ದಿನ( ಅಧಿಕ ವರ್ಷದಲ್ಲಿ ೩೬೧ನೇ ದಿನ).,kn:ಡಿಸೆಂಬರ್ ೨೬,https://kn.wikipedia.org/wiki/ಡಿಸೆಂಬರ್_೨೬
Kannada,ಈ ದಿನದ ನಂತರ ೫ ದಿನಗಳು ವರ್ಷದಲ್ಲಿ ಉಳಿದಿರುತ್ತವೆ.,kn:ಡಿಸೆಂಬರ್ ೨೬,https://kn.wikipedia.org/wiki/ಡಿಸೆಂಬರ್_೨೬
Kannada,ಇದು ಬೆಂಗಳೂರಿನ ದೊಡ್ಡನೆಕ್ಕುಂದಿಯಲ್ಲಿರುವ ಒಂದು ಶಿಲಾಶಾಸನ.,kn:ದೊಡ್ಡನೆಕ್ಕುಂದಿ ಶಿಲಾಶಾಸನ,https://kn.wikipedia.org/wiki/ದೊಡ್ಡನೆಕ್ಕುಂದಿ_ಶಿಲಾಶಾಸನ
Kannada,ಈ ಶಾಸನ ಸುಮಾರು ಕ್ರಿ.ಶ ೧೩೦೪ರಲ್ಲಿ ಸ್ಥಾಪನೆಯಾಗಿದೆ.,kn:ದೊಡ್ಡನೆಕ್ಕುಂದಿ ಶಿಲಾಶಾಸನ,https://kn.wikipedia.org/wiki/ದೊಡ್ಡನೆಕ್ಕುಂದಿ_ಶಿಲಾಶಾಸನ
Kannada,ಇದು ಗ್ರಂಥ ಮತ್ತು ತಮಿಳು ಲಿಪಿಯಲ್ಲಿ ಇದೆ.,kn:ದೊಡ್ಡನೆಕ್ಕುಂದಿ ಶಿಲಾಶಾಸನ,https://kn.wikipedia.org/wiki/ದೊಡ್ಡನೆಕ್ಕುಂದಿ_ಶಿಲಾಶಾಸನ
Kannada,ಉದಯ ಮಾರ್ತಾಂಡ(1383–1444)ಅಥವಾ ಚೇರ ಉದಯ ಮಾರ್ತಾಂಡ ವರ್ಮ ತಿರುವಾಂಕೂರಿನ ಒಂದು ಭಾಗವಾದ ವೈನಾಡಿನಲ್ಲಿ 15ನೆಯ ಶತಮಾನದಲ್ಲಿ ರಾಜ್ಯವಾಳಿದ ಚೇರಸಂತತಿಯ ದೊರೆ.,kn:ಉದಯ ಮಾರ್ತಾಂಡ,https://kn.wikipedia.org/wiki/ಉದಯ_ಮಾರ್ತಾಂಡ
Kannada,ತಿರುವಾಂಕೂರಿನ ಇತಿಹಾಸದಲ್ಲಿ ಈತನಷ್ಟು ದೀರ್ಘಕಾಲ ಮತ್ಯಾರೂ ಆಳಿಲ್ಲ.,kn:ಉದಯ ಮಾರ್ತಾಂಡ,https://kn.wikipedia.org/wiki/ಉದಯ_ಮಾರ್ತಾಂಡ
Kannada,ಈತ ತನ್ನ ರಾಜ್ಯದ ದಕ್ಷಿಣಕ್ಕಿದ್ದ ಪ್ರದೇಶವನ್ನು ಗೆದ್ದು ರಾಜ್ಯವನ್ನು ವಿಸ್ತರಿಸಿದ.,kn:ಉದಯ ಮಾರ್ತಾಂಡ,https://kn.wikipedia.org/wiki/ಉದಯ_ಮಾರ್ತಾಂಡ
Kannada,ವಳ್ಳಿಯೂರಿನಲ್ಲಿ ಹೆಚ್ಚಾಗಿ ಇರುತ್ತಿದ್ದುದರಿಂದ ರಾಜ್ಯದ ಪೂರ್ವ ಭಾಗದಲ್ಲಿ ಅನೇಕ ಪಾಳೆಯಗಾರರು ದಂಗೆಯೆದ್ದು ಸ್ವಾತಂತ್ರ್ಯವನ್ನು ಘೋಷಿಸಿದರು.,kn:ಉದಯ ಮಾರ್ತಾಂಡ,https://kn.wikipedia.org/wiki/ಉದಯ_ಮಾರ್ತಾಂಡ
Kannada,"ಅಲ್ಲಾವುದ್ದೀನ್ ಖಾನ್ (ಬೆಂಗಾಲಿ: ওস্তাদ আলাউদ্দীন খান,ಬಾಬಾ ಅಲ್ಲಾವುದ್ದೀನ್ ಖಾನ್ ಅಂತಲೂ ಸುಪರಿಚಿತ)(೧೮೮೧-೧೯೭೨) ಇವರು ಭಾರತ ದೇಶ ಕಂಡ 'ಸುಪ್ರಸಿದ್ಧ ಸರೋದ್ ವಾದಕ'ರು, ಅನೇಕ ಇತರ ವಾದ್ಯಗಳ ವಾದಕರು ಮತ್ತು ಅತ್ತ್ಯುತ್ತಮ ಸಂಗೀತ ಶಿಕ್ಷಕರು.ಇವರು 'ಉಸ್ತಾದ್ ಅಲಿ ಅಕ್ಬರ್ ಖಾನ್' ಮತ್ತು 'ಅನ್ನಪೂರ್ಣಾ ದೇವಿ'ಯವರ ತಂದೆಯವರು.",kn:ಅಲ್ಲಾವುದ್ದೀನ್ ಖಾನ್,https://kn.wikipedia.org/wiki/ಅಲ್ಲಾವುದ್ದೀನ್_ಖಾನ್
Kannada,"ಪಂಡಿತ್ ರವಿಶಂಕರ್, ಪಂಡಿತ್ ನಿಖಿಲ್ ಬ್ಯಾನರ್ಜಿ, ಉಸ್ತಾದ್ ಅಲಿ ಅಕ್ಬರ್ ಖಾನ್, 'ಉಸ್ತಾದ್ ಬಹಾದೂರ್ ಖಾನ್', 'ಉಸ್ತಾದ್ ಆಶಿಶ್ ಖಾನ್', ಮತ್ತು 'ಪಂಡಿತ್ ಪನ್ನಾಲಾಲ್ ಘೋಷ್' ಇವರ ಗುರುಗಳು.",kn:ಅಲ್ಲಾವುದ್ದೀನ್ ಖಾನ್,https://kn.wikipedia.org/wiki/ಅಲ್ಲಾವುದ್ದೀನ್_ಖಾನ್
Kannada,"ಇವರು ಹೇಗೆ ಅನೇಕ ಶಿಷ್ಯರಿಗೆ ಗುರುಗಳಾಗಿದ್ದರೋ ಹಾಗೆಯೇ ಸ್ವತಃ ಅನೇಕ ಗುರುಗಳ ಕಡೆಗೆ ವಿದ್ಯಾರ್ಜನೆಯನ್ನು ಮಾಡಿದ್ದರು, ಪ್ರಮುಖವಾಗಿ ಸುಪ್ರಸಿದ್ಧ 'ವಝಿರ ಖಾನ್ ಸಾಹೇಬರು' ಇವರ ಪ್ರಮುಖ ಗುರುವಾಗಿದ್ದರು.",kn:ಅಲ್ಲಾವುದ್ದೀನ್ ಖಾನ್,https://kn.wikipedia.org/wiki/ಅಲ್ಲಾವುದ್ದೀನ್_ಖಾನ್
Kannada,"ಇವರು ಸರೋದ್, ಸಿತಾರ್, ವಯೊಲಿನ್ ಮತ್ತು ಸೂರ ಬಹಾರ್ ವಾದ್ಯಗಳನ್ನು ನುಡಿಸಬಲ್ಲವರಾಗಿದ್ದರು.",kn:ಅಲ್ಲಾವುದ್ದೀನ್ ಖಾನ್,https://kn.wikipedia.org/wiki/ಅಲ್ಲಾವುದ್ದೀನ್_ಖಾನ್
Kannada,ಭಾರತೀಯ ದೇವಾಲಯ ಸಂಕೇತಗಳು ಭಾರತದಲ್ಲಿನ ದೇವಾಲಯ ಸ್ಥಳಗಳಲ್ಲಿ ಜನಪ್ರಿಯವಾಗಿರುವ ಸಂಕೇತ ನಾಣ್ಯಗಳು.,kn:ಭಾರತೀಯ ದೇವಾಲಯ ಸಂಕೇತಗಳು,https://kn.wikipedia.org/wiki/ಭಾರತೀಯ_ದೇವಾಲಯ_ಸಂಕೇತಗಳು
Kannada,ಇವುಗಳಲ್ಲಿ ಹಲವು ರಾಮನನ್ನು ಚಿತ್ರಿಸಿರುವುದರಿಂದ ಇವನ್ನು ರಾಮಟಂಕೆಗಳು ಎಂದು ಕೂಡ ಕರೆಯಲಾಗುತ್ತದೆ.,kn:ಭಾರತೀಯ ದೇವಾಲಯ ಸಂಕೇತಗಳು,https://kn.wikipedia.org/wiki/ಭಾರತೀಯ_ದೇವಾಲಯ_ಸಂಕೇತಗಳು
Kannada,ಅತ್ಯಂತ ಮುಂಚಿನ ರಾಮಟಂಕೆಗಳು ವಾಸ್ತವವಾದ ನಾಣ್ಯಗಳಾಗಿರಬಹುದು (ಸಂಕೇತ ನಾಣ್ಯಗಳು ಅಥವಾ ಪದಕಗಳಲ್ಲ).,kn:ಭಾರತೀಯ ದೇವಾಲಯ ಸಂಕೇತಗಳು,https://kn.wikipedia.org/wiki/ಭಾರತೀಯ_ದೇವಾಲಯ_ಸಂಕೇತಗಳು
Kannada,೧೨ನೇ ಶತಮಾನದ ರಾಜನಾದ ನಾಲ್ಕನೇ ವಿಗ್ರಹರಾಜನು ಹೊರಡಿಸಿದ ನಾಣ್ಯಗಳು ಆಮೇಲಿನ ರಾಮಟಂಕೆಗಳ ಪೂರ್ವಗಾಮಿ ಎಂದು ಪರಿಗಣಿಸಬಹುದು.,kn:ಭಾರತೀಯ ದೇವಾಲಯ ಸಂಕೇತಗಳು,https://kn.wikipedia.org/wiki/ಭಾರತೀಯ_ದೇವಾಲಯ_ಸಂಕೇತಗಳು
Kannada,ಅಗೆಲು ಅಸುರಕ್ರಿಯದಲ್ಲಿ ಅತ್ಯಂತ ಸಾಮಾನ್ಯ ಚಟುವಟಿಕೆಗಳಲ್ಲಿ ಅಗೆಲು ಕೂಡಾ ಒಂದಾಗಿದೆ.,kn:ಅಗೆಲು,https://kn.wikipedia.org/wiki/ಅಗೆಲು
Kannada,"ಮನುಷ್ಯರು, ತಾವು ನಂಬಿದ ದೈವಗಳಿಗೆ ಅಥಾವೋ ಪ್ರೇತಾತ್ಮಗಳಿಗೆ ಬಾಳೆ ಎಲೆಯಲ್ಲಿ ಸಮರ್ಪಿಸುವ ನೈವೇದ್ಯ ಇದು.",kn:ಅಗೆಲು,https://kn.wikipedia.org/wiki/ಅಗೆಲು
Kannada,"ಅಲ್ಲದೆ, ಗುರು ಹಿರಿಯರನ್ನು ನೆನಪಿಸಿಕೊಳ್ಳುವ ಒಂದು ರೀತಿಯಲ್ಲಿ ಅವರನ್ನು ಸಂತೋಷ ಪಡಿಸುವ ಒಂದು ಹಬ್ಬ.",kn:ಅಗೆಲು,https://kn.wikipedia.org/wiki/ಅಗೆಲು
Kannada,"ಖಗೋಳ ವಿಷುವದ್ವೃತ್ತವು ಖಗೋಳವನ್ನು ಸಮದ್ವಿಭಾಗಿಸುವ ಕಾಲ್ಪನಿಕ ವೃತ್ತ, ವೀಕ್ಷಕನ ನೆಲೆಯೇ ಇದರ ಕೇಂದ್ರ (ಸೆಲೆಸ್ಟಿಯಲ್ ಇಕ್ವೇಟರ್).",kn:ಖಗೋಳ ವಿಷುವದ್ವೃತ್ತ,https://kn.wikipedia.org/wiki/ಖಗೋಳ_ವಿಷುವದ್ವೃತ್ತ
Kannada,ವೀಕ್ಷಕನನ್ನು (ವಾಸ್ತವವಾಗಿ ಸಾಕ್ಷಾತ್ ಭೂಮಿಯನ್ನೇ) ಧ್ರುವನಕ್ಷತ್ರಕ್ಕೆ ಸೇರಿಸುವ ರೇಖೆಗೆ ಖಗೋಳದ ಅಕ್ಷವೆಂದು (celestial axis) ಹೆಸರು.,kn:ಖಗೋಳ ವಿಷುವದ್ವೃತ್ತ,https://kn.wikipedia.org/wiki/ಖಗೋಳ_ವಿಷುವದ್ವೃತ್ತ
Kannada,ಖಗೋಳ ಇದರ ಸುತ್ತ ಏಕವೇಗದಿಂದ ಪೂರ್ವ-ಪಶ್ಚಿಮ ದಿಶೆಯಲ್ಲಿ ಆವರ್ತಿಸುತ್ತಿರುವಂತೆ ನಮಗೆ ಭಾಸವಾಗುತ್ತದೆ.,kn:ಖಗೋಳ ವಿಷುವದ್ವೃತ್ತ,https://kn.wikipedia.org/wiki/ಖಗೋಳ_ವಿಷುವದ್ವೃತ್ತ
Kannada,ಅಕ್ಷಕ್ಕೆ ವೀಕ್ಷಕನ (ಭೂಮಿಯ) ಮೂಲಕ ಲಂಬವಾಗಿ ರಚಿಸಿದ ಕಾಲ್ಪನಿಕ ಸಮತಲ ಖಗೋಳವನ್ನು ವಿಷುವದ್ವೃತ್ತದ ನೇರ ಛೇದಿಸುತ್ತದೆ.,kn:ಖಗೋಳ ವಿಷುವದ್ವೃತ್ತ,https://kn.wikipedia.org/wiki/ಖಗೋಳ_ವಿಷುವದ್ವೃತ್ತ
Kannada,ಜುಲೈ ೨೧ - ಜುಲೈ ತಿಂಗಳ ಇಪ್ಪತ್ತೊಂದನೆ ದಿನ.,kn:ಜುಲೈ ೨೧,https://kn.wikipedia.org/wiki/ಜುಲೈ_೨೧
Kannada,ಗ್ರೆಗೋರಿಯನ್ ಕ್ಯಾಲೆಂಡರ್ ವರ್ಷದಲ್ಲಿನ ೨೦೨ನೇ ದಿನ(ಅಧಿಕ ವರ್ಷದಲ್ಲಿ ೨೦೩ನೇ ದಿನ).,kn:ಜುಲೈ ೨೧,https://kn.wikipedia.org/wiki/ಜುಲೈ_೨೧
Kannada,ಈ ದಿನದ ನಂತರ ವರ್ಷದಲ್ಲಿ ೧೬೩ ದಿನಗಳು ಉಳಿದಿರುತ್ತವೆ.,kn:ಜುಲೈ ೨೧,https://kn.wikipedia.org/wiki/ಜುಲೈ_೨೧
Kannada,ಕುಂಭಲ್‌ಗಢ್ (ಕುಂಭಲ್ ಕೋಟೆ- ಕುಂಭಲ್‌ಗರ್ ಎಂದೂ ಕರೆಯುತ್ತಾರೆ.) ರಾಜಸ್ಥಾನ ರಾಜ್ಯದ ರಾಜಸಮಂದ್ ಜಿಲ್ಲೆಯಲ್ಲಿರುವ ಒಂದು ಕೋಟೆ.,kn:ಕುಂಭಲ್ಗಢ,https://kn.wikipedia.org/wiki/ಕುಂಭಲ್ಗಢ
Kannada,ಇದನ್ನು ಅರಾವಳಿ ಬೆಟ್ಟಗಳ ಸಾಲಿನಲ್ಲಿ ಕಟ್ಟಲಾಗಿದೆ.,kn:ಕುಂಭಲ್ಗಢ,https://kn.wikipedia.org/wiki/ಕುಂಭಲ್ಗಢ
Kannada,ಮೇವಾರ ಪ್ರಾಂತ್ಯವನ್ನು (ಕ್ರಿ.ಶ.೧೪೩೩ರಿಂದ ಕ್ರಿ.ಶ.೧೪೬೮ರವರೆಗೆ) ಆಳಿದ ರಜಪೂತ ರಾಜವಂಶದ ಸಿಸೋಡಿಯಾ ಕುಲದ ರಾಜನಾದ ರಾಣಾ ಕುಂಭ ಇದನ್ನು ಕಟ್ಟಿದುದರಿಂದ ಇದಕ್ಕೆ ಕುಂಭಲ್‌ಗಢ (ಗಢ=ಕೋಟೆ) ಎಂದು ಹೆಸರು ಬಂದಿದೆ.,kn:ಕುಂಭಲ್ಗಢ,https://kn.wikipedia.org/wiki/ಕುಂಭಲ್ಗಢ
Kannada,"೧೫ನೇ ಶತಮಾನದಲ್ಲಿ ಕಟ್ಟಲ್ಪಟ್ಟಿರುವ ಈ ಕೋಟೆ, ಒಟ್ಟು ೩೫ ಕಿಮೀ ಉದ್ದ ಹಾಗೂ ೨೩ಮೀ ಅಗಲ ಇದೆ.",kn:ಕುಂಭಲ್ಗಢ,https://kn.wikipedia.org/wiki/ಕುಂಭಲ್ಗಢ
Kannada,"ಫ್ರಾನ್ಸಿಸ್ಕನ್ ಪಂಥಕ್ಕೆ ಸೇರಿದ, ಸ್ಕಾಟ್ಲೆಂಡಿನ ತತ್ತ್ವಜ್ಞಾನಿ ಹಾಗೂ ದೇವತಾಶಾಸ್ತ್ರಜ್ಞ.",kn:ಜಾನ್ ಡನ್ಸ್ ಸ್ಕೋಟಸ್,https://kn.wikipedia.org/wiki/ಜಾನ್_ಡನ್ಸ್_ಸ್ಕೋಟಸ್
Kannada,"ಮೆಕ್ಯಾನಿಕಲ್ ಇಂಜಿನಯರಿಂಗ್ ನಲ್ಲಿ ಚಲನಶೀಲ ಸರಪಳಿ(ಕೈನೆಮ್ಯಾಟಿಕ್ ಚೈನ್(Kinematic chain) ಯು ಜೋಡಣೆ (ಅಥವಾ ಅಪೇಕ್ಷಿತ) ಚಲನೆಯನ್ನು ನೀಡಲು, ಯಾಂತ್ರಿಕ ವ್ಯವಸ್ಥೆಯ ಗಣಿತದ ಮಾದರಿಯನ್ನು ಒದಗಿಸುವ ಕೀಲುಗಳಿಂದ ಜೋಡಿಸಲಾದ ಕಟ್ಟುನಿಟ್ಟಿನ ಜೋಡಣೆಯಾಗಿದೆ.",kn:ಚಲನಶೀಲ ಸರಪಳಿ,https://kn.wikipedia.org/wiki/ಚಲನಶೀಲ_ಸರಪಳಿ
Kannada,"ಸರಪಳಿ(ಚೈನ್(chain)) ಎಂಬ ಪದದ ಪರಿಚಿತ ಬಳಕೆಯಂತೆ, ಕಟ್ಟುನಿಟ್ಟಾದ ದೇಹಗಳು, ಅಥವಾ ಕೊಂಡಿಗಳು, ಇತರ ಸಂಪರ್ಕಗಳಿಗೆ ಅವುಗಳ ಸಂಪರ್ಕದಿಂದ ನಿರ್ಬಂಧಿಸಲ್ಪಟ್ಟಿದೆ.",kn:ಚಲನಶೀಲ ಸರಪಳಿ,https://kn.wikipedia.org/wiki/ಚಲನಶೀಲ_ಸರಪಳಿ
Kannada,ಉದಾಹರಣೆಗೆ ಒಂದು ವಿಶಿ‍ಷ್ಟ ರೋಬೋಟ್ ಮ್ಯಾನಿಪುಲೇಟರ್‌ಗಾಗಿ ಸಾಮಾನ್ಯ ಸರಪಳಿಯಂತೆ ಸರಣಿಯ ಸಂಪರ್ಕವಿರುವ ಲಿಂಕ್‍ಗಳಿಂದ ರೂಪುಗೊಂಡ ಸರಳ ತೆರೆದ ಸರಪಣೆಯು ಚಲನಶಾಸ್ತ್ರದ ಮಾದರಿಯಾಗಿದೆ.,kn:ಚಲನಶೀಲ ಸರಪಳಿ,https://kn.wikipedia.org/wiki/ಚಲನಶೀಲ_ಸರಪಳಿ
Kannada,"ಎರಡು ಲಿಂಕ್‌ಗಳ ನಡುವಿನ ಸಂಪರ್ಕಗಳ ಗಣಿತದ ಮಾದರಿಗಳು, ಅಥವಾ ಕೀಲುಗಳು ಜೋಡಿಗಳೆಂದು ಕರಯಲ್ಪಡುತ್ತವೆ.",kn:ಚಲನಶೀಲ ಸರಪಳಿ,https://kn.wikipedia.org/wiki/ಚಲನಶೀಲ_ಸರಪಳಿ
Kannada,"ಫೋರ್ ಸೀಸನ್ಸ್ ಹೋಟೆಲ್, ಮುಂಬೈನ ಒಂದು ಪಂಚತಾರಾ ಹೋಟೆಲ್ ಮತ್ತು ಟೊರೊಂಟೊ ಮೂಲದ ಫೋರ್ ಸೀಸನ್ಸ್ ಐಷಾರಾಮಿ ಹೋಟೆಲ್ ಮತ್ತು ರೆಸಾರ್ಟ್ಗಳ ಭಾಗವಾಗಿದೆ.",kn:ಫೋರ್ ಸೀಸನ್ಸ್ ಹೋಟೆಲ್,https://kn.wikipedia.org/wiki/ಫೋರ್_ಸೀಸನ್ಸ್_ಹೋಟೆಲ್
Kannada,ಇದು ಮುಂಬೈನ ಪ್ರಸ್ತುತ ಹೊರಹೊಮ್ಮುತ್ತಿರುವ ಜಿಲ್ಲೆಯಾದ ವೊರ್ಲಿಯಲ್ಲಿದೆ .,kn:ಫೋರ್ ಸೀಸನ್ಸ್ ಹೋಟೆಲ್,https://kn.wikipedia.org/wiki/ಫೋರ್_ಸೀಸನ್ಸ್_ಹೋಟೆಲ್
Kannada,ಹೋಟೆಲ್ ಪ್ರಸ್ತುತ 202 ಅತಿಥಿ ಕೊಠಡಿಗಳನ್ನು ಹೊಂದಿದೆ ಮತ್ತು ಭಾರತದ ಅತ್ಯುನ್ನತ ಮೇಲ್ಛಾವಣಿಯ ಬಾರ್ ಹೊಂದಿದೆ.,kn:ಫೋರ್ ಸೀಸನ್ಸ್ ಹೋಟೆಲ್,https://kn.wikipedia.org/wiki/ಫೋರ್_ಸೀಸನ್ಸ್_ಹೋಟೆಲ್
Kannada,ಕೇರಳದ ಇಡುಕ್ಕಿಯ ಸುತ್ತಲಿನ ಬೆಟ್ಟಗಳಲ್ಲಿ ಉರಾಲಿ ಬುಡಕಟ್ಟು ಜನಾಂಗದವರು ಇದನ್ನು ಮಾತನಾಡುತ್ತಾರೆ.,kn:ಉರಳಿ ಭಾಷೆ,https://kn.wikipedia.org/wiki/ಉರಳಿ_ಭಾಷೆ
Kannada,ಇದನ್ನು ಸಾಮಾನ್ಯವಾಗಿ ಸಮುದಾಯದಲ್ಲಿ ಮಾತನಾಡುತ್ತಿದೆ.,kn:ಉರಳಿ ಭಾಷೆ,https://kn.wikipedia.org/wiki/ಉರಳಿ_ಭಾಷೆ
Kannada,ಕೇರಳದ ಮೂಲ ಬುಡಕಟ್ಟು ಸಮುದಾಯಗಳಲ್ಲಿ ಒಂದಾದ ಉರಾಳಿಗಳು ಹೆಚ್ಚಾಗಿ ಇಡುಕ್ಕಿ ಬೆಟ್ಟಗಳಲ್ಲಿ ಕಂಡುಬರುತ್ತಾರೆ.,kn:ಉರಳಿ ಭಾಷೆ,https://kn.wikipedia.org/wiki/ಉರಳಿ_ಭಾಷೆ
Kannada,"ಊರ್ಲಿ, ಉರಳಿ, ಊರಲಿ ಎಂದೂ ಕರೆಯಲ್ಪಡುವ ಇವರ ಮೂಲ ಕಸುಬು ಕೃಷಿ.",kn:ಉರಳಿ ಭಾಷೆ,https://kn.wikipedia.org/wiki/ಉರಳಿ_ಭಾಷೆ
Kannada,೧೩೬೪ರಿಂದ ೧೩೮೦ರವರೆಗೆ ಫ್ರಾನ್ಸ್ ದೇಶವನ್ನಾಳಿದ ರಾಜ.,kn:ಚಾರ್ಲ್ಸ್ ೫ (ಫ್ರಾನ್ಸ್),https://kn.wikipedia.org/wiki/ಚಾರ್ಲ್ಸ್_೫_(ಫ್ರಾನ್ಸ್)
Kannada,"ಚಾರ್ಲ್ಸ್ V (21 ಜನವರಿ 1338 - 16 ಸೆಪ್ಟೆಂಬರ್ 1380), ಎಂದು ವೈಸ್ (ಫ್ರೆಂಚ್: ""ಲೆ ಸೇಜ್""), 1364 ರಿಂದ ಮರಣದವರೆಗೆ ಫ್ರಾನ್ಸ್ ರಾಜ ಆಳುತ್ತಿದ್ದನು Valois ಹೌಸ್ ಒಂದು ಅರಸನಾಗಿದ್ದನು.",kn:ಚಾರ್ಲ್ಸ್ ೫ (ಫ್ರಾನ್ಸ್),https://kn.wikipedia.org/wiki/ಚಾರ್ಲ್ಸ್_೫_(ಫ್ರಾನ್ಸ್)
Kannada,"1349 ರಲ್ಲಿ, ಒಂದು ಯುವ ರಾಜಕುಮಾರ ಮಾಹಿತಿ, ಚಾರ್ಲ್ಸ್ ತನ್ನ ಅಜ್ಜ ಕಿಂಗ್ ಫಿಲಿಪ್ VI ನಿಂದ ಆಳುವ ಡಾಫೈನ್ ಪ್ರಾಂತ್ಯದಲ್ಲಿ ಪಡೆದರು.",kn:ಚಾರ್ಲ್ಸ್ ೫ (ಫ್ರಾನ್ಸ್),https://kn.wikipedia.org/wiki/ಚಾರ್ಲ್ಸ್_೫_(ಫ್ರಾನ್ಸ್)
Kannada,"ಇದು ಅವರಿಗೆ ಫ್ರಾನ್ಸ್ ಕಿರೀಟ ಭೂಮಿಯನ್ನು ಒಳಗೆ ಡಾಫೈನ್ ಏಕೀಕರಣ ಕಂಡ ಕಿರೀಟಧಾರಣೆ ರವರೆಗೆ ಶೀರ್ಷಿಕೆ ""DAUPHIN"" ಹೊರಲು ಅವಕಾಶ.",kn:ಚಾರ್ಲ್ಸ್ ೫ (ಫ್ರಾನ್ಸ್),https://kn.wikipedia.org/wiki/ಚಾರ್ಲ್ಸ್_೫_(ಫ್ರಾನ್ಸ್)
Kannada,ಬೃಹತ್ ಸ್ನಾನಗೃಹ ಮೊಹೆಂಜೊ-ದಾರೋದಲ್ಲಿನ ಪ್ರಾಚೀನ ಸಿಂಧೂತಟದ ನಾಗರೀಕತೆಯ ಅವಶೇಷಗಳಲ್ಲಿ ಸುಪರಿಚಿತವಾಗಿರುವ ರಚನೆಗಳ ಪೈಕಿ ಒಂದು.,"kn:ಬೃಹತ್ ಸ್ನಾನಗೃಹ, ಮೊಹೆಂಜೊ-ದಾರೋ","https://kn.wikipedia.org/wiki/ಬೃಹತ್_ಸ್ನಾನಗೃಹ,_ಮೊಹೆಂಜೊ-ದಾರೋ"
Kannada,"೩ನೇ ಸಹಸ್ರಮಾನದಲ್ಲಿ ""ದುರ್ಗ""ದ ದಿಬ್ಬವನ್ನು ನಿಲ್ಲಿಸಿದ ನಂತರ ಶೀಘ್ರದಲ್ಲೇ ಕಟ್ಟಲಾಗಿತ್ತು ಎಂದು ಪುರಾತತ್ವ ಸಾಕ್ಷ್ಯಾಧಾರ ಸೂಚಿಸುತ್ತದೆ.","kn:ಬೃಹತ್ ಸ್ನಾನಗೃಹ, ಮೊಹೆಂಜೊ-ದಾರೋ","https://kn.wikipedia.org/wiki/ಬೃಹತ್_ಸ್ನಾನಗೃಹ,_ಮೊಹೆಂಜೊ-ದಾರೋ"
Kannada,ಬೃಹತ್ ಸ್ನಾನಗೃಹ ದುರ್ಗದಲ್ಲಿ ನೆಲೆಗೊಂಡಿದೆ.,"kn:ಬೃಹತ್ ಸ್ನಾನಗೃಹ, ಮೊಹೆಂಜೊ-ದಾರೋ","https://kn.wikipedia.org/wiki/ಬೃಹತ್_ಸ್ನಾನಗೃಹ,_ಮೊಹೆಂಜೊ-ದಾರೋ"
Kannada,ಮೊಹೆಂಜೊ-ದಾರೋದ ಬೃಹತ್ ಸ್ನಾನಗೃಹವನ್ನು ಪ್ರಾಚೀನ ವಿಶ್ವದ ಅತ್ಯಂತ ಮುಂಚಿನ ಸಾರ್ವಜನಿಕ ನೀರಿನ ಕೊಳ ಎಂದು ಕರೆಯಲಾಗಿದೆ.,"kn:ಬೃಹತ್ ಸ್ನಾನಗೃಹ, ಮೊಹೆಂಜೊ-ದಾರೋ","https://kn.wikipedia.org/wiki/ಬೃಹತ್_ಸ್ನಾನಗೃಹ,_ಮೊಹೆಂಜೊ-ದಾರೋ"
Kannada,ಸೂರ್ಯವಂಶದ ಇಕ್ಷ್ವಾಕು ರಾಜಸಂತತಿಯಲ್ಲಿ ಜನಿಸಿದವ.,kn:ತ್ರಿಶಂಕು,https://kn.wikipedia.org/wiki/ತ್ರಿಶಂಕು
Kannada,ಈತನ ಇನ್ನೊಂದು ಹೆಸರು ಸತ್ಯವ್ರತ.,kn:ತ್ರಿಶಂಕು,https://kn.wikipedia.org/wiki/ತ್ರಿಶಂಕು
Kannada,ಈತನ ಮಗನೇ ಸತ್ಯಸಂಧರಲ್ಲಿ ಅಗ್ರೇಸರನೆಂದು ಪ್ರಖ್ಯಾತಿಗೊಂಡ ಹರಿಶ್ಚಂದ್ರ.,kn:ತ್ರಿಶಂಕು,https://kn.wikipedia.org/wiki/ತ್ರಿಶಂಕು
Kannada,ಒಮ್ಮೆ ಸತ್ಯವ್ರತ ಮದುವೆಯಾದ ಹುಡುಗಿಯೊಬ್ಬಳನ್ನು ಅಪಹರಿಸಿದ.,kn:ತ್ರಿಶಂಕು,https://kn.wikipedia.org/wiki/ತ್ರಿಶಂಕು
Kannada,"ನಿರ್ದಿಷ್ಟವಾಗಿ, ಇದು ಏನನ್ನಾದರೂ ದಹಿಸಿದ ನಂತರ ಉಳಿದುಕೊಳ್ಳುವ ಜಲೀಯವಲ್ಲದ, ಅನಿಲರೂಪದ್ದಲ್ಲದ ಶೇಷಗಳನ್ನು ಸೂಚಿಸುತ್ತದೆ.",kn:ಬೂದಿ,https://kn.wikipedia.org/wiki/ಬೂದಿ
Kannada,"ವಿಶ್ಲೇಷಕ ರಸಾಯನಶಾಸ್ತ್ರದಲ್ಲಿ, ರಾಸಾಯನಿಕ ಮಾದರಿಗಳ ಖನಿಜ ಹಾಗೂ ಲೋಹಾಂಶದ ವಿಶ್ಲೇಷಣೆಯ ವಿಷಯದಲ್ಲಿ, ಬೂದಿಯು ಸಂಪೂರ್ಣ ದಹನದ ನಂತರ ಉಳಿದುಕೊಳ್ಳುವ ಅನಿಲರೂಪದ್ದಲ್ಲದ, ದ್ರವರೂಪದ್ದಲ್ಲದ ಶೇಷ.",kn:ಬೂದಿ,https://kn.wikipedia.org/wiki/ಬೂದಿ
Kannada,"ಅಪೂರ್ಣ ದಹನದ ಅಂತಿಮ ಉತ್ಪನ್ನವಾಗಿ ಬೂದಿಯು ಬಹುತೇಕವಾಗಿ ಖನಿಜವಾಗಿರುತ್ತದೆ, ಆದರೆ ಸಾಮಾನ್ಯವಾಗಿ ಆಗಲೂ ಸ್ವಲ್ಪ ಪ್ರಮಾಣದ ದಹನಶೀಲ ಕಾರ್ಬನಿಕ ಅಥವಾ ಇತರ ಉತ್ಕರ್ಷಣೀಯ ಶೇಷಗಳನ್ನು ಹೊಂದಿರುತ್ತದೆ.",kn:ಬೂದಿ,https://kn.wikipedia.org/wiki/ಬೂದಿ
Kannada,ಬೂದಿಯ ಅತ್ಯಂತ ಪರಿಚಿತವಾದ ಪ್ರಕಾರವೆಂದರೆ ಕಟ್ಟಿಗೆಯ ಬೂದಿ.,kn:ಬೂದಿ,https://kn.wikipedia.org/wiki/ಬೂದಿ
Kannada,ಲಿ ಝಾವೋಪಿಂಗ್ (Chinese: 李兆平; ಜನನ 1964) ಚೀನೀ ಮೂಲದ ಗಣನಾತ್ಮಕ ಹಾಗೂ ಪ್ರಾಯೋಗಿಕ ನರ ವಿಜ್ಞಾನಿ.,kn:ಲಿ ಝಾವೋಪಿಂಗ್,https://kn.wikipedia.org/wiki/ಲಿ_ಝಾವೋಪಿಂಗ್
Kannada,"ಅವರು ಜರ್ಮನಿಯ ಟ್ಯೂಬಿಂಗನ್ ವಿಶ್ವವಿದ್ಯಾಲಯದಲ್ಲಿ ಪ್ರಾಧ್ಯಾಪಕರಾಗಿದ್ದು, ಮ್ಯಾಕ್ಸ್ ಪ್ಲಾಂಕ್ ಜೈವ ಸೈಬರ್ನೆಟಿಕ್ಸ್ ಸಂಸ್ಥೆಯಲ್ಲಿ ಸಂವೇದಿ ಮತ್ತು ಸಂವೇದಿ-ಚಾಲನಾ ವ್ಯವಸ್ಥೆಗಳ ವಿಭಾಗದ ಮುಖ್ಯಸ್ಥೆಯಾಗಿ ಕಾರ್ಯನಿರ್ವಹಿಸುತ್ತಿದ್ದಾರೆ.",kn:ಲಿ ಝಾವೋಪಿಂಗ್,https://kn.wikipedia.org/wiki/ಲಿ_ಝಾವೋಪಿಂಗ್
Kannada,ಅವರು 1980ರ ದಶಕದಲ್ಲಿ ಚೀನಾದಲ್ಲಿ ನಡೆದ (CUSPEA) ರಾಷ್ಟ್ರೀಯ ಭೌತಶಾಸ್ತ್ರ ಪ್ರವೇಶ ಪರೀಕ್ಷೆಯಲ್ಲಿ ಮೊದಲ ಸ್ಥಾನ ಪಡೆದ ಏಕೈಕ ಮಹಿಳೆ ಎಂಬ ಹೆಗ್ಗಳಿಕೆಗೆ ಪಾತ್ರರಾಗಿದ್ದಾರೆ.,kn:ಲಿ ಝಾವೋಪಿಂಗ್,https://kn.wikipedia.org/wiki/ಲಿ_ಝಾವೋಪಿಂಗ್
Kannada,ಅವರು V1 ಲವಣಾಂಶ ಕಲ್ಪನೆ (V1SH) ಎಂಬ ಸಿದ್ಧಾಂತವನ್ನು ಪ್ರಸ್ತಾಪಿಸಿದರು.,kn:ಲಿ ಝಾವೋಪಿಂಗ್,https://kn.wikipedia.org/wiki/ಲಿ_ಝಾವೋಪಿಂಗ್
Kannada,'ಗಾಳಿ ಪಳಗಿಸಿದ ಬಾಲಕ' ಇದು ಇಂಗ್ಲೀಷ್ ಭಾಷೆಯ The Boy Who Harnessed the Wind ಎಂಬ ಆತ್ಮಕಥಾನಕದ ಕನ್ನಡ ಅನುವಾದದ ಪುಸ್ತಕ.,kn:ಗಾಳಿ ಪಳಗಿಸಿದ ಬಾಲಕ,https://kn.wikipedia.org/wiki/ಗಾಳಿ_ಪಳಗಿಸಿದ_ಬಾಲಕ
Kannada,ಈ ಪುಸ್ತಕವನ್ನು ಕನ್ನಡಿಸಿದವರು ಕರುಣಾ ಬಿ.,kn:ಗಾಳಿ ಪಳಗಿಸಿದ ಬಾಲಕ,https://kn.wikipedia.org/wiki/ಗಾಳಿ_ಪಳಗಿಸಿದ_ಬಾಲಕ
Kannada,ಇದು ಮಲಾವಿ ದೇಶದ ಬಾಲಕನಾದ ವಿಲಿಯಂ ಕಂಕ್ವಾಂಬಾ ಎಂಬಾತನ ಆತ್ಮಕತೆಯಾಗಿದೆ.,kn:ಗಾಳಿ ಪಳಗಿಸಿದ ಬಾಲಕ,https://kn.wikipedia.org/wiki/ಗಾಳಿ_ಪಳಗಿಸಿದ_ಬಾಲಕ
Kannada,ಅವನು ೧೫ನೇ ವಯಸ್ಸಿನಲ್ಲಿ - ೨೦೦೨ ರಲ್ಲಿ - ಸೈಕಲ್ ಮತ್ತು ಇತರ ಕೆಲವು ಬೇಡವಾದ ವಸ್ತುಗಳನ್ನು ಮರುಬಳಕೆ ಮಾಡಿ ಬಲು ಕಡಿಮೆ ವೆಚ್ಚದಲ್ಲಿ ತನ್ನ ಮನೆಯ ವಿದ್ಯುತ್ ಉಪಕರಣಗಳ ವಿದ್ಯುತ್ ಬೇಡಿಕೆಯನ್ನು ಈಡೇರಿಸುವಂತಹ ಗಾಳಿಗಿರಣಿಯೊಂದನ್ನು ಸ್ಥಾಪಿಸಿದ ಕಾರಣಕ್ಕಾಗಿ ಪ್ರಸಿದ್ಧಿಪಡೆದನು.,kn:ಗಾಳಿ ಪಳಗಿಸಿದ ಬಾಲಕ,https://kn.wikipedia.org/wiki/ಗಾಳಿ_ಪಳಗಿಸಿದ_ಬಾಲಕ
Kannada,"ಉಡುಗೊರೆಯು ಪಾವತಿಯ ಅಥವಾ ಆದಾಯದ ನಿರೀಕ್ಷೆಯಿಲ್ಲದೆ ಯಾರಿಗಾದರೂ ನೀಡಲಾದ ವಸ್ತು ಆಗಿದೆ.ಒಂದು ವಸ್ತು ಉಡುಗೊರೆಯಾಗಿಲ್ಲ, ಆ ವಸ್ತುವನ್ನು ಸ್ವತಃ ಈಗಾಗಲೇ ಯಾರಿಗೆ ನೀಡಲಾಗಿದೆಯೋ ಅವರ ಒಡೆತನದಲ್ಲಿರುತ್ತದೆ.ಕೊಡುಗೆ ನೀಡುವಿಕೆಯು ಪರಸ್ಪರ ಸಂಬಂಧದ ನಿರೀಕ್ಷೆಯನ್ನು ಒಳಗೊಂಡಿರಬಹುದು, ಉಡುಗೊರೆಯಾಗಿ ಮುಕ್ತವಾಗಿರಬೇಕು.",kn:ಉಡುಗೊರೆ,https://kn.wikipedia.org/wiki/ಉಡುಗೊರೆ
Kannada,"ಅನೇಕ ದೇಶಗಳಲ್ಲಿ, ಹಣ, ಸರಕುಗಳು ಇತ್ಯಾದಿಗಳನ್ನು ಪರಸ್ಪರ ವಿನಿಮಯ ಮಾಡುವ ಕ್ರಿಯೆ ಸಾಮಾಜಿಕ ಸಂಬಂಧಗಳನ್ನು ಉಳಿಸಿಕೊಳ್ಳಬಹುದು ಮತ್ತು ಸಾಮಾಜಿಕ ಒಗ್ಗಟ್ಟುಗೆ ಕೊಡುಗೆ ನೀಡಬಹುದು.",kn:ಉಡುಗೊರೆ,https://kn.wikipedia.org/wiki/ಉಡುಗೊರೆ
Kannada,"ಉಡುಗೊರೆ ಆರ್ಥಿಕತೆಯ ಕಲ್ಪನೆಗೆ ಕೊಡುಗೆ ನೀಡುವ ಆರ್ಥಿಕತೆಯ ಅರ್ಥಶಾಸ್ತ್ರಜ್ಞರು ವಿವರಿಸಿದ್ದಾರೆ.ಉಡುಗೊರೆಯನ್ನು ಇತರ ಸಂತೋಷದ ಅಥವಾ ಕಡಿಮೆ ದುಃಖ ಮಾಡುತ್ತದೆ ಎಂದು ಉಲ್ಲೇಖಿಸಬಹುದು, ವಿಶೇಷವಾಗಿ ಕ್ಷಮೆ ಮತ್ತು ದಯೆ ಸೇರಿದಂತೆ ಪರವಾಗಿ ನೀಡಲಾಗುತ್ತದೆ.",kn:ಉಡುಗೊರೆ,https://kn.wikipedia.org/wiki/ಉಡುಗೊರೆ
Kannada,"ಉಡುಗೊರೆಗಳು ಮೊದಲಿಗೆ ಜನ್ಮದಿನಗಳು ಮತ್ತು, ಪಾಶ್ಚಿಮಾತ್ಯ ಸಂಸ್ಕೃತಿಗಳಲ್ಲಿ, ಕ್ರಿಸ್ಮಸ್ ಹಬ್ಬದಂದು ಪ್ರಮುಖವಾಗಿ ನೀಡಲ್ಪಟ್ಟವು.",kn:ಉಡುಗೊರೆ,https://kn.wikipedia.org/wiki/ಉಡುಗೊರೆ
Kannada,ಬುಂದೇಲಿ - ಇಂಡೋಯೂರೊಪಿಯನ್ ಭಾಷಾಪರಿವಾರದ ಇಂಡೊ ಆರ್ಯನ್ ಭಾಷಾವರ್ಗಕ್ಕೆ ಸೇರಿದ ಹಿಂದಿ (ಪಶ್ಚಿಮೀ ಹಿಂದಿ) ಭಾಷೆಯ ಉಪಭಾಷೆ.,kn:ಬುಂದೇಲಿ,https://kn.wikipedia.org/wiki/ಬುಂದೇಲಿ
Kannada,ಇದನ್ನು ಬುಂದೇಲ್ ಖಂಡಿ ಎಂದೂ ಕರೆಯುತ್ತಾರೆ.,kn:ಬುಂದೇಲಿ,https://kn.wikipedia.org/wiki/ಬುಂದೇಲಿ
Kannada,"ಝಾನ್ಸಿ, ಹಮೀರ್‍ಪುರ, ಗ್ವಾಲಿಯರ್, ಭೂಪಾಲ್, ಓರ್ಛಾ, ಸಿವನಿ, ಹೋಷಂಗಾಬಾದ್ ಮುಂತಾದ ಕಡೆಗಳಲ್ಲಿ ಈ ಭಾಷೆ ಹೆಚ್ಚು ಪ್ರಚಲಿತವಾಗಿದೆ.",kn:ಬುಂದೇಲಿ,https://kn.wikipedia.org/wiki/ಬುಂದೇಲಿ
Kannada,ಮಾತಾಡುವವರ ಸಂಖ್ಯೆ ಸುಮಾರು ಒಂದು ಕೋಟಿ.,kn:ಬುಂದೇಲಿ,https://kn.wikipedia.org/wiki/ಬುಂದೇಲಿ
Kannada,"ಗಲ್ಫ್ ಸ್ಟ್ರೀಂ ಮೆಕ್ಸಿಕೋ ಕೊಲ್ಲಿಯಲ್ಲಿ (ಗಲ್ಫ್) ಉಗಮಿಸಿ, ಫ್ಲಾರಿಡ ಜಲಸಂಧಿಯ ಮೂಲಕ ಸಾಗಿ, ಅಮೆರಿಕ ಸಂಯುಕ್ತಸಂಸ್ಥಾನದ ತೀರಕ್ಕೆ ಸಮಾನಾಂತರದಲ್ಲಿ ಈಶಾನ್ಯ ದಿಕ್ಕಿನಲ್ಲಿ ಹರಿದು ಹೋಗುವ ಪ್ರವಾಹ (ಸ್ಟ್ರೀಂ).",kn:ಗಲ್ಫ್ ಸ್ಟ್ರೀಂ,https://kn.wikipedia.org/wiki/ಗಲ್ಫ್_ಸ್ಟ್ರೀಂ
Kannada,ಬ್ರಿಟಿಷ್ ದ್ವೀಪಗಳ ಆಚೆಗೂ ವ್ಯಾಪಿಸಿಕೊಂಡಿರುವ ಪ್ರವಾಹದ ಈ ಹೆಸರು ವಾಸ್ತವವಾಗಿ ಹ್ಯಾಟೆರಸ್ ಮತ್ತು ನ್ಯೂಫಂಡ್ಲ್ಯಾಂಡ್ ತೀರಗಳ ನಡುವಣ ಭಾಗಕ್ಕೆ ಮಾತ್ರ ಅನ್ವಯಿಸುತ್ತದೆ.,kn:ಗಲ್ಫ್ ಸ್ಟ್ರೀಂ,https://kn.wikipedia.org/wiki/ಗಲ್ಫ್_ಸ್ಟ್ರೀಂ
Kannada,ಗಾಢ ಅಥವಾ ಕಡು ನೀಲಿ ಬಣ್ಣದ ಈ ಉದಕದ ಮೇಲ್ಮೈನಲ್ಲಿ ಶೇ.,kn:ಗಲ್ಫ್ ಸ್ಟ್ರೀಂ,https://kn.wikipedia.org/wiki/ಗಲ್ಫ್_ಸ್ಟ್ರೀಂ
Kannada,"ಕೊಲ್ಲಿಯನ್ನು ಬಿಟ್ಟು ಹೊರಡುವಾಗ 80 ರಿಂದ 160 ಕಿಮೀಗಳಷ್ಟು ಅಗಲವಾಗಿಯೂ ಸುಮಾರು 610 ಮೀಟರ್‍ಗಿಂತಲೂ ಹೆಚ್ಚು ಆಳವಾಗಿಯೂ ಇದ್ದು, ದಿನವೊಂದಕ್ಕೆ ಸುಮಾರು 108 ಕಿಮೀ ವೇಗದಲ್ಲಿ ಪ್ರವಹಿಸುತ್ತದೆ.",kn:ಗಲ್ಫ್ ಸ್ಟ್ರೀಂ,https://kn.wikipedia.org/wiki/ಗಲ್ಫ್_ಸ್ಟ್ರೀಂ
Kannada,"ಹಿಂಬರಹ: ಪರಿಚಯ: ೧೮೮೧ರ ಪರಕ್ರಾಮ್ಯ ಸಂಲೇಖಗಳ ಅಧಿನಿಯಮದ, ೧೫ನೇಯ ಪ್ರಕರಣದ ಪ್ರಕಾರ, ""ಸಂಲೇಖದ ರಚಕನು ಧಾರಕನು ಅಥವಾ ವಾಹಕನು ಪರಕ್ರಾಮಣಗೊಳಿಸುವ ಉದ್ದೇಶದಿಂದ ಸಂಲೇಖದ ಮುಂಭಾಗದಲ್ಲಿ ಅಥವಾ ಹಿಂಭಾಗದಲ್ಲಿ ಸಹಿ ಹಾಕಿ ಇನ್ನೊಬ್ಬರಿಗೆ ವರ್ಗಯಿಸಿದರೆ ಅದನ್ನು 'ಹಿಂಬರೆ' ಎಂದು ಪರಿಗಣಿಸಲಾಗುತ್ತದೆ"".ಈ ರೀತಿ ಮಾಡುವ ಕ್ರಿಯೆಯನ್ನು ‘ಹಿಂಬರಹ’ ಎಂದು ಕರೆಯುತ್ತಾರೆ.",kn:ಹಿಂಬರಹ,https://kn.wikipedia.org/wiki/ಹಿಂಬರಹ
Kannada,ಇದನ್ನು ಬೇಚಾ ಹಾಕು ಎಂದು ಕರೆಯಬಹುದು.,kn:ಹಿಂಬರಹ,https://kn.wikipedia.org/wiki/ಹಿಂಬರಹ
Kannada,೧೮೮೧ರ ಪರಕ್ರಾಮ್ಯ ಸಂಲೇಖಗಳ ಅಧಿನಿಯಮದ ೧೫ನೇಯ ಪ್ರಕರಣದ ಪ್ರಕಾರ ಸಂಲೇಖವನ್ನು 'ಹಿಂಬರೆ'ಯುವನನ್ನು ಹಿಂಬರಹಗಾರ ಎಂದು ಕರೆಯಲಾಗುತ್ತದೆ.,kn:ಹಿಂಬರಹ,https://kn.wikipedia.org/wiki/ಹಿಂಬರಹ
Kannada,ಇದನ್ನು ಯಾರಿಗೆ ವರ್ಗಯಿಸುತ್ತನೊ ಅವನನ್ನು ಸ್ವಿಕರ್ತ ಎನ್ನುತ್ತಾರೆ.,kn:ಹಿಂಬರಹ,https://kn.wikipedia.org/wiki/ಹಿಂಬರಹ
Kannada,"ಸಿಂಧಿ ವಿಕಿಪೀಡಿಯ (ಸಿಂಧಿ: سنڌي وڪيپيڊيا ) ಫೆಬ್ರವರಿ 6, 2006 ರಿಂದ ಪ್ರಾರಂಭವಾದ ಉಚಿತ ವಿಶ್ವಕೋಶವಾಗಿದೆ.",kn:ಸಿಂಧಿ ವಿಕಿಪೀಡಿಯ,https://kn.wikipedia.org/wiki/ಸಿಂಧಿ_ವಿಕಿಪೀಡಿಯ
Kannada,"ಇದು ವಿಕಿಪೀಡಿಯಾದ ಸಿಂಧಿ ಭಾಷೆಯ ಆವೃತ್ತಿಯಾಗಿದೆ, ಇದು ಉಚಿತ, ಮುಕ್ತ-ವಿಷಯ ವಿಶ್ವಕೋಶವಾಗಿದೆ.",kn:ಸಿಂಧಿ ವಿಕಿಪೀಡಿಯ,https://kn.wikipedia.org/wiki/ಸಿಂಧಿ_ವಿಕಿಪೀಡಿಯ
Kannada,"2014 ರಿಂದ, ವಿಶ್ವಕೋಶವು ವಿಷಯದಲ್ಲಿ ಒಟ್ಟಾರೆ ಹೆಚ್ಚಳವನ್ನು ಕಂಡಿದೆ.",kn:ಸಿಂಧಿ ವಿಕಿಪೀಡಿಯ,https://kn.wikipedia.org/wiki/ಸಿಂಧಿ_ವಿಕಿಪೀಡಿಯ
Kannada,ಹೆಚ್ ಡಿ ಕೋಟೆ ತಾಲ್ಲೂಕಿನ ಸರಗೂರಿನ ಪಕ್ಕದಲ್ಲಿರುವ ಒಂದು ಚಿಕ್ಕ ಗ್ರಾಮ ಈ ಗ್ರಾಮವು ತನ್ನದೇ ಆದ ಇತಿಹಾಸವನ್ನು ಹೊಂದಿದ್ದು ಯಾರಿಗೂ ಈ ಗ್ರಾಮ ಅಷ್ಟಾಗಿ ಚಿರಪರಿಚಿತ ವಾಗಿರದೇ ಇದ್ದು ಈ ಹಳ್ಳಿಯಂತೆ ಹಲವಾರು ಗ್ರಾಮಗಳು ಎಲೆಮರೆಯ ಕಾಯಿಯಂತೆ ಇವೆ.,kn:ಹಳೇಹೆಗ್ಗುಡಿಲು,https://kn.wikipedia.org/wiki/ಹಳೇಹೆಗ್ಗುಡಿಲು
Kannada,ಇಂಥಹ ಹಲವಾರು ಗ್ರಾಮಗಳು ತಮ್ಮ ಐತಿಹಾಸಿಕ ಹಿನ್ನೆಲೆಯನ್ನು ಸಾರುವಷ್ಟು ಮಹತ್ವವನ್ನು ಹೊಂದಿವೆ ಈ ಗ್ರಾಮಗಳಲ್ಲಿ ಹಳೇಹೆಗ್ಗುಡಿಲು ಒಂದು.,kn:ಹಳೇಹೆಗ್ಗುಡಿಲು,https://kn.wikipedia.org/wiki/ಹಳೇಹೆಗ್ಗುಡಿಲು
Kannada,"ಆದರೂ ಕೂಡಾ ಈ ಎಲ್ಲಾ ದ್ವೀಪಗಳ ರಕ್ಷಣೆಯ ಹೊಣೆಯು ಯುನೈಟೆಡ್ ಕಿಂಗ್ಡಮ್,ಗೆ ಸೇರಿದೆ.",kn:ಬೇಲಿವಿಕ್ ಆಫ್ ಗರ್ನ್ಸಿ,https://kn.wikipedia.org/wiki/ಬೇಲಿವಿಕ್_ಆಫ್_ಗರ್ನ್ಸಿ
Kannada,ದ ಭಾಗವಲ್ಲ.ಅದು ಬ್ರಿಟಿಶ್ ಆಡಳಿತ ವ್ಯವಸ್ಥೆಯ ಪ್ರತ್ಯೇಕ ಪ್ರದೇಶವಾಗಿದ್ದು ಇದನ್ನು ಐಸ್ಲೆ ಆಫ್ ಮಾನ್ ಎಂಬ ಸ್ವತಂತ್ರ ದ್ವೀಪಕ್ಕೆ ಹೋಲಿಕೆ ಮಾಡಬಹುದಾಗಿದೆ.,kn:ಬೇಲಿವಿಕ್ ಆಫ್ ಗರ್ನ್ಸಿ,https://kn.wikipedia.org/wiki/ಬೇಲಿವಿಕ್_ಆಫ್_ಗರ್ನ್ಸಿ
Kannada,ಗುರ್ನಸಿ ಕೂಡಾ ಯುರೊಪಿಯನ್ ಯುನಿಯನ್ನ ಒಂದು ಭಾಗವಲ್ಲ.,kn:ಬೇಲಿವಿಕ್ ಆಫ್ ಗರ್ನ್ಸಿ,https://kn.wikipedia.org/wiki/ಬೇಲಿವಿಕ್_ಆಫ್_ಗರ್ನ್ಸಿ
Kannada,ಈ ಗುರ್ನಸಿ ದ್ವೀಪವನ್ನು 10 ಚರ್ಚ್ ಸಮುದಾಯಿಕ ವಿಭಾಗಗಳನ್ನಾಗಿ ವಿಂಗಡಿಸಲಾಗಿದೆ.,kn:ಬೇಲಿವಿಕ್ ಆಫ್ ಗರ್ನ್ಸಿ,https://kn.wikipedia.org/wiki/ಬೇಲಿವಿಕ್_ಆಫ್_ಗರ್ನ್ಸಿ
Kannada,ಅರುಣ್ ಜೋಷಿ(೧೯೩೯-೧೯೯೩) ಒಬ್ಬ ಭಾರತೀಯ ಬರಹಗಾರ.,kn:ಅರುಣ್ ಜೋಷಿ,https://kn.wikipedia.org/wiki/ಅರುಣ್_ಜೋಷಿ
Kannada,ಅವರು ದಿ ಸ್ಟ್ರೇಂಜ್ ಕೇಸ್ ಆಫ್ ಬಿಲ್ಲಿ ಬಿಸ್ವಾಸ್ ಮತ್ತು ದಿ ಅಪ್ರೆಂಟಿಸ್ ಎಂಬ ಕಾದಂಬರಿಗಳಿಗೆ ಹೆಸರುವಾಸಿಯಾಗಿದ್ದರು.,kn:ಅರುಣ್ ಜೋಷಿ,https://kn.wikipedia.org/wiki/ಅರುಣ್_ಜೋಷಿ
Kannada,ಅವರಿಗೆ ೧೯೮೨ರಲ್ಲಿ ದಿ ಲಾಸ್ಟ್ ಲ್ಯಾಬಿರಿಂತ್ ಎಂಬ ಕಾದಂಬರಿಗೆ ಸಾಹಿತ್ಯ ಅಕಾಡೆಮಿ ಪ್ರಶಸ್ತಿ ದೊರಕಿತು.,kn:ಅರುಣ್ ಜೋಷಿ,https://kn.wikipedia.org/wiki/ಅರುಣ್_ಜೋಷಿ
Kannada,ವಿಜಯಪುರ ಜಿಲ್ಲೆಯು ಮಕ್ಕಳ ಸಾಹಿತ್ಯದ ತೊಟ್ಟಿಲು.,kn:ಶರಣಪ್ಪ ಕಂಚ್ಯಾಣಿ,https://kn.wikipedia.org/wiki/ಶರಣಪ್ಪ_ಕಂಚ್ಯಾಣಿ
Kannada,"ಸಿಸು ಸಂಗಮೇಶ, ಶಂಗು ಬಿರಾದಾರ, ಈಶ್ವರ ಚಂದ್ರ ಚಿಂತಾಮಣಿ, ಹ.ಮ.ಪೂಜಾರ, ಜಂಬುನಾಥ ಕಂಚ್ಯಾಣಿ, ಹ.ಮ.ಅಂಬಿಗೇರ್, ಬಾ.ಇ.ಕುಮಟೆ ಮುಂತಾದ ಹಲವಾರು ಕವಿಗಳು ಮಕ್ಕಳ ಸಾಹಿತ್ಯದ ಬಗ್ಗೆ ಅಗಾಧವಾದ ಕೆಲಸವನ್ನು ಮಾಡಿದ್ದಾರೆ.",kn:ಶರಣಪ್ಪ ಕಂಚ್ಯಾಣಿ,https://kn.wikipedia.org/wiki/ಶರಣಪ್ಪ_ಕಂಚ್ಯಾಣಿ
Kannada,ಹೀಗೆ ಸಾಹಿತ್ಯ ಕೃಷಿ ಮಾಡಿದವರಲ್ಲಿ ಪ್ರಮುಖರಲ್ಲೊಬ್ಬರಾದ ಹಿರಿಯ ಕವಿ ಶರಣಪ್ಪ ಕಂಚ್ಯಾಣಿಯವರು.,kn:ಶರಣಪ್ಪ ಕಂಚ್ಯಾಣಿ,https://kn.wikipedia.org/wiki/ಶರಣಪ್ಪ_ಕಂಚ್ಯಾಣಿ
Kannada,ವಕ್ರೀಭವನ --ಎಂದರೆ ಒಂದು ಮಾಧ್ಯಮದಿಂದ ಇನ್ನೊಂದಕ್ಕೆ ತರಂಗಗಳು ದಾಟುವಾಗ ಎರಡು ಮಾಧ್ಯಮಗಳನ್ನು ಪ್ರತ್ಯೇಕಿಸುವ ಸೀಮಾರೇಖೆಗೆ ತರಂಗಮುಖ ಓರೆಯಾಗಿದ್ದರೆ ಜರಗುವ ತರಂಗಗಳ ಬಾಗುವಿಕೆ.,kn:ವಕ್ರೀಭವನ,https://kn.wikipedia.org/wiki/ವಕ್ರೀಭವನ
Kannada,ವಿಭಿನ್ನ ಮಾಧ್ಯಮಗಳಲ್ಲಿ ಅಲೆಯ ವೇಗದಲ್ಲಿನ ಬದಲಾವಣೆಯ ಕಾರಣದಿಂದುಂಟಾಗುವ ದಿಕ್ಕಿನ ಬದಲಾವಣೆ.,kn:ವಕ್ರೀಭವನ,https://kn.wikipedia.org/wiki/ವಕ್ರೀಭವನ
Kannada,"ಅತಿ ಸಾಮಾನ್ಯವಾಗಿ, ಬೆಳಕು ಒಂದು ಮಾಧ್ಯಮದಿಂದ ಇನ್ನೊಂದಕ್ಕೆ ಹಾಯುವಾಗ ವಕ್ರೀಭವಿಸುತ್ತದೆ.",kn:ವಕ್ರೀಭವನ,https://kn.wikipedia.org/wiki/ವಕ್ರೀಭವನ
Kannada,"ಆದರೆ, ಬೇರೆ ಥರದ ಅಲೆಗಳೂ ವಕ್ರೀಭವನಕ್ಕೊಳಗಾಗುತ್ತವೆ.",kn:ವಕ್ರೀಭವನ,https://kn.wikipedia.org/wiki/ವಕ್ರೀಭವನ
Kannada,ಹುಬ್ಬಳ್ಳಿ (ಹುಬ್ಳಿ) ಕರ್ನಾಟಕದ ಉತ್ತರ ಭಾಗದಲ್ಲಿರುವ ಪ್ರಮುಖ ವಾಣಿಜ್ಯ ನಗರ.ಹುಬ್ಬಳ್ಳಿ ನಗರವು ಧಾರವಾಡ ಜಿಲ್ಲೆಯಲ್ಲಿದೆ.,kn:ಹುಬ್ಬಳ್ಳಿ,https://kn.wikipedia.org/wiki/ಹುಬ್ಬಳ್ಳಿ
Kannada,"ಬೆಂಗಳೂರು - ಪುಣೆ ರಾಷ್ಟ್ರೀಯ ಹೆದ್ದಾರಿ- 4 ರಲ್ಲಿ, ಬೆಂಗಳೂರಿನಿಂದ ಸುಮಾರು 410 ಕಿ.ಮೀ ಹಾಗೂ ಪುಣೆಯಿಂದ ಸುಮಾರು 430 ಕಿ.ಮೀ ದೂರದಲ್ಲಿದೆ.",kn:ಹುಬ್ಬಳ್ಳಿ,https://kn.wikipedia.org/wiki/ಹುಬ್ಬಳ್ಳಿ
Kannada,"2011ರ ಭಾರತದ ಜನಗಣತಿಯ ಪ್ರಕಾರ ಹುಬ್ಬಳ್ಳಿ-ಧಾರವಾಡ ಅವಳಿ ನಗರಗಳ ಜನಸಂಖ್ಯೆ 943,788.ಅದರಲ್ಲಿ 474,518 ಪುರುಷರು ಮತ್ತು 469,270 ಮಹಿಳೆಯರಿದ್ದಾರೆ.",kn:ಹುಬ್ಬಳ್ಳಿ,https://kn.wikipedia.org/wiki/ಹುಬ್ಬಳ್ಳಿ
Kannada,"ಧಾರವಾಡದಿಂದ ಹುಬ್ಬಳ್ಳಿಗೆ ಹೋಗುವ ಹೆದ್ದಾರಿಯಲ್ಲಿ ಉಣಕಲ್ ಕೆರೆ ಇದೆ, ಇದು ಒಂದು ಪ್ರವಾಸಿಗರ ತಾಣವಾಗಿದೆ.",kn:ಹುಬ್ಬಳ್ಳಿ,https://kn.wikipedia.org/wiki/ಹುಬ್ಬಳ್ಳಿ
Kannada,"ನೀನೆ ಬರಿ ನೀನೆ , ಹಾಡುಗಾರ ಸೋನು ನಿಗಮ್ರವರ ಕನ್ನಡ ಏಕಾಂಗಿ ಧ್ವನಿಸುರುಳಿ, ಇದು ೨೦೦೯ರಲ್ಲಿ ಬಿಡುಗಡೆಗೊಂಡಿತು.",kn:ನೀನೆ ಬರಿ ನೀನೆ,https://kn.wikipedia.org/wiki/ನೀನೆ_ಬರಿ_ನೀನೆ
Kannada,ಈ ಧ್ವನಿಸುರುಳಿಯ ನಿರ್ಮಾಪಕ ಅಶೋಕ್ ಖೇಣಿ ಹಾಗು ಸಂಗೀತ ಮನೋ ಮೂರ್ತಿಯವರದು.,kn:ನೀನೆ ಬರಿ ನೀನೆ,https://kn.wikipedia.org/wiki/ನೀನೆ_ಬರಿ_ನೀನೆ
Kannada,"ಇದರ ಸಾಹಿತ್ಯ ಕನ್ನಡದ ಪ್ರಕ್ಯಾತ ಗೀತರಚನಕಾರ, ಜಯಂತ್ ಕೈಕಿಣಿಯವರದು.",kn:ನೀನೆ ಬರಿ ನೀನೆ,https://kn.wikipedia.org/wiki/ನೀನೆ_ಬರಿ_ನೀನೆ
Kannada,"ವೀಡಿಯೊದಲ್ಲಿ ಸೋನು ನಿಗಮ್ ಹಾಗು ಬೆಂಗಳೂರುನ, ಮಾಧುರಿ ಭಟ್ಟಾಚಾರ್ಯ ಕಂಡುಬಂದಿದ್ದಾರೆ.",kn:ನೀನೆ ಬರಿ ನೀನೆ,https://kn.wikipedia.org/wiki/ನೀನೆ_ಬರಿ_ನೀನೆ
Kannada,ಶುಕ ವ್ಯಾಸ ಋಷಿಯ ಮಗನಾಗಿದ್ದನು ಮತ್ತು ಭಾಗವತ ಪುರಾಣದ ಮುಖ್ಯ ನಿರೂಪಕನಾಗಿದ್ದನು.,kn:ಶುಕ,https://kn.wikipedia.org/wiki/ಶುಕ
Kannada,ಭಾಗವತ ಪುರಾಣದ ಬಹುತೇಕ ಭಾಗವು ಶುಕನು ಸಾಯುತ್ತಿರುವ ರಾಜ ಪರೀಕ್ಷಿತನಿಗೆ ಕಥೆಯನ್ನು ಪಠಿಸುವುದನ್ನು ಒಳಗೊಂಡಿದೆ.,kn:ಶುಕ,https://kn.wikipedia.org/wiki/ಶುಕ
Kannada,ಶುಕನನ್ನು ಮೋಕ್ಷದ ಅನ್ವೇಷಣೆಗಾಗಿ ಜಗತ್ತನ್ನು ತ್ಯಜಿಸಿದ ಒಬ್ಬ ಸಂನ್ಯಾಸಿಯಾಗಿ ಚಿತ್ರಿಸಲಾಗಿದೆ; ಬಹುತೇಕ ನಿರೂಪಣೆಗಳು ಅವನು ಇದನ್ನು ಸಾಧಿಸಿದನು ಎಂದು ಪ್ರತಿಪಾದಿಸುತ್ತವೆ.,kn:ಶುಕ,https://kn.wikipedia.org/wiki/ಶುಕ
Kannada,ಶುಕಮುನಿಯು ಕೃಷ್ಣ ದ್ವೈಪಾಯನ ಅಂದರೆ ವೇದವ್ಯಾಸ ಮುನಿಗೆ ಶುಕೀ (ಹೆಣ್ಣು ಗಿಣಿ) ರೂಪದಲ್ಲಿದ್ದ ಘೃತಾಚಿ ಎಂಬ ಅಪ್ಸರೆಗೆ ಜನಿಸಿದರು.,kn:ಶುಕ,https://kn.wikipedia.org/wiki/ಶುಕ
Kannada,"ತಮಸ್ಸು ಕನ್ನಡ ಚಲನಚಿತ್ರವಾಗಿದ್ದು, ಪತ್ರಕರ್ತ ಅಗ್ನಿ ಶ್ರೀಧರ್ ನಿರ್ದೇಶಿಸಿದ್ದಾರೆ, ಶಿವ ರಾಜಕುಮಾರ್ ಮತ್ತು ಪದ್ಮಪ್ರಿಯಾ ನಟಿಸಿದ್ದಾರೆ.",kn:ತಮಸ್ಸು (ಚಲನಚಿತ್ರ),https://kn.wikipedia.org/wiki/ತಮಸ್ಸು_(ಚಲನಚಿತ್ರ)
Kannada,ಚಲನಚಿತ್ರವು 11 ಜೂನ್ 2010 ರಂದು ಬಿಡುಗಡೆಯಾಯಿತು ಮತ್ತು ಅತ್ಯಂತ ಧನಾತ್ಮಕ ವಿಮರ್ಶೆಗಳನ್ನು ಪಡೆಯಿತು.,kn:ತಮಸ್ಸು (ಚಲನಚಿತ್ರ),https://kn.wikipedia.org/wiki/ತಮಸ್ಸು_(ಚಲನಚಿತ್ರ)
Kannada,2002 ರ ಗುಜರಾತ್ ಕೋಮುಗಲಭೆಯ ನಂತರ ನಡೆದ ಹಿಂದೂ - ಮುಸ್ಲಿಂ ಘಟನೆಯಿಂದ ಈ ಕಥೆಯನ್ನು ಪ್ರೇರೇಪಿಸಲಾಗಿದೆ.,kn:ತಮಸ್ಸು (ಚಲನಚಿತ್ರ),https://kn.wikipedia.org/wiki/ತಮಸ್ಸು_(ಚಲನಚಿತ್ರ)
Kannada,4ನೇ ಬ್ರಿಕ್ಸ್ ಶೃಂಗಸಭೆ ಬ್ರಿಕ್ಸ್ ಸಂಘಟನೆಯ ನಾಲ್ಕನೆಯ ಶೃಂಗಸಭೆ ಮತ್ತು ಇದು 29 ಮಾರ್ಚ್ 2012 ರಲ್ಲಿ ಸಾನ್ಯದಲ್ಲಿ ನಡೆಯಿತು.,kn:4ನೇ ಬ್ರಿಕ್ಸ್ ಶೃಂಗಸಭೆ,https://kn.wikipedia.org/wiki/4ನೇ_ಬ್ರಿಕ್ಸ್_ಶೃಂಗಸಭೆ
Kannada,"ಬ್ರೆಜಿಲ್, ರಷ್ಯಾ, ಚೀನಾ ಮತ್ತು ದಕ್ಷಿಣ ಆಫ್ರಿಕಾ ಅಲ್ಲದೆ ಅತಿಥಿಗಳಾಗಿ ಭಾರತದ ಅಧ್ಯಕ್ಷರು ಇದರಲ್ಲಿ ಭಾಗವಹಿಸಿದರು.",kn:4ನೇ ಬ್ರಿಕ್ಸ್ ಶೃಂಗಸಭೆ,https://kn.wikipedia.org/wiki/4ನೇ_ಬ್ರಿಕ್ಸ್_ಶೃಂಗಸಭೆ
Kannada,"ಇದೇ ಶಬ್ದಕ್ಕೆ ಸಮನಾದುದೆಂದರೆ ಮಿರರ್ ಮತ್ತು ""ಬಣ್ಣಿಸು"" ಇದಕ್ಕೆ ವ್ಯತಿರಿಕ್ತವಾಗಿ ಒಂದು ಭ್ರಮೆ ಅಥವಾ ಭ್ರಾಂತಿ,ಇದ್ದರೆ ಪ್ರತಿಬಿಂಬದಲ್ಲಿ ಒಂದು ನಿಜವಾದ ವಸ್ತುವಿನ ದೃಷ್ಟಿಗೋಚರವಾದುದನ್ನು ಕ್ಯಾಮೆರಾದಲ್ಲಿ ಸೆರೆಹಿಡಿದದ್ದು,ಹೀಗೆ ಬೆಳಕಿನ ಕಿರಣಗಳು ನಿಜವಾದುದರ ಮೇಲೆ ಪ್ರತಿಫಲಿಸಿ ಅಲ್ಲಿರುವವನ ಭ್ರಮೆಯ ಚಿತ್ರಣವನ್ನು ಮೂಡುವಂತೆ ಮಾಡುತ್ತವೆ.",kn:ಮರೀಚಿಕೆ,https://kn.wikipedia.org/wiki/ಮರೀಚಿಕೆ
Kannada,ಯಾವ ಪ್ರತಿರೊಪವು ಅಲ್ಲಿನ ಸ್ಥಳಿಯತೆಯನ್ನು ಪ್ರತಿನಿಧಿಸುತ್ತದೆಯೋ ಅದು ಮನುಷ್ಯರ ಮನಸ್ಸಿನ ಕನ್ನಡಿಯ ಸ್ವರೂಪ ಎನ್ನಬಹುದು.,kn:ಮರೀಚಿಕೆ,https://kn.wikipedia.org/wiki/ಮರೀಚಿಕೆ
Kannada,ಉದಾಹರಣೆಗೆ ಕೆಳಮಟ್ಟದ ಭೂಮಿ ಮೇಲಿನ ಪ್ರತಿಬಿಂಬಗಳನ್ನು ಇದೊಂದು ಸಣ್ಣ ನೀರಿನ ಝರಿ ಎನ್ನುವ ಮಟ್ಟಿಗೆ ತಪ್ಪಾಗಿ ಅರ್ಥೈಸಿಕೊಳ್ಳುವ ಸಾಧ್ಯತೆ ಇದೆ.,kn:ಮರೀಚಿಕೆ,https://kn.wikipedia.org/wiki/ಮರೀಚಿಕೆ
Kannada,"ಈ ಮರೀಚೆಗಳನ್ನು ""ಕೆಳಮಟ್ಟದ""(ಅಂದರೆ ಕೆಳಭಾಗದ)""ಉತ್ತಮ""ಮೇಲ್ಭಾಗದ (ಉನ್ನತ ಭಾಗದ) ಮತ್ತು ""ಫಾಟಾ ಮೊರ್ಗಾನಾ ""ಇದೊಂದು ಉನ್ನತ ಪ್ರಮಾಣದ ಪ್ರತಿಫಲಿತ ಬಿಂಬಗಳ ಹುಡುಕಾಟವಾಗಿದೆ.ಹೀಗೆ ಒಂದು ಪಾರ್ಶ್ವದಿಂದ ರೂಪಗೊಂಡ ಮರೀಚಿಕೆಗಳು ಬೆಳಕಿನ ಪ್ರತಿಫಲನಕ್ಕೆ ಅನುಗುಣವಾಗಿ ಹೊಸ ರೂಪಗಳನ್ನು ಸೃಷ್ಟಿಸುತ್ತವೆ.",kn:ಮರೀಚಿಕೆ,https://kn.wikipedia.org/wiki/ಮರೀಚಿಕೆ
Kannada,ಅಮೆರಿಕದ ಮೌಂಟಾನ ಗೊಂಡಾರಣ್ಯ ಇಂದಿಗೂ ಹಾಗೇ ಉಳಿದಿದೆ ಎಂದರೆ ಅದರ ಹಿಂದೆ ಒಬ್ಬ ಅಸಾಮಾನ್ಯ ಪ್ರೇಮಿ ಇದ್ದಾರೆ.,kn:ಬಾಬ್ ಮಾರ್ಷಲ್,https://kn.wikipedia.org/wiki/ಬಾಬ್_ಮಾರ್ಷಲ್
Kannada,ಸುಮಾರು ನೂರಾರು ಏಕರೆ ವಿಸ್ತೀರ್ಣದ ಈ ದಟ್ಟಕಾಡು ನಾಶವಾಗುತ್ತೆ ಎಂದಾಗ ಸರ್ಕಾರದ ವಿರುದ್ಧ ತೊಡೆತಟ್ಟಿ ನಿಂತವರು ಇವರು.,kn:ಬಾಬ್ ಮಾರ್ಷಲ್,https://kn.wikipedia.org/wiki/ಬಾಬ್_ಮಾರ್ಷಲ್
Kannada,ನ್ಯೂಯಾರ್ಕಿನ ಶ್ರೀಮಂತ ಮನೆತನವೊಂದರಲ್ಲಿ ಜನಿಸಿದ ಮಾರ್ಷಲ್ಗೆ ಬಾಲ್ಯದಿಂದಲೇ ಅರಣ್ಯ ಕಂಡರೆ ಪ್ರೀತಿ.,kn:ಬಾಬ್ ಮಾರ್ಷಲ್,https://kn.wikipedia.org/wiki/ಬಾಬ್_ಮಾರ್ಷಲ್
Kannada,ಕಾಲೇಜನಲ್ಲಿ ಓದುತ್ತಿರುವಾಗಲೇ ಅವರು ಅರಣ್ಯದ ಕುರಿತು ಅಧ್ಯಯನ ಶುರುಮಾಡಿದ್ದರು.,kn:ಬಾಬ್ ಮಾರ್ಷಲ್,https://kn.wikipedia.org/wiki/ಬಾಬ್_ಮಾರ್ಷಲ್
Kannada,ಬಸವೇಶ್ವರ ತಾಂತ್ರಿಕ ಮಹಾವಿದ್ಯಾಲಯವು ಕರ್ನಾಟಕ ರಾಜ್ಯದ ಬಾಗಲಕೋಟ ನಗರದ ವಿದ್ಯಾಗಿರಿಯಲ್ಲಿದೆ.,kn:ಬಸವೇಶ್ವರ ಇಂಜಿನಿಯರಿಂಗ್ ಕಾಲೇಜು,https://kn.wikipedia.org/wiki/ಬಸವೇಶ್ವರ_ಇಂಜಿನಿಯರಿಂಗ್_ಕಾಲೇಜು
Kannada,"ಇದು 1963ರಲ್ಲಿ ಸ್ಥಾಪಿತವಾಗಿದ್ದು ವಿಶ್ವೇಶ್ವರಯ್ಯ ತಾಂತ್ರಿಕ ವಿಶ್ವವಿದ್ಯಾಲಯ, ಬೆಳಗಾವಿ ದಿಂದ ಮಾನ್ಯತೆ ಹೊಂದಿದೆ.",kn:ಬಸವೇಶ್ವರ ಇಂಜಿನಿಯರಿಂಗ್ ಕಾಲೇಜು,https://kn.wikipedia.org/wiki/ಬಸವೇಶ್ವರ_ಇಂಜಿನಿಯರಿಂಗ್_ಕಾಲೇಜು
Kannada,2007ರಲ್ಲಿ ಸ್ವಾಯತ್ತತೆ ಹೊಂದಿ ಅಖಿಲ ಭಾರತೀಯ ತಾಂತ್ರಿಕ ಶಿಕ್ಷಣ ಪರಿಷತ್(ನವದೆಹಲಿ) ಕೂಡ ಮಾನ್ಯತೆ ನೀಡಿದೆ.,kn:ಬಸವೇಶ್ವರ ಇಂಜಿನಿಯರಿಂಗ್ ಕಾಲೇಜು,https://kn.wikipedia.org/wiki/ಬಸವೇಶ್ವರ_ಇಂಜಿನಿಯರಿಂಗ್_ಕಾಲೇಜು
Kannada,ಅದರಂತೆ ರಾಷ್ಟ್ರೀಯ ಮಾನ್ಯತಾ ಮಂಡಳಿಯು ಕೊಡ ಮಾನ್ಯತೆ ನೀಡಿದೆ.,kn:ಬಸವೇಶ್ವರ ಇಂಜಿನಿಯರಿಂಗ್ ಕಾಲೇಜು,https://kn.wikipedia.org/wiki/ಬಸವೇಶ್ವರ_ಇಂಜಿನಿಯರಿಂಗ್_ಕಾಲೇಜು
Kannada,ಮೊಹಮ್ಮದ್ ಇರ್ಫಾನ್ (ಜನನ ೬ ಜೂನ್ ೧೯೮೨) ಒಬ್ಬ ಪಾಕಿಸ್ತಾನದ ಎಡಗೈ ಮಧ್ಯಮವೇಗದ ಬೋಲರ್; ಇವರ ಜನ್ಮಸ್ಥಳ ಪಂಜಾಬ್.,kn:ಮೊಹಮ್ಮದ್ ಇರ್ಫಾನ್,https://kn.wikipedia.org/wiki/ಮೊಹಮ್ಮದ್_ಇರ್ಫಾನ್
Kannada,"ಅವರ ಎತ್ತರ ೭ ಅಡಿ ೧ ಇಂಚ್ ಇದೆ ಎಂದು ಹೇಳಲಾಗಿದ್ದು, ಅದು ನಿಜವಾಗಿದ್ದಲ್ಲಿ ಇಂದಿನವರೆಗೆ ಪ್ರಥಮದರ್ಜೆ ಕ್ರಿಕೆಟ್ ಪಂದ್ಯಗಳನ್ನಾಡಿದವರಲ್ಲಿ ಅವರೇ ಅತಿ ಎತ್ತರದ ವ್ಯಕ್ತಿಯಾಗುತ್ತಾರೆ.",kn:ಮೊಹಮ್ಮದ್ ಇರ್ಫಾನ್,https://kn.wikipedia.org/wiki/ಮೊಹಮ್ಮದ್_ಇರ್ಫಾನ್
Kannada,"ಪಾಕಿಸ್ತಾನದ ಚಳುವಳಿ ಅಥವಾ ಟೆಹರಿಕ್-ಎ-ಪಾಕಿಸ್ತಾನ (ಉರ್ದು: تحریک پاکستان - ತಾಹ್ರಿಕ್-ಐ ಪಾಕಿಸ್ತಾನ್) ಎಂಬುದು 1940 ರ ದಶಕದಲ್ಲಿ ಧಾರ್ಮಿಕ ರಾಜಕೀಯ ಚಳವಳಿಯಾಗಿದ್ದು, ಬ್ರಿಟಿಷ್ ಇಂಡಿಯನ್ ಸಾಮ್ರಾಜ್ಯದ ಮುಸ್ಲಿಂ-ಬಹುಪಾಲು ಪ್ರದೇಶಗಳಿಂದ ಪಾಕಿಸ್ತಾನದ ಸೃಷ್ಟಿಗೆ ಗುರಿಯನ್ನು ಸಾಧಿಸಿತ್ತು.",kn:ಪಾಕಿಸ್ತಾನದ ಚಳುವಳಿ,https://kn.wikipedia.org/wiki/ಪಾಕಿಸ್ತಾನದ_ಚಳುವಳಿ
Kannada,"ಈ ಚಳವಳಿಯು ಭಾರತದ ಸ್ವಾತಂತ್ರ್ಯ ಚಳವಳಿಯೊಂದಿಗೆ ಭಾರತದೊಳಗೆ ಪ್ರಗತಿ ಸಾಧಿಸಿತು, ಆದರೆ ದಕ್ಷಿಣ ಏಷ್ಯಾದ ಮುಸ್ಲಿಮರ ಧಾರ್ಮಿಕ ಗುರುತು ಮತ್ತು ರಾಜಕೀಯ ಹಿತಾಸಕ್ತಿಗಳನ್ನು ರಕ್ಷಿಸುವ ಪಾಕಿಸ್ತಾನದ ಚಳವಳಿ ಹೊಸ ರಾಷ್ಟ್ರ-ರಾಜ್ಯವನ್ನು ಸ್ಥಾಪಿಸಲು ಪ್ರಯತ್ನಿಸಿತು.",kn:ಪಾಕಿಸ್ತಾನದ ಚಳುವಳಿ,https://kn.wikipedia.org/wiki/ಪಾಕಿಸ್ತಾನದ_ಚಳುವಳಿ
Kannada,"ಮೊದಲ ಸಂಘಟಿತ ರಾಜಕೀಯ ಚಳುವಳಿಗಳು ಆಲಿಘಢ್ನಲ್ಲಿದ್ದವು, ಅಲ್ಲಿ ಸರ್ ಸಯ್ಯದ್ ಅಹ್ಮದ್ ಖಾನ್ ನೇತೃತ್ವದ ಮತ್ತೊಂದು ಸಾಹಿತ್ಯ ಚಳವಳಿಯು ಪಾಕಿಸ್ತಾನ ಚಳವಳಿಯ ಹುಟ್ಟನ್ನು ನಿರ್ಮಿಸಿತು.",kn:ಪಾಕಿಸ್ತಾನದ ಚಳುವಳಿ,https://kn.wikipedia.org/wiki/ಪಾಕಿಸ್ತಾನದ_ಚಳುವಳಿ
Kannada,೧೯೦೬ ರಲ್ಲಿ ಸೈಯದ್ ಅಹ್ಮದ್ ಖಾನ್ ಮತ್ತು ವಿಕರ್-ಉಲ್-ಹಕ್ ಜಂಟಿಯಾಗಿ ನಡೆಸಿದ ಶೈಕ್ಷಣಿಕ ಸಮಾವೇಶವು ಮುಸ್ಲಿಂ ಸುಧಾರಕರು ಮುಖ್ಯವಾಹಿನಿ ಮತ್ತು ನಂತರ ಹೊಸದಾಗಿ ರೂಪುಗೊಂಡ ಅಖಿಲ ಭಾರತ ಮುಸ್ಲಿಂ ಲೀಗ್ (ಎಐಎಂಎಲ್)ನ್ನು ಸ್ಥಾಪಿಸುವ ರೂಪದಲ್ಲಿ ರಾಜಕೀಯ ಹಂತಕ್ಕೆ ಚಳುವಳಿ ನಡೆಸಿದರು.,kn:ಪಾಕಿಸ್ತಾನದ ಚಳುವಳಿ,https://kn.wikipedia.org/wiki/ಪಾಕಿಸ್ತಾನದ_ಚಳುವಳಿ
Kannada,ವೀರ್ ರವರ ಬಳಿ ಕಥಕ್ ಮತ್ತುಕಥಕ್ಕಳಿ ನೃತ್ಯಪ್ರಾಕಾರಗಳನ್ನು ಕಲಿತು ಅಭ್ಯಾಸಮಾಡಿದರು.,kn:ಟಿ. ಎಸ್. ಭಟ್,https://kn.wikipedia.org/wiki/ಟಿ._ಎಸ್._ಭಟ್
Kannada,ಮುಂದೆ ಕರಾವಳಿಯ ಪ್ರಮುಖ ಭರತನಾಟ್ಯ ದಂಪತಿಗಳಾದ ಯು.,kn:ಟಿ. ಎಸ್. ಭಟ್,https://kn.wikipedia.org/wiki/ಟಿ._ಎಸ್._ಭಟ್
Kannada,ಎಸ್.ಕೃಷ್ಣರಾವ್ ಮತ್ತು ಚಂದ್ರಭಾಗಾ ದೇವಿ ಯವರ ಹತ್ತಿರ 'ಭರತನಾಟ್ಯ'ವನ್ನು ಕಲಿತರು.,kn:ಟಿ. ಎಸ್. ಭಟ್,https://kn.wikipedia.org/wiki/ಟಿ._ಎಸ್._ಭಟ್
Kannada,"ಮೈಸೂರು ಅರಮನೆ ಮತ್ತು ಮೈಸೂರಿನ ಹಲವು ಕಲಾ ಕೇಂದ್ರಗಳಲ್ಲಿ, ಹಾಗೂ ರಾಷ್ಟ್ರದಾದ್ಯಂತ ತಮ್ಮ ನೃತ್ಯಕಾರ್ಯಕ್ರಮಗಳನ್ನು ಕೊಡುತ್ತಿದ್ದರು.",kn:ಟಿ. ಎಸ್. ಭಟ್,https://kn.wikipedia.org/wiki/ಟಿ._ಎಸ್._ಭಟ್
Malayalam,വനിതകൾക്കായുള്ള മലയാളത്തിലെ ഒരു ആനുകാലികപ്രസിദ്ധീകരണമാണ് മാതൃഭൂമി ഗൃഹലക്ഷ്മി.,ml:ഗൃഹലക്ഷ്മി,https://ml.wikipedia.org/wiki/ഗൃഹലക്ഷ്മി
Malayalam,1979 ലാണ് ഈ ദ്വൈവാരിക പ്രസിദ്ധീകരണമാരംഭിച്ചത്.,ml:ഗൃഹലക്ഷ്മി,https://ml.wikipedia.org/wiki/ഗൃഹലക്ഷ്മി
Malayalam,മാതൃഭൂമി പബ്ലിക്കേഷൻസ് പ്രസിദ്ധീകരിക്കുന്ന ഈ ദ്വൈവാരിക കോഴിക്കോട്ട് നിന്ന് പുറത്തിറങ്ങുന്നു.,ml:ഗൃഹലക്ഷ്മി,https://ml.wikipedia.org/wiki/ഗൃഹലക്ഷ്മി
Malayalam,ഏഷ്യയിലും ആഫ്രിക്കയിലും പൊതുവേ കാണപ്പെടുന്ന ഒരിനം സൂചിത്തുമ്പി കുടുംബമാണ് നീർരത്നങ്ങൾ (Chlorocyphidae).,ml:നീർരത്നം,https://ml.wikipedia.org/wiki/നീർരത്നം
Malayalam,കേരളത്തിൽ കോഴിക്കോട് ജില്ലയിലെ കുന്ദമംഗലം നിയോജക മണ്ഡലത്തിലെ ഒരു ഗ്രാമമാണ് പടനിലം.,"ml:പടനിലം, കോഴിക്കോട്","https://ml.wikipedia.org/wiki/പടനിലം,_കോഴിക്കോട്"
Malayalam,ജില്ലാ ആസ്ഥാനത്തു നിന്ന് 18 കിലോമീറ്റർ കിഴക്കു ഭാഗത്ത് വയനാട് കോഴിക്കോട് ദേശീയപാതയിൽ സ്ഥിതി ചെയ്യുന്ന സ്ഥലം ആണ് ഇത്.,"ml:പടനിലം, കോഴിക്കോട്","https://ml.wikipedia.org/wiki/പടനിലം,_കോഴിക്കോട്"
Malayalam,ഫ്രഞ്ച് ഭൗതിക ശാസ്ത്രജ്ഞനായിരുന്ന ചാൾസ് അഗസ്റ്റിൻ കൂളോം 1736ൽ ഫ്രാൻസിലെ അംഗൗളിം എന്ന സ്ഥലത്ത് ജനിച്ചു.,ml:ചാൾസ് അഗസ്റ്റീൻ കൂളോം,https://ml.wikipedia.org/wiki/ചാൾസ്_അഗസ്റ്റീൻ_കൂളോം
Malayalam,വൈദ്യുതാകർഷണത്തിലെ അടിസ്ഥാന നിയമമായ കൂളോം നിയമം കണ്ടെത്തിയത് ഇദ്ദേഹമാണ്.,ml:ചാൾസ് അഗസ്റ്റീൻ കൂളോം,https://ml.wikipedia.org/wiki/ചാൾസ്_അഗസ്റ്റീൻ_കൂളോം
Malayalam,വൈദ്യുത ചാർജിന്റെ അടിസ്ഥാന ഏകകം കൂളോം (C) അറിയപ്പെടുന്നത് ഇദ്ദേഹത്തിന്റ പേരിൽ നിന്നാണ്.,ml:ചാൾസ് അഗസ്റ്റീൻ കൂളോം,https://ml.wikipedia.org/wiki/ചാൾസ്_അഗസ്റ്റീൻ_കൂളോം
Malayalam,"2011ലെ പസിഫിക് ചുഴലിക്കാറ്റു സീസണിൽ ഉണ്ടായി ജപ്പാനിൽ ആഞ്ഞുവീശുന്ന ശക്തമായ ചുഴലിക്കാറ്റാണ് തലാസ് ചുഴലിക്കാറ്റ് 2011 (Typhoon Talas - അന്തർദേശീയ നാമം: 1112, സംയുക്ത ചുഴലിക്കാറ്റ് മുന്നറിയിപ്പ് കേന്ദ്ര നാമം: 15W).",ml:തലാസ് ചുഴലിക്കാറ്റ് (2011),https://ml.wikipedia.org/wiki/തലാസ്_ചുഴലിക്കാറ്റ്_(2011)
Malayalam,2011 ഓഗസ്റ്റ്‌ 22 നു ഗുആമിന് സമീപത്തു നിന്നുമായിരുന്നു കാറ്റിന്റെ തുടക്കം.,ml:തലാസ് ചുഴലിക്കാറ്റ് (2011),https://ml.wikipedia.org/wiki/തലാസ്_ചുഴലിക്കാറ്റ്_(2011)
Malayalam,"ഡയാനെ മേരി ആന്റോണിയ വാഴ്സി (ജീവിതകാലം: ഫെബ്രുവരി 23, 1938 - നവംബർ 19, 1992) അരങ്ങേറ്റ ചിത്രമായ പേയ്റ്റൺ പ്ലാസിലൂടെ അക്കാദമി അവാർഡിന് നാമനിർദ്ദേശം ചെയ്യപ്പെട്ട വിഖ്യാതയായ ഒരു അമേരിക്കൻ ചലച്ചിത്ര നടിയായിരുന്നു.",ml:ഡയാനെ വാർസി,https://ml.wikipedia.org/wiki/ഡയാനെ_വാർസി
Malayalam,അതുപോലെതന്നെ കൾട്ട് ചിത്രമായ വൈൽഡ് ഇൻ ദ സ്ട്രീറ്റ്സിലും അവർ ഒരു ശ്രദ്ധേയവേഷം ചെയ്തു.,ml:ഡയാനെ വാർസി,https://ml.wikipedia.org/wiki/ഡയാനെ_വാർസി
Malayalam,"വ്യക്തിപരവും കലാപരവുമായ തന്റെ മറ്റു ലക്ഷ്യങ്ങൾ പിന്തുടരുന്നതിനായി, അവർ ഹോളിവുഡ് വിട്ടുപോകുകയും വെർമോണ്ടിലെ ബെന്നിങ്ടൺ കോളേജിൽ ചേരുകയും അവിടെവച്ച് കവിയും പരിഭാഷകനുമായ ബെൻ ബെലിറ്റിനേപ്പോലെയുള്ളവരിൽനിന്ന് കവിത പഠിക്കുകയും ചെയ്തു.",ml:ഡയാനെ വാർസി,https://ml.wikipedia.org/wiki/ഡയാനെ_വാർസി
Malayalam,പശ്ചിമ ബംഗാൾ ഗവർണറായ ഒരു ഇന്ത്യൻ രാഷ്ട്രീയക്കാരനും ഇന്ത്യൻ അഡ്മിനിസ്ട്രേറ്റീവ് സർവീസിൽ സേവനമനുഷ്ഠിച്ച മുൻ സിവിൽ ഉദ്യോഗസ്ഥനുമാണ് സി വി ആനന്ദബോസ് .,ml:സി. വി. ആനന്ദബോസ്,https://ml.wikipedia.org/wiki/സി._വി._ആനന്ദബോസ്
Malayalam,"സിവിൽ സർവീസ്, ഭവന വിദഗ്ധൻ, എഴുത്തുകാരൻ, പ്രാസംഗികൻ എന്നീ നിലകളിൽ ഗവ.സെക്രട്ടറി പദവി വഹിച്ചിട്ടുണ്ട്.",ml:സി. വി. ആനന്ദബോസ്,https://ml.wikipedia.org/wiki/സി._വി._ആനന്ദബോസ്
Malayalam,"ഇന്ത്യയുടെ സെക്രട്ടറി, ചീഫ് സെക്രട്ടറി, യൂണിവേഴ്സിറ്റി വൈസ് ചാൻസലർ.",ml:സി. വി. ആനന്ദബോസ്,https://ml.wikipedia.org/wiki/സി._വി._ആനന്ദബോസ്
Malayalam,ഐക്യരാഷ്ട്രസഭയിൽ കൂടിയാലോചനാ പദവിയിൽ ഹാബിറ്റാറ്റ് അലയൻസിന്റെ ചെയർമാനും യുഎൻ ഹാബിറ്റാറ്റ് ഗവേണിംഗ് കൗൺസിൽ അംഗവുമാണ്.,ml:സി. വി. ആനന്ദബോസ്,https://ml.wikipedia.org/wiki/സി._വി._ആനന്ദബോസ്
Malayalam,"കാടോ, മരങ്ങൾ നിൽക്കുന്ന പ്രദേശങ്ങളിൽ നിന്നോ മരങ്ങളോ കാടുതന്നെയോ ഇല്ലാതാക്കി അവയെ കൃഷിയിടങ്ങളാക്കൽ, കന്നുകാലി മേയ്ക്കൽ എന്നിവയാണ് ആവശ്യങ്ങൾക്കായി ഉപയോഗിക്കുന്ന പ്രക്രിയയെ വനനശീകരണം (Deforestation) എന്നു വിളിക്കുന്നു.",ml:വനനശീകരണം,https://ml.wikipedia.org/wiki/വനനശീകരണം
Malayalam,ഭൂമിയിലെ കരഭാഗത്തിന്റെ 30 ശതമാനത്തോളം കാടുകളാണ്.,ml:വനനശീകരണം,https://ml.wikipedia.org/wiki/വനനശീകരണം
Malayalam,ഏറ്റവും കൂടുതൽ വനനശീകരണം നടക്കുന്നത് ഉഷ്ണമേഖലാ മഴക്കാടുകളിലാണ്.,ml:വനനശീകരണം,https://ml.wikipedia.org/wiki/വനനശീകരണം
Malayalam,"വനനശീകരണം എന്ന പദം കൊണ്ട് അർത്ഥമാക്കുന്നത് കാടില്ലാതാക്കലോ, മരങ്ങളെ മാറ്റി ഭൂമിയുടെ സ്വഭാവം മാറ്റി, കാടല്ലാത്തതാക്കാലോ ആണ്.",ml:വനനശീകരണം,https://ml.wikipedia.org/wiki/വനനശീകരണം
Malayalam,"തേങ്ങയുടെ ഉള്ളൻ തോടിൽ നിന്നും ലഭിക്കുന്ന നാരുകൾ ചകിരി എന്നറിയപ്പെടുന്നു, ഇംഗ്ലീഷ്: Chakiri (Coir fibers) ഇന്നു ലോകത്തിൽ ലഭ്യമായിട്ടുള്ള ഏറ്റവും കനം കൂടിയതും രോധശേഷികൂടിയതുമായ പ്രകൃതീദത്തമായ നാരുകൾ ചകിരിയാണ്.",ml:ചകിരി,https://ml.wikipedia.org/wiki/ചകിരി
Malayalam,45 ദിവസം കൂടുമ്പോൾ മൂപ്പെത്തുന്ന തേങ്ങയുടെ പുറം തോടിൽ ആണ് ചകിരിനാരുകൾ അടങ്ങിയിട്ടുള്ളത്.,ml:ചകിരി,https://ml.wikipedia.org/wiki/ചകിരി
Malayalam,1000 തേങ്ങയിൽ നിന്ന് 10 കിലോഗ്രാം കയർ ഉദ്പാദിപ്പിക്കാനാവും.,ml:ചകിരി,https://ml.wikipedia.org/wiki/ചകിരി
Malayalam,മൂപ്പെത്തിയ ചകിരി നാരിൽ ലിഗ്നിൻ എന്ന പ്രത്യേക പദാർത്ഥമാണ് അടങ്ങിയിരിക്കുന്നത്.,ml:ചകിരി,https://ml.wikipedia.org/wiki/ചകിരി
Malayalam,കടലിൽ ജീവിക്കുന്ന ഒരു തരം ജീവിയുടെ ആവാസസ്ഥാനമാണ് പുറ്റുകൾ.,ml:പവിഴം,https://ml.wikipedia.org/wiki/പവിഴം
Malayalam,Corallium ജനുസിൽ പെട്ട പവിഴപ്പുറ്റുകളിൽ നിന്നാണ് പവിഴം എന്ന രത്നം ലഭിക്കുന്നത്.,ml:പവിഴം,https://ml.wikipedia.org/wiki/പവിഴം
Malayalam,ഇതിനെ ആഭരണം ഉണ്ടാക്കാൻ ഉപയോഗിക്കുന്നു.,ml:പവിഴം,https://ml.wikipedia.org/wiki/പവിഴം
Malayalam,നവരത്നങ്ങളിൽ ഒന്നാണ് പവിഴം.,ml:പവിഴം,https://ml.wikipedia.org/wiki/പവിഴം
Malayalam,അഡ്വാൻസ്ഡ് പാക്കേജിംഗ് ടൂളിനുള്ള ഒരു ഫ്രണ്ട് എൻഡാണ് ആപ്റ്റിറ്റൂഡ് (ആംഗലേയം : aptitude).,ml:ആപ്റ്റിറ്റൂഡ്,https://ml.wikipedia.org/wiki/ആപ്റ്റിറ്റൂഡ്
Malayalam,ഇത് കമാന്റ് ലൈനിലാണ് പ്രവർത്തിക്കുന്നതെങ്കിലും ഗ്രാഫിക്കൽ സോഫ്റ്റ്വെയറിന്റെ ചില സവിശേഷതകൾ കാണിക്കും.,ml:ആപ്റ്റിറ്റൂഡ്,https://ml.wikipedia.org/wiki/ആപ്റ്റിറ്റൂഡ്
Malayalam,സോഫ്റ്റ്വെയറുകൾ തിരയാനും ഇൻസ്റ്റാൾ ചെയ്യാനും ഒഴിവാക്കാനും ആപ്റ്റിറ്റൂഡ് സഹായിക്കുന്നു.,ml:ആപ്റ്റിറ്റൂഡ്,https://ml.wikipedia.org/wiki/ആപ്റ്റിറ്റൂഡ്
Malayalam,ആപ്ടിനു വേണ്ടിയാണ് നിർമ്മിച്ചതെങ്കിലും ആർപിഎമ്മിനും ഇപ്പോൾ ലഭ്യമാണ്.,ml:ആപ്റ്റിറ്റൂഡ്,https://ml.wikipedia.org/wiki/ആപ്റ്റിറ്റൂഡ്
Malayalam,എം.ടി വാസുദേവൻ നായരുടെ പ്രസിദ്ധ നോവലാണ്‌ അസുരവിത്ത്‌ .1962-ലാണ് അസുരവിത്ത്‌ പുറത്തിറങ്ങിയത് .മതസൗഹാർദ്ധത്തിന്റെ ഊഷ്മള അനുഭവങ്ങൾ പങ്കുവയ്ക്കുന്ന നോവലാണ്‌ അസുരവിത്തെന്നും കുഞ്ഞരയ്ക്കാർ ആണ് അതിലെ പ്രധാന കഥാപാത്രമെന്നും എം.ടി അഭിപ്രായപ്പെടുന്നു.,ml:അസുരവിത്ത്‌ (നോവൽ),https://ml.wikipedia.org/wiki/അസുരവിത്ത്‌_(നോവൽ)
Malayalam,"കേരളത്തിലെ ഒരു സാങ്കൽപ്പിക മനോഹരമായ ഗ്രാമമായ കിഴക്കേമുറിയുടെ പശ്ചാത്തലത്തിൽ, നായർ തറവാടിന്റെ അഭിമാനിയായ ഗോവിന്ദൻകുട്ടി എന്ന നായകൻ സാമൂഹിക സാഹചര്യങ്ങൾക്കും സാമൂഹിക അനീതികൾക്കും സ്വന്തം ആന്തരിക ബോധത്തിനും ഇടയിൽ കുടുങ്ങിപ്പോയതിന്റെ ദയനീയാവസ്ഥ വിവരിക്കുന്നു.",ml:അസുരവിത്ത്‌ (നോവൽ),https://ml.wikipedia.org/wiki/അസുരവിത്ത്‌_(നോവൽ)
Malayalam,ലോകം നേരിടുന്ന കടുത്ത ഭീഷണികളുടെ രൂക്ഷത ഭരണാധികാരികളെയും നേതാക്കളെയും ബോധ്യപ്പെടുത്താനുള്ള ഒരു പ്രതീകാത്മക ഏർപ്പാടാണ്‌ അന്ത്യദിനഘടികാരം (Doomsday Clock).,ml:അന്ത്യദിനഘടികാരം,https://ml.wikipedia.org/wiki/അന്ത്യദിനഘടികാരം
Malayalam,1947-ൽ അമേരിക്കയിലെ ഷിക്കാഗോ സർവകലാശാലയിലാണ്‌ ഘടികാരം സ്ഥാപിച്ചത്‌.,ml:അന്ത്യദിനഘടികാരം,https://ml.wikipedia.org/wiki/അന്ത്യദിനഘടികാരം
Malayalam,അമേരിക്ക ആദ്യമായി അണുബോംബ് നിർമ്മിച്ച സംഘത്തിൽ പ്രവർത്തിച്ച ശാസ്‌ത്രജ്ഞർ 1945-ൽ തുടങ്ങിയ ബുള്ളറ്റിൻ ഓഫ്‌ ദ ആറ്റമിക്‌ സയന്റിസ്റ്റ്‌സ്‌ എന്ന പ്രസിദ്ധീകരണത്തിന്റെ നിർദ്ദേശകസമിതി അംഗങ്ങളാണ്‌ 1947-ൽ അന്ത്യദിനഘടികാരത്തിന്‌ രൂപം നൽകിയത്.,ml:അന്ത്യദിനഘടികാരം,https://ml.wikipedia.org/wiki/അന്ത്യദിനഘടികാരം
Malayalam,ഘടികാരത്തിന്റെ പുനക്രമീകരണം നടത്താൻ ചുമതലയുള്ള സംഘത്തിൽ ഇപ്പോൾ ലോകപ്രശസ്‌തരായ ഒട്ടേറെ ശാസ്‌ത്രജ്ഞർ ഉൾപ്പെടുന്നു.,ml:അന്ത്യദിനഘടികാരം,https://ml.wikipedia.org/wiki/അന്ത്യദിനഘടികാരം
Malayalam,രാജേഷിന്റെ രചനയിൽ ബോബൻ സാമുവൽ സംവിധാനം ചെയ്ത് 2013-ൽ പുറത്തിറങ്ങിയ മലയാളചലച്ചിത്രമാണ് റോമൻസ്.,ml:റോമൻസ്,https://ml.wikipedia.org/wiki/റോമൻസ്
Malayalam,"കുഞ്ചാക്കോ ബോബൻ, ബിജു മേനോൻ, നിവേദ തോമസ് എന്നിവരാണ് പ്രധാനവേഷങ്ങളിൽ അഭിനയിച്ചിരിക്കുന്നത്.",ml:റോമൻസ്,https://ml.wikipedia.org/wiki/റോമൻസ്
Malayalam,"ചാന്ദ് വി ക്രിയേഷൻസിന്റെ ബാനറിൽ അരുൺ ഘോഷ്, ബിജോയ് ചന്ദ്രൻ എന്നിവർ ചേർന്നാണ് ചിത്രം നിർമ്മിച്ചിരിക്കുന്നത്.നീൽ ജോർദാൻ സംവിധാനം ചെയ്ത 1989-ലെ അമേരിക്കൻ കോമഡി ചിത്രമായ വീ ആർ നോ ഏഞ്ചൽസിൽ നിന്ന് പ്രചോദനം ഉൾക്കൊണ്ടതാണ് ചിത്രത്തിൻ്റെ പ്രധാന ഇതിവൃത്തം.",ml:റോമൻസ്,https://ml.wikipedia.org/wiki/റോമൻസ്
Malayalam,സാമൂതിരി രാജവംശം കൃഷ്ണഗിരിയുടെ മുകളിൽ 1900 - ൽ ആരംഭിച്ച കോളേജാണ് സാമൂതിരി ഗുരുവായൂരപ്പൻ കോളേജ്.,ml:സാമൂതിരി ഗുരുവായൂരപ്പൻ കോളേജ്,https://ml.wikipedia.org/wiki/സാമൂതിരി_ഗുരുവായൂരപ്പൻ_കോളേജ്
Malayalam,കാലിക്കറ്റ് സർവ്വകലാശാലയുടെ കീഴിലുള്ളഈ കേളേജിൽ ബിരുദവും ബിരുദാനന്ത ബിരുദ പാഠ്യക്രമ വിഷയങ്ങൾ പഠിപ്പിക്കുന്നുണ്ടു്.,ml:സാമൂതിരി ഗുരുവായൂരപ്പൻ കോളേജ്,https://ml.wikipedia.org/wiki/സാമൂതിരി_ഗുരുവായൂരപ്പൻ_കോളേജ്
Malayalam,ചന്ദ്രഗുപ്തന്റെ രണ്ട് മുൻ‌ഗാമികളുടെ പട്ടം മഹാരാജൻ എന്നായിരുന്നു; എന്നാൽ ചന്ദ്രഗുപ്തൻ' തന്റെ ലിഖിതങ്ങളിൽ മഹാരാജാധിരാജൻ എന്ന് എഴുതിയിരിക്കുന്നു.,ml:ചന്ദ്രഗുപ്തൻ ഒന്നാമൻ,https://ml.wikipedia.org/wiki/ചന്ദ്രഗുപ്തൻ_ഒന്നാമൻ
Malayalam,ഇതിനാൽ ചന്ദ്രഗുപ്തനെ ആദ്യത്തെ ഗുപ്ത ചക്രവർത്തിയായി പരിഗണിക്കാം.,ml:ചന്ദ്രഗുപ്തൻ ഒന്നാമൻ,https://ml.wikipedia.org/wiki/ചന്ദ്രഗുപ്തൻ_ഒന്നാമൻ
Malayalam,"പുരാണങ്ങൾ അനുസരിച്ച് ഗുപ്തർ പ്രയാഗ്, സാകേത്, മഗധ തുടങ്ങിയ പ്രദേശങ്ങൾ (ജനപദങ്ങൾ) ഭരിച്ചു.",ml:ചന്ദ്രഗുപ്തൻ ഒന്നാമൻ,https://ml.wikipedia.org/wiki/ചന്ദ്രഗുപ്തൻ_ഒന്നാമൻ
Malayalam,ഗുപ്തരെക്കുറിച്ചുള്ള പുരാണ പരാമർശങ്ങൾ സമുദ്രഗുപ്തന്റെ ഭരണത്തിനു മുൻപുള്ളതാണ്.,ml:ചന്ദ്രഗുപ്തൻ ഒന്നാമൻ,https://ml.wikipedia.org/wiki/ചന്ദ്രഗുപ്തൻ_ഒന്നാമൻ
Malayalam,കണ്ണൂർ ജില്ലയിൽ ചിറക്കൽ കോവിലകത്തിന്റെ പരിധിയിൽ ഉൾപ്പെടുന്ന ചെറുതാഴം പ്രദേശത്തെ നമ്പൂതിരി ജന്മികുടുംബം.ഇവരുടെ കുടിയാന്മാരായിരുന്നു ഇവിടത്തെ കൃഷിക്കാർ മുഴുവനും.,ml:വാരണക്കോട്ടില്ലം,https://ml.wikipedia.org/wiki/വാരണക്കോട്ടില്ലം
Malayalam,1921 ലെ ഖിലാഫത്ത് പ്രസ്ഥാനവും മാപ്പിള ലഹളയും വാരണക്കോട്ടില്ലത്തെ ജന്മിമാരിലും വലിയ ആശങ്കകൾ ഉണ്ടാക്കിയിരുന്നു.കൃഷിക്കാരെ സഹായിക്കാനായി ഈ ഇല്ലക്കാർ മുങ്കൈയെടുത്ത് ചെറുതാഴത്ത് ഐക്യ നാണ്യ സംഘം രൂപീകരിച്ചു.,ml:വാരണക്കോട്ടില്ലം,https://ml.wikipedia.org/wiki/വാരണക്കോട്ടില്ലം
Malayalam,ശരീരത്തിൽ സ്ഥിതി ചെയ്യുന്ന ത്രിദോഷങ്ങളിൽ ഒന്നായ വാതം അതിന്റെ സമാവസ്ഥയിൽ നിന്നും വർധിക്കുമ്പോൾ ഉടലെടുക്കുന്ന രോഗാവസ്ഥയെയാണ് വാതരോഗം എന്ന് പറയുന്നത്.,ml:വാതരോഗം,https://ml.wikipedia.org/wiki/വാതരോഗം
Malayalam,"അസ്ഥികളേയും, ഞരമ്പുകളേയും ബാധിക്കുന്ന രോഗങ്ങളെയും സാമാന്യമായി വാതരോഗങ്ങൾ എന്നും പറയാറുണ്ട്.",ml:വാതരോഗം,https://ml.wikipedia.org/wiki/വാതരോഗം
Malayalam,"പലതരം വാതരോഗങ്ങളുണ്ടെങ്കിലും സന്ധിവാതം, ആമവാതം എന്നിവയാണ് പ്രധാനപ്പെട്ടവ.",ml:വാതരോഗം,https://ml.wikipedia.org/wiki/വാതരോഗം
Malayalam,ആദ്യമായി ദേവശില്പി എന്നു വിശേഷിപ്പിച്ചു കാണുന്ന ദേവനാണ് ത്വഷ്ടാവ്.,ml:ത്വഷ്ടാവ്,https://ml.wikipedia.org/wiki/ത്വഷ്ടാവ്
Malayalam,"വിശ്വകർമ്മ ശബ്ദവും, ത്വഷ്ടാ ശബ്ദവും പരസ്പരം പര്യായപദങ്ങളായി നമുക്കു വേദങ്ങളിൽ പോലും കാണാം.",ml:ത്വഷ്ടാവ്,https://ml.wikipedia.org/wiki/ത്വഷ്ടാവ്
Malayalam,"ജീവജാലങ്ങളെ സൃഷ്ടിക്കുന്നവൻ (ത്വഷതേഃ കരോതി കർമണാ) എന്നർത്ഥത്തിൽ പ്രജാപതി, ബ്രഹ്മാവ്, വിശ്വകർമ്മാവ് എന്നെല്ലാം അർത്ഥം വരും.",ml:ത്വഷ്ടാവ്,https://ml.wikipedia.org/wiki/ത്വഷ്ടാവ്
Malayalam,"""തക്ഷതി തനു കരോതി"" എന്ന ധാതു അനുസരിച്ച്, ചെത്തി ചെറുതാക്കുന്നവൻ, ശില്പി, പ്രളയകാലത്തു എല്ലാ പദാർത്ഥങ്ങളേയും തന്നിലേക്ക് ശോഷിപ്പിക്കുന്നവൻ, പരമാത്മാവ് എന്നൊക്കെ ത്വഷ്ട ശബ്ദത്തിനു അർത്ഥം വരും.",ml:ത്വഷ്ടാവ്,https://ml.wikipedia.org/wiki/ത്വഷ്ടാവ്
Malayalam,നിന്ന നില്പിൽ പറന്നുയരാനും എവിടെ വേണമെങ്കിലും വന്നിറങ്ങാനും മനുഷ്യനു കഴിയുമോ എന്ന ചിന്തയുടെ ഫലമാണ് റോട്ടർക്രാഫ്റ്റ് വർഗ്ഗത്തിൽപ്പെടുന്ന ഹെലികോപ്റ്റർ.,ml:ഹെലികോപ്റ്റർ,https://ml.wikipedia.org/wiki/ഹെലികോപ്റ്റർ
Malayalam,1486 ൽ ലിയനാർഡോ ഡാവിഞ്ചി ഹെലികോപ്റ്ററിൻറെ രൂപകല്പന നടത്തിയെങ്കിലും അത് യാഥാർത്ഥ്യമായില്ല.,ml:ഹെലികോപ്റ്റർ,https://ml.wikipedia.org/wiki/ഹെലികോപ്റ്റർ
Malayalam,പിന്നീട് പലരും ഹെലികോപ്റ്ററിനായുള്ള ഗവേഷണം നടത്തി.,ml:ഹെലികോപ്റ്റർ,https://ml.wikipedia.org/wiki/ഹെലികോപ്റ്റർ
Malayalam,ഇന്ന് നാം കാണുന്ന തരം ഹെലികോപ്റ്ററുകൾക്ക് ജന്മം കൊടുത്തത് റഷ്യക്കാരനായ ഇഗോർ സിഗോർസ്കിയാണ്.,ml:ഹെലികോപ്റ്റർ,https://ml.wikipedia.org/wiki/ഹെലികോപ്റ്റർ
Malayalam,മധ്യ ഓസ്‌ട്രേലിയയിലെ ആദിവാസി ഭൂമിയാണ് അരെന്റെ.,ml:അരെന്റെ (പ്രദേശം),https://ml.wikipedia.org/wiki/അരെന്റെ_(പ്രദേശം)
Malayalam,ആലീസ് സ്പ്രിംഗ്സിൽ നിന്നുള്ള സെൻട്രൽ ലാൻഡ് കൗൺസിലാണ് ഇത് നിയന്ത്രിക്കുന്നത്.,ml:അരെന്റെ (പ്രദേശം),https://ml.wikipedia.org/wiki/അരെന്റെ_(പ്രദേശം)
Malayalam,അരെന്റെ ഭാഷ ആലീസ് സ്പ്രിംഗ്സിന്റെ പരമ്പരാഗത ഭാഷയാണ്.,ml:അരെന്റെ (പ്രദേശം),https://ml.wikipedia.org/wiki/അരെന്റെ_(പ്രദേശം)
Malayalam,"അറെൻ‌ടെ ലാൻഡ് ക്ലെയിമുകൾ മുട്ടിറ്റ്ജുലു, കിംഗ്സ് മലയിടുക്ക് വരെയും കിഴക്ക് സിംപ്സൺ മരുഭൂമിയുടെ പടിഞ്ഞാറ് വരെയും പ്രവർത്തിക്കുന്നു.",ml:അരെന്റെ (പ്രദേശം),https://ml.wikipedia.org/wiki/അരെന്റെ_(പ്രദേശം)
Malayalam,കാലിഫോർണിയ ആസ്ഥാനമായുള്ള ഒരു അമേരിക്കൻ ബഹുരാഷ്ട്ര കമ്പനിയാണ് ഷെവ്രോൺ കോർപ്പറേഷൻ.,ml:ഷെവ്രോൺ കോർപ്പറേഷൻ,https://ml.wikipedia.org/wiki/ഷെവ്രോൺ_കോർപ്പറേഷൻ
Malayalam,ഊർജ്ജോത്പാദനവും എണ്ണഖനനവുമായി ബന്ധപ്പെട്ട മേഖലകളിലാണ് ഈ കമ്പനി പ്രധാനമായും വ്യാപരിച്ചിരിയ്ക്കുന്നത്.,ml:ഷെവ്രോൺ കോർപ്പറേഷൻ,https://ml.wikipedia.org/wiki/ഷെവ്രോൺ_കോർപ്പറേഷൻ
Malayalam,ബർമ മണ്ഡാലെ ഡിവിഷനിലെ ആവയ്ക്കും സഗയിംഗിനും ഇടയിലുള്ള 16-സ്പാൻ ഉള്ള ഒരു പാലമായിരുന്നു ആവാ പാലം (ബർമീസ്ഃ етитияния).,ml:ആവാ പാലം,https://ml.wikipedia.org/wiki/ആവാ_പാലം
Malayalam,1934 -ൽ ബ്രിട്ടീഷുകാരാണ് ഇത് നിർമ്മിച്ചത്.,ml:ആവാ പാലം,https://ml.wikipedia.org/wiki/ആവാ_പാലം
Malayalam,രണ്ടാം ലോകമഹായുദ്ധസമയത്ത് തിരികെപ്പോയ ബ്രിട്ടീഷ് സൈന്യം തകർത്ത ഈ പാലം 1954 -ൽ ബർമീസ് സ്വാതന്ത്ര്യത്തിന് ശേഷം പുനർനിർമ്മിച്ചു.,ml:ആവാ പാലം,https://ml.wikipedia.org/wiki/ആവാ_പാലം
Malayalam,ഇരുപത്തിയൊന്നാം നൂറ്റാണ്ടിന്റെ ആരംഭം വരെ ഇരാവാടി നദിക്ക് കുറുകെയുള്ള ഒരേയൊരു പാലമായിരുന്നു ഇത്.,ml:ആവാ പാലം,https://ml.wikipedia.org/wiki/ആവാ_പാലം
Malayalam,"""സമുദ്രങ്ങളും കടലുകളും സംരക്ഷിക്കുകയും സുസ്ഥിരമായി ഉപയോഗിക്കുകയും ചെയ്യുക"" എന്ന ലക്ഷ്യത്തോടെ 2015 ൽ ഐക്യരാഷ്ട്രസഭ സ്ഥാപിച്ച 17 സുസ്ഥിര വികസന ലക്ഷ്യങ്ങളിലൊന്നാണ് പതിനാലാം സുസ്ഥിര വികസന ലക്ഷ്യം.",ml:പതിനാലാം സുസ്ഥിര വികസന ലക്ഷ്യം,https://ml.wikipedia.org/wiki/പതിനാലാം_സുസ്ഥിര_വികസന_ലക്ഷ്യം
Malayalam,2030-ഓടെ ലക്ഷ്യത്തിന് പത്ത് ലക്ഷ്യങ്ങൾ കൈവരിക്കാനുണ്ട്.,ml:പതിനാലാം സുസ്ഥിര വികസന ലക്ഷ്യം,https://ml.wikipedia.org/wiki/പതിനാലാം_സുസ്ഥിര_വികസന_ലക്ഷ്യം
Malayalam,ഓരോ ലക്ഷ്യത്തിലേക്കുള്ള പുരോഗതി ഓരോ സൂചകവും ഉപയോഗിച്ച് അളക്കുന്നു.,ml:പതിനാലാം സുസ്ഥിര വികസന ലക്ഷ്യം,https://ml.wikipedia.org/wiki/പതിനാലാം_സുസ്ഥിര_വികസന_ലക്ഷ്യം
Malayalam,ഹെലൻ അല്ലിങ്ഹാം Helen Allingham RWS (née Paterson; 26 September 1848 – 28 September 1926) വിക്ടോറിയൻ കാലഘട്ടത്തിലെ ജലച്ചായ ചിത്രരചനകാരിയായിരുന്നു.,ml:ഹെലൻ അല്ലിങ്ഹാം,https://ml.wikipedia.org/wiki/ഹെലൻ_അല്ലിങ്ഹാം
Malayalam,"ഹിഡൺ റോസ് (മറഞ്ഞിരിക്കുന്ന റോസ് ), മൗണ്ടൻ റോസ്, എന്നെല്ലാം അറിയപ്പെടുന്ന ഒരു ആണ് ഗാർഹികവൽകൃത കൃഷിയിട ആപ്പിൾ ഇനം ആണ് എയർലി റെഡ് ഫ്ലെഷ്.",ml:എയർലി റെഡ് ഫ്ലെഷ്,https://ml.wikipedia.org/wiki/എയർലി_റെഡ്_ഫ്ലെഷ്
Malayalam,"പെനിലോപ് റൂത്ത് മോർട്ടിമർ (മുമ്പ്, ഫ്ലെച്ചർ, ജീവിതകാലം: 19 സെപ്റ്റംബർ 1918 – 19 ഒക്ടോബർ 1999) ഒരു വെയിൽസിൽ ജനിച്ച ഇംഗ്ലീഷ് പത്രപ്രവർത്തകയും ജീവചരിത്രകാരിയും നോവലിസ്റ്റുമായിരുന്നു.",ml:പെനിലോപ് റൂത്ത് മോർട്ടിമർ,https://ml.wikipedia.org/wiki/പെനിലോപ്_റൂത്ത്_മോർട്ടിമർ
Malayalam,1962 ൽ രചിച്ച ആത്മകഥാംശം അടങ്ങിയ നോവലായ “പംപ്കിൻ ഈറ്റർ” 1964 ൽ സിനിമാരൂപത്തിലിറങ്ങുകയും മോർട്ടിമറുടെ സ്വന്തം ജീവിതം ആസ്പദമാക്കിയുള്ള “ജോ ആർമിറ്റേജ്” എന്ന കഥാപാത്രമായി അഭിനയിച്ചതിന് അന്നെ ബാൻക്രോഫ്റ്റിനെ മികച്ച നടിയ്ക്കുള്ള അക്കാദമി അവാർഡിന് നാമനിർദ്ദേശം ചെയ്യപ്പെടുകയും ചെയ്തിരുന്നു.,ml:പെനിലോപ് റൂത്ത് മോർട്ടിമർ,https://ml.wikipedia.org/wiki/പെനിലോപ്_റൂത്ത്_മോർട്ടിമർ
Malayalam,ഏകകമാണ്‌ സീമൻസ്(Siemens).,ml:സീമൻസ്,https://ml.wikipedia.org/wiki/സീമൻസ്
Malayalam,S എന്ന ചിഹ്നമാണു് സീമൻസിനെ ചുരുക്കിയെഴുതാൻ ഉപയോഗിക്കുന്നതു്.,ml:സീമൻസ്,https://ml.wikipedia.org/wiki/സീമൻസ്
Malayalam,(സീമൻസ് എന്ന അതേ ഏകകത്തെ ചിലപ്പോൾ മോ (mho) എന്നുച്ചരിക്കുകയും പ്രതീകമായി ℧ എന്നു രേഖപ്പെടുത്തുകയും ചെയ്യാറുണ്ടു്.,ml:സീമൻസ്,https://ml.wikipedia.org/wiki/സീമൻസ്
Malayalam,ജർമൻ വ്യവസായിയും ശാസ്ത്രജ്ഞനുമായിരുന്ന വെർണർ വോൺ സീമൻസിന്റെ പേരിൽ നിന്നും ഉരുത്തിരിഞ്ഞതാണ്‌ ഈ നാമം.,ml:സീമൻസ്,https://ml.wikipedia.org/wiki/സീമൻസ്
Malayalam,ദക്ഷിണേന്ത്യയിലെ കുറുംബ ജനവിഭാഗം സംസാരിക്കുന്ന ഒരു ദ്രാവിഡ ഭാഷയാണ് കന്നഡ കുറുംബ എന്നും അറിയപ്പെടുന്ന കുറുംബ ഭാഷ.,ml:കുറുംബ ഭാഷകൾ,https://ml.wikipedia.org/wiki/കുറുംബ_ഭാഷകൾ
Malayalam,"തമിഴ്–കന്നഡ ഗണത്തിൽ പ്പെടുന്ന ഒരു ഭാഷയാണ് കുറുംബ ഇത് പലപ്പോഴും കന്നഡ ഭാഷയുടെ ഒരു വകഭേദമായി കരുതാറുണ്ട്; എങ്കിലും, എത്നോളോഗ് ഇതിനെ മറ്റൊരു ഭാഷയായാണ് കണക്കാക്കുന്നത്.",ml:കുറുംബ ഭാഷകൾ,https://ml.wikipedia.org/wiki/കുറുംബ_ഭാഷകൾ
Malayalam,വളരെയധികം പ്രചാരമുള്ള ഒരു വെബ്കോമിക്കാണ്‌ എക്സ്‌കെ‌സി‌ഡി (xkcd).,ml:എക്സ്‌കെ‌സി‌ഡി,https://ml.wikipedia.org/wiki/എക്സ്‌കെ‌സി‌ഡി
Malayalam,നാസയുടെ കോണ്ട്രാക്റ്ററായിരുന്ന റാൻഡാൾ മൺറോ ആണ്‌ ഇതിന്റെ രചയിതാവ്.,ml:എക്സ്‌കെ‌സി‌ഡി,https://ml.wikipedia.org/wiki/എക്സ്‌കെ‌സി‌ഡി
Malayalam,"ജീവിതം, പ്രണയം, ശാസ്ത്രസംബന്ധിയോ ഗണിതശാസ്ത്രസംബന്ധിയോ ആയ തമാശകൾ എന്നിവയെല്ലാമാണ്‌ ഇതിലെ കോമിക്കുകളിൽ സാധാരണ കാണപ്പെടാറുള്ള വിഷയങ്ങൾ.",ml:എക്സ്‌കെ‌സി‌ഡി,https://ml.wikipedia.org/wiki/എക്സ്‌കെ‌സി‌ഡി
Malayalam,നേർരേഖകൾ കൊണ്ട് വരയ്ക്കപ്പെടുന്ന മനുഷ്യരാണ്‌ (stick figures) ഇതിലെ കഥാപാത്രങ്ങൾ.,ml:എക്സ്‌കെ‌സി‌ഡി,https://ml.wikipedia.org/wiki/എക്സ്‌കെ‌സി‌ഡി
Malayalam,1978 ആഗസ്റ്റ് 23-നാണ് അർജന്റീന ലോകപൈതൃക കണ്വെൻഷൻ അംഗീകരിച്ചത്.,ml:അർജന്റീനയിലെ ലോകപൈതൃകകേന്ദ്രങ്ങൾ,https://ml.wikipedia.org/wiki/അർജന്റീനയിലെ_ലോകപൈതൃകകേന്ദ്രങ്ങൾ
Malayalam,"As of 2014, അർജന്റീനയിലെ 9 പ്രദേശങ്ങൾ ലോകപൈതൃക പട്ടികയിൽ ഉൾപെട്ടിട്ടുണ്ട്.",ml:അർജന്റീനയിലെ ലോകപൈതൃകകേന്ദ്രങ്ങൾ,https://ml.wikipedia.org/wiki/അർജന്റീനയിലെ_ലോകപൈതൃകകേന്ദ്രങ്ങൾ
Malayalam,"ഇതി 5എണ്ണം സാംസ്കാരിക പൈതൃക കേന്ദ്രങ്ങളും, 4 എണ്ണം പാരിസ്ഥിതിക കേന്ദ്രങ്ങളുമാണ്.",ml:അർജന്റീനയിലെ ലോകപൈതൃകകേന്ദ്രങ്ങൾ,https://ml.wikipedia.org/wiki/അർജന്റീനയിലെ_ലോകപൈതൃകകേന്ദ്രങ്ങൾ
Malayalam,കൂടാതെ 6 പ്രദേശങ്ങൾ ഇപ്പോസ് സാധ്യതാപട്ടികയിലും ഉണ്ട്.,ml:അർജന്റീനയിലെ ലോകപൈതൃകകേന്ദ്രങ്ങൾ,https://ml.wikipedia.org/wiki/അർജന്റീനയിലെ_ലോകപൈതൃകകേന്ദ്രങ്ങൾ
Malayalam,ഒരു ഇന്ത്യൻ ആയുർവേദ പരിശീലകനും ഗുരു രവിദാസ് ആയുർവേദ സർവകലാശാല വൈസ് ചാൻസലറുമാണ് ഓം പ്രകാശ് ഉപാധ്യായ.,ml:ഓം പ്രകാശ് ഉപാധ്യായ,https://ml.wikipedia.org/wiki/ഓം_പ്രകാശ്_ഉപാധ്യായ
Malayalam,വൈദ്യശാസ്ത്രരംഗത്തെ സമഗ്ര സംഭാവനകളെ മാനിച്ച് 2014-ൽ ഇന്ത്യാ ഗവൺമെന്റ് അദ്ദേഹത്തെ പത്മശ്രീ ബഹുമതി നൽകി ആദരിച്ചു.,ml:ഓം പ്രകാശ് ഉപാധ്യായ,https://ml.wikipedia.org/wiki/ഓം_പ്രകാശ്_ഉപാധ്യായ
Malayalam,സൈപ്രസിന്റെ തെക്കു പടിഞ്ഞാറൻ തീരത്തുള്ള പട്ടണമായ പാഫോസിൽ സ്ഥിതിചെയ്യുന്ന ഒരു കോട്ടയാണ് പാഫോസ് കാസിൽ.,ml:പാഫോസ് കാസിൽ,https://ml.wikipedia.org/wiki/പാഫോസ്_കാസിൽ
Malayalam,നഗര തുറമുഖത്തിന്റെ പടിഞ്ഞാറൻ അറ്റത്താണ് പാഫോസ് കാസിൽ സ്ഥിതി ചെയ്യുന്നത്.,ml:പാഫോസ് കാസിൽ,https://ml.wikipedia.org/wiki/പാഫോസ്_കാസിൽ
Malayalam,തുറമുഖത്തിന്റെ സംരക്ഷണത്തിനായി ആദ്യം നിർമ്മിച്ച ബൈസാന്റൈൻ കോട്ടയായിരുന്നു ഇത്.,ml:പാഫോസ് കാസിൽ,https://ml.wikipedia.org/wiki/പാഫോസ്_കാസിൽ
Malayalam,"ഇന്ന്, കോട്ടയുടെ പ്രവേശന കവാടത്തിന് മുകളിലുള്ള പ്രസക്തമായ ഒരു ലിഖിതമനുസരിച്ച്, 1592-ൽ ഓട്ടോമൻമാർ പുനഃസ്ഥാപിച്ച വെനീഷ്യൻ കൂട്ടിച്ചേർക്കലുകളുള്ള വെസ്റ്റേൺ ഫ്രാങ്കിഷ് ടവർ സന്ദർശകർക്ക് കാണാൻ കഴിയും.",ml:പാഫോസ് കാസിൽ,https://ml.wikipedia.org/wiki/പാഫോസ്_കാസിൽ
Malayalam,മലേഷ്യൻ വ്യവസായിയും മതവിശ്വാസിയുമാണ് ടാറ്റപാനന്ദം അനന്ത കൃഷ്ണൻ(Tamil: த.,ml:അനന്തകൃഷ്ണൻ,https://ml.wikipedia.org/wiki/അനന്തകൃഷ്ണൻ
Malayalam,ஆனந்தகிருஷ்ணன்) (ജനനം: 1 ഏപ്രിൽ 1938).,ml:അനന്തകൃഷ്ണൻ,https://ml.wikipedia.org/wiki/അനന്തകൃഷ്ണൻ
Malayalam,"ഫോർബ്സിൻറെ 2018 വാർഷിക പട്ടികയിൽ പറയുന്ന കണക്കുകളിൽ, മലേഷ്യയിലെ ഏറ്റവും സമ്പന്നരിൽ മൂന്നാമനും ലോകത്തിലെ ഏറ്റവും സമ്പന്നരിൽ 219 സ്ഥാനവും "" എ.കെ "" എന്ന വിളിപ്പേരുള്ള ഇദ്ദേഹം നേടി.",ml:അനന്തകൃഷ്ണൻ,https://ml.wikipedia.org/wiki/അനന്തകൃഷ്ണൻ
Malayalam,9-ആം നൂറ്റാണ്ടിനറ്റിത്ത് ജീവിച്ചിരുന്നതായി കരുതുന്ന മുരാരി എന്ന കവി രചിച്ച ഏഴങ്കങ്ങളുള്ള സംസ്കൃത നാടകത്തിന്റെ പേരാണ് അനർഘരാഘവം.,ml:അനർഘരാഘവം,https://ml.wikipedia.org/wiki/അനർഘരാഘവം
Malayalam,ഇദ്ദേഹത്തിന്റേതായി ഈ ഒരു നാടകകൃതി മാത്രമേ കണ്ടുകിട്ടിയിട്ടുള്ളു.,ml:അനർഘരാഘവം,https://ml.wikipedia.org/wiki/അനർഘരാഘവം
Malayalam,സംസ്കൃതനാടകശാസ്ത്രഗ്രന്ഥമായ ദശരൂപക (10-ആം നൂറ്റാണ്ടിൽ) അനർഘരാഘവത്തെക്കുറിച്ച് പരാമർശമുണ്ട്.,ml:അനർഘരാഘവം,https://ml.wikipedia.org/wiki/അനർഘരാഘവം
Malayalam,ഷമാഖി അസർബൈജാനിലെ ഷമാഖി റയോണിന്റെ തലസ്ഥാനമാണ്.,ml:ഷമാഖി,https://ml.wikipedia.org/wiki/ഷമാഖി
Malayalam,സമ്പന്നമായ ഒരു പാരമ്പര്യമുള്ള ഈ നഗരം അതിന്റെ ചരിത്രത്തിലെ രണ്ട് സഹസ്രാബ്ദങ്ങളിലുടനീളം പ്രധാന രാഷ്ട്രീയ സംഭവവികാസങ്ങൾക്ക് പശ്ചാത്തലം ഒരുക്കിയിട്ടുണ്ട്.,ml:ഷമാഖി,https://ml.wikipedia.org/wiki/ഷമാഖി
Malayalam,"2010 ലെ കണക്കുകൾ പ്രകാരമുള്ള ഈ നഗരത്തിലെ ആകെ ജനസംഖ്യ 31,704 ആയിരുന്നു.",ml:ഷമാഖി,https://ml.wikipedia.org/wiki/ഷമാഖി
Malayalam,ഷമാഖി നർത്തകികളുടെ പരമ്പരാഗത നൃത്തത്തിനു പേരുകേട്ട ഈ പട്ടണത്തിൽ ഉത്പാദിപ്പിക്കപ്പെടുന്ന സൌമാക് കംബളങ്ങൾ ഏറെ പ്രശസ്തമാണ്.,ml:ഷമാഖി,https://ml.wikipedia.org/wiki/ഷമാഖി
Malayalam,അരുൺ ഖോപ്കർ രചിച്ച മറാത്തി ഓർമ്മക്കുറിപ്പാണ്ചലത് ചിത്രവ്യൂഹ് (ഓർമ്മ).,ml:ചലത് ചിത്രവ്യൂഹ്,https://ml.wikipedia.org/wiki/ചലത്_ചിത്രവ്യൂഹ്
Malayalam,2015 ലെ കേന്ദ്ര സാഹിത്യ അക്കാദമി പുരസ്കാരം ഈ ഗ്രന്ഥത്തിനു ലഭിച്ചു.,ml:ചലത് ചിത്രവ്യൂഹ്,https://ml.wikipedia.org/wiki/ചലത്_ചിത്രവ്യൂഹ്
Malayalam,പീയൂഷഗ്രന്ഥിയുടെ മുൻദളം ഉത്പാദിപ്പിക്കുന്ന ഹോർമോണുകളിലൊന്നാണ് പ്രോലാക്ടിൻ.,ml:പ്രോലാക്ടിൻ,https://ml.wikipedia.org/wiki/പ്രോലാക്ടിൻ
Malayalam,മാമ്മോട്രോപ്പിൻ എന്നും ഇതറിയപ്പെടുന്നു.,ml:പ്രോലാക്ടിൻ,https://ml.wikipedia.org/wiki/പ്രോലാക്ടിൻ
Malayalam,ലാക്ടോട്രോപിൻ എന്നും അറിയപ്പെടുന്ന പ്രോലക്റ്റിൻ ( പിആർഎൽ ) ഒരു മാംസ്യമാണ്.,ml:പ്രോലാക്ടിൻ,https://ml.wikipedia.org/wiki/പ്രോലാക്ടിൻ
Malayalam,സസ്തനികൾക്ക് പാൽ ഉൽപ്പാദിപ്പിക്കാൻ പ്രാപ്തമാക്കുന്നതിനാണ് ഇതറിയപ്പെടൂന്നത്.,ml:പ്രോലാക്ടിൻ,https://ml.wikipedia.org/wiki/പ്രോലാക്ടിൻ
Malayalam,1915ൽ കൊല്ലം ജില്ലയിലെ പെരിനാടിൽ സവർണ്ണർക്കെതിരെ നടന്ന കലാപമാണു പെരിനാട് കലാപം.,ml:പെരിനാട് കലാപം,https://ml.wikipedia.org/wiki/പെരിനാട്_കലാപം
Malayalam,കല്ലുമാല സമരത്തിന്റെ ആരംഭം എന്ന നിലയിലാണു പെരിനാട് കലാപത്തെ കാണുന്നത്.,ml:പെരിനാട് കലാപം,https://ml.wikipedia.org/wiki/പെരിനാട്_കലാപം
Malayalam,തെക്കെ ഇന്ത്യയിലും ശ്രീലങ്കയിലും കാണുന്ന ഒരു ചെറിയ മരമാണ് തുട്ട.,ml:തുട്ട,https://ml.wikipedia.org/wiki/തുട്ട
Malayalam,(ശാസ്ത്രീയനാമം: Alphonsea sclerocarpa).,ml:തുട്ട,https://ml.wikipedia.org/wiki/തുട്ട
Malayalam,തടിയിൽ വലിയ തോതിൽ ആൽക്കലോയിഡുകൾ അടങ്ങിയിട്ടുണ്ട്.,ml:തുട്ട,https://ml.wikipedia.org/wiki/തുട്ട
Malayalam,തെക്കേ ഇന്ത്യയിലും ശ്രീലങ്കയിലും കാണുന്നു.,ml:തുട്ട,https://ml.wikipedia.org/wiki/തുട്ട
Malayalam,കേരളത്തിലെ മലപ്പുറത്തെ കുറ്റിപ്പുരത്തുള്ള ഒരു സ്വകാര്യ എഞ്ചിനീയറിംഗ് കോളേജാണ് എം.ഇ.എസ് കോളേജ് ഓഫ് എഞ്ചിനീയറിംഗ്.,"ml:എം.ഇ.എസ്. എൻജിനീയറിങ് കോളേജ്, കുറ്റിപ്പുറം","https://ml.wikipedia.org/wiki/എം.ഇ.എസ്._എൻജിനീയറിങ്_കോളേജ്,_കുറ്റിപ്പുറം"
Malayalam,കേരളത്തിൽ സ്വയം ധനകാര്യ മേഖലയ്ക്ക് കീഴിൽ സ്ഥാപിതമായ ആദ്യത്തെ എഞ്ചിനീയറിംഗ് കോളേജാണ് ഇത്.,"ml:എം.ഇ.എസ്. എൻജിനീയറിങ് കോളേജ്, കുറ്റിപ്പുറം","https://ml.wikipedia.org/wiki/എം.ഇ.എസ്._എൻജിനീയറിങ്_കോളേജ്,_കുറ്റിപ്പുറം"
Malayalam,ഭാരതപ്പുഴയോടൊപ്പം ഒരു മൈലിൽ കൂടുതൽ (1.6 കിലോമീറ്റർ) വ്യാപിച്ചുകിടക്കുന്ന നഗര കാമ്പസ്.,"ml:എം.ഇ.എസ്. എൻജിനീയറിങ് കോളേജ്, കുറ്റിപ്പുറം","https://ml.wikipedia.org/wiki/എം.ഇ.എസ്._എൻജിനീയറിങ്_കോളേജ്,_കുറ്റിപ്പുറം"
Malayalam,1994-ൽ ന്യൂനപക്ഷ പദവിയുള്ള ഒരു സ്ഥാപനമായാണ് ഇത് സ്ഥാപിതമായത്.,"ml:എം.ഇ.എസ്. എൻജിനീയറിങ് കോളേജ്, കുറ്റിപ്പുറം","https://ml.wikipedia.org/wiki/എം.ഇ.എസ്._എൻജിനീയറിങ്_കോളേജ്,_കുറ്റിപ്പുറം"
Malayalam,ഇന്ത്യൻ ഉപന്യാസകാരനും നോവലിസ്റ്റുമായ സൽമാൻ റഷ്ദി എഴുതിയ നോവലാണ് മിഡ്നൈറ്റ്'സ് ചിൽഡ്രൻ (Midnight's Children).,ml:മിഡ്നൈറ്റ്'സ് ചിൽഡ്രൻ,https://ml.wikipedia.org/wiki/മിഡ്നൈറ്റ്'സ്_ചിൽഡ്രൻ
Malayalam,1981ലാണ് ഈ നോവൽ പ്രസിദ്ധീകരിച്ചത്.,ml:മിഡ്നൈറ്റ്'സ് ചിൽഡ്രൻ,https://ml.wikipedia.org/wiki/മിഡ്നൈറ്റ്'സ്_ചിൽഡ്രൻ
Malayalam,ഈ നോവലിൽ ബ്രിട്ടീഷ് സാമ്രാജ്യം മുതൽ ഇന്ത്യയുടെ സ്വാതന്ത്ര്യം ഇന്ത്യയുടെ വിഭജനം വരെയുള്ള ഇന്ത്യയുടെ പരിവർത്തനം പ്രതിപാദിക്കുന്നുണ്ട്.,ml:മിഡ്നൈറ്റ്'സ് ചിൽഡ്രൻ,https://ml.wikipedia.org/wiki/മിഡ്നൈറ്റ്'സ്_ചിൽഡ്രൻ
Malayalam,ഈ നോവൽ മാജിക്കൽ റിയലിസത്തിന് ഉത്തമ ഉദാഹരണമാണ്.,ml:മിഡ്നൈറ്റ്'സ് ചിൽഡ്രൻ,https://ml.wikipedia.org/wiki/മിഡ്നൈറ്റ്'സ്_ചിൽഡ്രൻ
Malayalam,"ചിത്രകലാനിരൂപകനും, ജീവചരിത്രകാരനും, ഉപന്യാസകാരനും ആയിരുന്നു ജോസഫ് വെണ്ണിയൂർ എന്ന ഇ.എം.ജെ.",ml:ഇ.എം.ജെ. വെണ്ണിയൂർ,https://ml.wikipedia.org/wiki/ഇ.എം.ജെ._വെണ്ണിയൂർ
Malayalam,ഐനുൽ ഹൂദ് ( ഹീബ്രു: עֵין הוֹד‎ ) വടക്കൻ ഇസ്രായേലിലെ ഹൈഫ ജില്ലയിലെ ഒരു ഗ്രാമമാണ് .,ml:ഐനുൽ ഹൂദ്,https://ml.wikipedia.org/wiki/ഐനുൽ_ഹൂദ്
Malayalam,"കാർമൽ പർവതത്തിന്റെ താഴ്ഭാഗത്തും, ഹൈഫയുടെ തെക്കുകിഴക്കുമായി സ്ഥിതിചെയ്യുന്ന ഇത് ഹോഫ്ഹാക്കാർമെൽ റീജിയണൽ കൗൺസിലിന്റെ അധികാരപരിധിയിൽ വരുന്നതും, കമ്മ്യൂണിറ്റി സെറ്റിൽമെന്റിന്റെ പദവിയുള്ളതുമാണ്.",ml:ഐനുൽ ഹൂദ്,https://ml.wikipedia.org/wiki/ഐനുൽ_ഹൂദ്
Malayalam,[1] മെഡിറ്ററേനിയൻ കടലിൽ നിന്നുള്ള കാഴ്ചയിൽ ഒലിവ് തോട്ടങ്ങൾക്കിടയിൽ ഒരു കുന്നിൻമുകളിലാണ് ഈ ഗ്രാമം സ്ഥിതിചെയ്യുന്നത്.,ml:ഐനുൽ ഹൂദ്,https://ml.wikipedia.org/wiki/ഐനുൽ_ഹൂദ്
Malayalam,1948 ലെ അറബ്-ഇസ്രയേൽ യുദ്ധത്തിന് മുമ്പ് ഫലസ്തീൻ ഗ്രാമമായിരുന്നു ഐനുൽ ഹൂദ്.,ml:ഐനുൽ ഹൂദ്,https://ml.wikipedia.org/wiki/ഐനുൽ_ഹൂദ്
Malayalam,"ലോകത്തിലെ ഏറ്റവും സാന്ദ്രതയുള്ള നഗരവൽക്കരിക്കപ്പെട്ട പ്രദേശങ്ങളിൽ ഒന്നായ പേൾ റിവർ ഡെൽറ്റ മെട്രോപൊളിറ്റൻ റീജിയൺ (PRD, ചൈനീസ്: 珠江三角洲都會區; pinyin: Zhūjiāng sānjiǎozhōu), ഗ്രേറ്റർ ബേ ഏരിയ എന്നും അറിയപ്പെടുന്നു.",ml:പേൾ റിവർ ഡെൽറ്റ,https://ml.wikipedia.org/wiki/പേൾ_റിവർ_ഡെൽറ്റ
Malayalam,(ചൈനീസ്: 粤港澳大灣區) പേൾ നദി അഴിമുഖത്തിന് ചുറ്റുമുള്ള താഴ്ന്ന പ്രദേശമാണ് ഇത്.,ml:പേൾ റിവർ ഡെൽറ്റ,https://ml.wikipedia.org/wiki/പേൾ_റിവർ_ഡെൽറ്റ
Malayalam,അവിടെ നിന്ന് പേൾ നദി തെക്കൻ ചൈന കടലിലേക്ക് ഒഴുകുന്നു.,ml:പേൾ റിവർ ഡെൽറ്റ,https://ml.wikipedia.org/wiki/പേൾ_റിവർ_ഡെൽറ്റ
Malayalam,"19-ഉം 20-ാം നൂറ്റാണ്ടിനും ഇടയ്ക്ക്, പടിഞ്ഞാറൻ ലോകം ഉൾപ്പെടെ അമേരിക്ക, കാനഡ, ഓസ്ട്രേലിയ, ലാറ്റിൻ അമേരിക്ക, തെക്കുകിഴക്കൻ ഏഷ്യ തുടങ്ങി നിരവധി ചൈനീസ് കുടിയേറ്റങ്ങളും ഈ പ്രദേശത്തുണ്ട്.",ml:പേൾ റിവർ ഡെൽറ്റ,https://ml.wikipedia.org/wiki/പേൾ_റിവർ_ഡെൽറ്റ
Malayalam,ഇന്ത്യയിൽ പശ്ചിമഘട്ടത്തിൽ കാണപ്പെടുന്ന ഒരിനം തവളയാണ് കേരള ചിലപ്പൻ അഥവാ Kerala Warty Frog (Verrucose Frog).,ml:കേരള ചിലപ്പൻ,https://ml.wikipedia.org/wiki/കേരള_ചിലപ്പൻ
Malayalam,വെരുക്കോസ് തവള എന്നും അറിയപ്പെടുന്നു.,ml:കേരള ചിലപ്പൻ,https://ml.wikipedia.org/wiki/കേരള_ചിലപ്പൻ
Malayalam,(ശാസ്ത്രീയനാമം: Zakerana keralensis).,ml:കേരള ചിലപ്പൻ,https://ml.wikipedia.org/wiki/കേരള_ചിലപ്പൻ
Malayalam,കരയിലും ശുദ്ധജലത്തിലും ഇവ വസിക്കുന്നു.,ml:കേരള ചിലപ്പൻ,https://ml.wikipedia.org/wiki/കേരള_ചിലപ്പൻ
Malayalam,മദർ പേത്ര യാൽ 1969ൽ കണ്ണൂർ പട്ടുവത്ത് സ്ഥപിതമായ കന്യാസ്ത്രി മഠം.,ml:ദീനസേവനസഭ,https://ml.wikipedia.org/wiki/ദീനസേവനസഭ
Malayalam,ഇന്ന് 93 ശാഖകളും 650 ദീനദാസികളും അടങ്ങുന്ന സഭ നിന്ദിതരുടെയും പീഡിതരുടെയും ഉന്നമനത്തിനായി പ്രവർത്തിക്കുന്നു.,ml:ദീനസേവനസഭ,https://ml.wikipedia.org/wiki/ദീനസേവനസഭ
Malayalam,"പ്രത്യേകിച്ച് ക്ഷയം കുഷ്ഠം, എയ്ഡ്സ്, പോലുള്ള മാരകരോഗങ്ങൾ ബാധിച്ചവരുടെ ഇടയിൽ സ്തുത്യർഹമായ പ്രവർത്തനം നടത്തുന്നു.",ml:ദീനസേവനസഭ,https://ml.wikipedia.org/wiki/ദീനസേവനസഭ
Malayalam,കേരളത്തിലെ മലപ്പുറം ജില്ലയിലെ തിരൂർ താലൂക്കിൽ പുറത്തൂർ പഞ്ചായത്തിൽ പുതുപ്പള്ളി എന്ന പ്രദേശത്ത് സ്ഥിതിചെയ്യുന്ന ഒരു എയ്ഡഡ് വിദ്യാലയമാണ് ശാസ്താ എ.എൽ.പി.എസ്.,ml:ശാസ്താ എ.എൽ.പി.എസ്. പുതുപ്പള്ളി,https://ml.wikipedia.org/wiki/ശാസ്താ_എ.എൽ.പി.എസ്._പുതുപ്പള്ളി
Malayalam,കേരളസംസ്ഥാന പൊതുവിദ്യാഭ്യാസവകുപ്പിന്റെ കീഴിലുള്ള സ്ഥാപനമാണ് ഇത്.,ml:ശാസ്താ എ.എൽ.പി.എസ്. പുതുപ്പള്ളി,https://ml.wikipedia.org/wiki/ശാസ്താ_എ.എൽ.പി.എസ്._പുതുപ്പള്ളി
Malayalam,തവനൂർ നിയമസഭാ മണ്ഡലത്തിലും പൊന്നാനി ലോകസഭ മണ്ഡലത്തിലുമായാണ് ഈ സ്കൂൾ സ്ഥിതി ചെയ്യുന്നത്.,ml:ശാസ്താ എ.എൽ.പി.എസ്. പുതുപ്പള്ളി,https://ml.wikipedia.org/wiki/ശാസ്താ_എ.എൽ.പി.എസ്._പുതുപ്പള്ളി
Malayalam,മലപ്പുറം ജില്ലാ ആസ്ഥാനത്തു നിന്നും 25 കിലോമീറ്റർ ദൂരത്താണ് ഈ സ്കൂൾ സ്ഥിതി ചെയ്യുന്നത്.,ml:ശാസ്താ എ.എൽ.പി.എസ്. പുതുപ്പള്ളി,https://ml.wikipedia.org/wiki/ശാസ്താ_എ.എൽ.പി.എസ്._പുതുപ്പള്ളി
Malayalam,"പശ്ചിമഘട്ടത്തിന്റെ ഭാഗമായി, കേരളത്തിന്റെ വയനാട് ജില്ലയുടെ അതിർത്തിയിലും കർണാടകയിലുമായി സ്ഥിതി ചെയ്യുന്ന മലനിരകളാണ് ബ്രഹ്മഗിരി മലനിരകൾ.",ml:ബ്രഹ്മഗിരി മലനിരകൾ,https://ml.wikipedia.org/wiki/ബ്രഹ്മഗിരി_മലനിരകൾ
Malayalam,പരമാവധി 1608 മീറ്റർ ഉയരമുള്ള ബ്രഹ്മഗിരി മലനിരകൾ കേരളത്തിലെ ഒരു പ്രധാന വിനോദ സഞ്ചാര ആകർഷണ കേന്ദ്രമാണ്.,ml:ബ്രഹ്മഗിരി മലനിരകൾ,https://ml.wikipedia.org/wiki/ബ്രഹ്മഗിരി_മലനിരകൾ
Malayalam,നിബിഢവനങ്ങളുള്ള ഈ മലനിരകളിൽ ധാരാളം വന്യമൃഗങ്ങളും ഉണ്ട്.,ml:ബ്രഹ്മഗിരി മലനിരകൾ,https://ml.wikipedia.org/wiki/ബ്രഹ്മഗിരി_മലനിരകൾ
Malayalam,"കേരളത്തിലെ, കോഴിക്കോട് ചെറൂട്ടി റോഡിൽ നിന്നും പ്രസിദ്ധീകരിച്ചിരുന്ന സിമിയുടെ മുഖപത്രമായിരുന്ന ദ്വൈവാരികയാണ്‌ വിവേകം.",ml:വിവേകം (ദ്വൈവാരിക),https://ml.wikipedia.org/wiki/വിവേകം_(ദ്വൈവാരിക)
Malayalam,2001-ൽ ഇന്ത്യാ ഗവണ്മെന്റ് സിമിയെ നിരോധിച്ചപ്പോൾ വിവേകത്തിന്റെ പ്രസിദ്ധീകരണവും നിലച്ചു.,ml:വിവേകം (ദ്വൈവാരിക),https://ml.wikipedia.org/wiki/വിവേകം_(ദ്വൈവാരിക)
Malayalam,"കേരളത്തിലെ കൊല്ലം ജില്ലയിലെ പുനലൂർ -ചെങ്കോട്ട ( തമിഴ്നാട് ) റൂട്ടിൽ തെന്മല ഗ്രാമപഞ്ചായത്തിലെ ഒറ്റക്കൽ എന്ന പ്രദേശത്തു കല്ലടയാറിനു കുറുകെ നിർമിച്ച തടയണയാണ് ഒറ്റക്കൽ തടയണ .കല്ലട ജലസേചനപദ്ധതി , , യുടെ ഭാഗമായി ആണ് ഈ തടയണ നിർമ്മിച്ചത്.",ml:ഒറ്റക്കൽ തടയണ,https://ml.wikipedia.org/wiki/ഒറ്റക്കൽ_തടയണ
Malayalam,കല്ലട ഇറിഗേഷൻ ആന്റ് ട്രീ ക്രോപ് ഡെവലപ്പ്മെന്റ് പ്രൊജക്റ്റിന്റെ കീഴിലാണ് നിർമ്മാണം നടത്തിയത്.,ml:ഒറ്റക്കൽ തടയണ,https://ml.wikipedia.org/wiki/ഒറ്റക്കൽ_തടയണ
Malayalam,പഞ്ചാബ് സംസ്ഥാനത്തെ ലുധിയാന ജില്ലയിലെ ഒരു വില്ലേജാണ് ബൈനി സാലു.,ml:ബൈനി സാലു,https://ml.wikipedia.org/wiki/ബൈനി_സാലു
Malayalam,ബൈനി സാലു വില്ലേജിന്റെ പരമാധികാരി സർപഞ്ചാണ്.,ml:ബൈനി സാലു,https://ml.wikipedia.org/wiki/ബൈനി_സാലു
Malayalam,ജനങ്ങൾ തെരഞ്ഞെടുക്കുന്ന പ്രതിനിധിയാണ് സർപഞ്ച്.,ml:ബൈനി സാലു,https://ml.wikipedia.org/wiki/ബൈനി_സാലു
Malayalam,ഒരു ഇന്ത്യൻ യൂറോളജിസ്റ്റും ഇന്ത്യയിലെ പുരുഷ വന്ധ്യതാ ചികിത്സയുടെ തുടക്കക്കാരിൽ ഒരാളുമാണ് അർജുനൻ രാജശേഖരൻ (ജനനം: 1935).,ml:അർജുനൻ രാജശേഖരൻ,https://ml.wikipedia.org/wiki/അർജുനൻ_രാജശേഖരൻ
Malayalam,മദ്രാസ് മെഡിക്കൽ കോളേജിലെ മുൻ പ്രൊഫസറും യൂറോളജി വിഭാഗം മേധാവിയുമാണ് അദ്ദേഹം.,ml:അർജുനൻ രാജശേഖരൻ,https://ml.wikipedia.org/wiki/അർജുനൻ_രാജശേഖരൻ
Malayalam,"മദ്രാസ് ആൻഡ്രോളജി ആൻഡ് അസിസ്റ്റഡ് റീപ്രൊഡക്ഷൻ റിസർച്ച് സെന്റർ, ചെന്നൈ ആസ്ഥാനമായുള്ള പുരുഷ വന്ധ്യതാ ക്ലിനിക്കിന്റെ സ്ഥാപകൻ, മെഡിക്കൽ വിഭാഗത്തിൽ ലഭിക്കുന്ന ഏറ്റവും ഉയർന്ന ഇന്ത്യൻ പുരസ്കാരമായ ഡോ.",ml:അർജുനൻ രാജശേഖരൻ,https://ml.wikipedia.org/wiki/അർജുനൻ_രാജശേഖരൻ
Malayalam,റോയ് പുരസ്കാരം നേടിയിട്ടുണ്ട്.ഇന്ത്യയിലെ മെഡിക്കൽ മേഖലയിലെ ഏറ്റവും ഉയർന്ന അക്കാദമിക് സ്ഥാനമായ നാഷണൽ ബോർഡ് ഓഫ് എക്സാമിനേഷന്റെ പ്രസിഡന്റായി അദ്ദേഹം നേതൃത്വം നൽകുന്നു.,ml:അർജുനൻ രാജശേഖരൻ,https://ml.wikipedia.org/wiki/അർജുനൻ_രാജശേഖരൻ
Malayalam,ദൃശ്യപ്രകാശത്തിലെ മനുഷ്യനേത്രങ്ങൾക്ക് സംവേദനം ചെയ്യാൻ കഴിയുന്ന ഊർജ്ജമാണ് പ്രകാശമിതിയിലെ പ്രകാശോർജ്ജം (ഇംഗ്ലീഷിൽ: luminous energy).,ml:പ്രകാശോർജ്ജം,https://ml.wikipedia.org/wiki/പ്രകാശോർജ്ജം
Malayalam,പ്രകാശോർജ്ജം പ്രസരണോർജ്ജത്തിൽനിന്നും വ്യത്യസ്തപെട്ടിരിക്കുന്നു.,ml:പ്രകാശോർജ്ജം,https://ml.wikipedia.org/wiki/പ്രകാശോർജ്ജം
Malayalam,പ്രകാശോർജ്ജത്തിന് സമാനമായ പ്രസരണമിതിയിലെ ഒരു അളവാണ് പ്രസരണോർജ്ജം.,ml:പ്രകാശോർജ്ജം,https://ml.wikipedia.org/wiki/പ്രകാശോർജ്ജം
Malayalam,വിദ്യുത്കാന്തിക വർണ്ണരാജി|വിദ്യുത്കാന്തിക വർണ്ണരാജിയിലെ]] എല്ലാ തരംഗങ്ങളും മനുഷ്യനേത്രങ്ങൾക്ക് ദൃഷ്ടിഗോചരമല്ലാത്തതാണ് പ്രസരണോർജ്ജം എന്ന അളവിന് നിദാനം.,ml:പ്രകാശോർജ്ജം,https://ml.wikipedia.org/wiki/പ്രകാശോർജ്ജം
Malayalam,ശാരീരികമായ ഒരു അനുഭവമാണ് വേദന (ഇംഗ്ലീഷ്: Pain).,ml:വേദന,https://ml.wikipedia.org/wiki/വേദന
Malayalam,വേദന സം‌വേദിക്കുന്ന ഞരമ്പുകളാണ് ശരീരത്തിന്റെ ഒരോ ഭാഗങ്ങളിൽ നിന്നും വേദനയുടെ തരംഗങ്ങളെ തലച്ചോറിലെത്തിച്ച് വേദനയുണ്ട് എന്ന് നമ്മെ അറിയിക്കുന്നത്.,ml:വേദന,https://ml.wikipedia.org/wiki/വേദന
Malayalam,ശരീരത്തിന്റെ പ്രതിരോധ സം‌വിധാനങ്ങളൊലൊന്നാണ് വേദന.,ml:വേദന,https://ml.wikipedia.org/wiki/വേദന
Malayalam,മിക്ക വികസിത രാജ്യങ്ങളിലും ഒരു വ്യക്തി ഏതെങ്കിലും ശാരീരിക പ്രശ്നത്തിൽ ചികിൽസ തേടാനുള്ള ഏറ്റവും സാധാരണ കാരണം വേദനയാണ്.,ml:വേദന,https://ml.wikipedia.org/wiki/വേദന
Malayalam,കാഴ്ച ഇല്ലാത്ത അവസ്ഥയാണ് അന്ധത.,ml:അന്ധത,https://ml.wikipedia.org/wiki/അന്ധത
Malayalam,"അന്ധത പ്രധാനമായും രണ്ടുതരത്തിലുണ്ട്: ജന്മസിദ്ധ വൈകല്യങ്ങൾ ഉളവാക്കുന്ന അന്ധതയും, ജനനാന്തരം ഉണ്ടാകുന്ന അന്ധതയും.",ml:അന്ധത,https://ml.wikipedia.org/wiki/അന്ധത
Malayalam,"ഗ്ലോക്കോമ, തിമിരം, ദൃഷ്ടിപടലത്തിനുണ്ടാകുന്ന (റെറ്റിന) രോഗങ്ങൾ എന്നിവയാണ് അന്ധതയുടെ പ്രധാനകാരണങ്ങൾ.",ml:അന്ധത,https://ml.wikipedia.org/wiki/അന്ധത
Malayalam,അന്ധതയെ നിർവ്വചിക്കാനും കാഴ്ച്ചനഷ്ടത്തെ വിവരിക്കാനുമായി വിവിധ അളവുകോലുകൾ തയ്യാറാക്കപ്പെട്ടിട്ടുണ്ട്.,ml:അന്ധത,https://ml.wikipedia.org/wiki/അന്ധത
Malayalam,2019 ഓഗസ്റ്റ് 2-ന് പ്രദർശനത്തിനെത്തിയ ഒരു മലയാള ഭാഷ കോമഡി ത്രില്ലർ ചലച്ചിത്രമാണ് ഫാൻസി ഡ്രസ്സ് (English: Fancy Dress).,ml:ഫാൻസി ഡ്രസ്സ്,https://ml.wikipedia.org/wiki/ഫാൻസി_ഡ്രസ്സ്
Malayalam,രഞ്ചിത്ത് സ്കറിയ സംവിധാനം ചെയ്ത് ഈ ചിത്രം ഗിന്നസ് പക്രുവാണ് നിർമ്മിച്ചത്.,ml:ഫാൻസി ഡ്രസ്സ്,https://ml.wikipedia.org/wiki/ഫാൻസി_ഡ്രസ്സ്
Malayalam,വളരെ വ്യത്യസ്തമായ ലുക്കിൽ ഗിന്നസ് പക്രു പ്രത്യക്ഷപ്പെട്ട ഈ ചിത്രത്തിൽ നായകനും അദ്ദേഹം തന്നെയാണ്.,ml:ഫാൻസി ഡ്രസ്സ്,https://ml.wikipedia.org/wiki/ഫാൻസി_ഡ്രസ്സ്
Malayalam,ഇളയരാജ എന്ന ചിത്രത്തിന് ശേഷം ഗിന്നസ് പക്രു നായകനായി അഭിനയിച്ച ചിത്രമാണിത്.,ml:ഫാൻസി ഡ്രസ്സ്,https://ml.wikipedia.org/wiki/ഫാൻസി_ഡ്രസ്സ്
Malayalam,"ഇന്നത്തെ ചെക് റിപബ്ലിക്കിൻറെ വടക്കു പടിഞ്ഞാറൻ മേഖലയിലെ ഒരു കൊച്ചു ജനപദമാണ് ബൊഹീമിയ ( boh-HEE-mee-ə) ഇംഗ്ലിഷ് : Bohemia, പേരിൽ പൊതുവേയും സെഷി (ചെക്ക്: Čechy ) എന്ന് ചെക്ഭാഷയിലും അറിയപ്പെടുന്നത്.",ml:ബൊഹീമീയ,https://ml.wikipedia.org/wiki/ബൊഹീമീയ
Malayalam,ബോയി എന്ന ഗോത്രവർഗക്കാരുടെ ജനപദമായാണ് തുടക്കമെന്നും പിന്നീടവിടെ ചെക്കു വംശജർ കുടിയേറിയെന്നും നൂറ്റാണ്ടുകളിലൂടെ ജനപദം വികസിച്ച് വിപുലമായെന്നും ചരിത്രകാരന്മാർ രേഖപ്പെടുത്തുന്നു.,ml:ബൊഹീമീയ,https://ml.wikipedia.org/wiki/ബൊഹീമീയ
Malayalam,ആംഗല നാമംblack-tailed godwit എന്നും ശാസ്ത്രീയ നാമം Limosa limosa എന്നുമുള്ള പട്ടവാലൻ ഗോഡ്വിറ്റ് വലിയ പക്ഷിയാണ്.നീലമുള്ള കൊക്കുണ്ട്.,ml:പട്ടവാലൻ സ്നാപ്പ്,https://ml.wikipedia.org/wiki/പട്ടവാലൻ_സ്നാപ്പ്
Malayalam,1758ൽ Carolus Linnaeus ആണ് ഈ പക്ഷിയെ ആദ്യമായി വിവരിച്ചത്.,ml:പട്ടവാലൻ സ്നാപ്പ്,https://ml.wikipedia.org/wiki/പട്ടവാലൻ_സ്നാപ്പ്
Malayalam,ജലാശയങ്ങളുടെ ഉപരിതലത്തിന് മുകളിൽ ദൃശ്യമാകുന്ന യോകായിയുടെ കൂട്ടായ പേരാണ് അയകാഷി (ア ヤ カ).,ml:അയകാഷി (യോകായ്),https://ml.wikipedia.org/wiki/അയകാഷി_(യോകായ്)
Malayalam,"നാഗസാക്കി പ്രിഫെക്ചറിൽ, ജലത്തിന് മുകളിൽ ദൃശ്യമാകുന്ന അന്തരീക്ഷ പ്രേത വിളക്കുകളെ അയകാഷി എന്നും യമഗുച്ചി പ്രിഫെക്ചർ, സാഗ പ്രിഫെക്ചർ എന്നിവിടങ്ങളിൽ ഫ്യൂണയേരി എന്നും ഇതിനെ വിളിക്കുന്നു.",ml:അയകാഷി (യോകായ്),https://ml.wikipedia.org/wiki/അയകാഷി_(യോകായ്)
Malayalam,"പടിഞ്ഞാറൻ ജപ്പാനിൽ, കടലിൽ വച്ച് മരണമടഞ്ഞവരുടെ പ്രതികാര ത്വരയുള്ള ആത്മാക്കളാണ് അയകാഷി എന്നും അവരോടൊപ്പം ചേരാൻ കൂടുതൽ ആളുകളെ പിടികൂടാൻ ശ്രമിക്കുന്നുവെന്നും പറയപ്പെടുന്നു.സുഷിമ ദ്വീപിൽ, അവയെ ""അയകാഷിയുടെ അന്തരീക്ഷ പ്രേത വിളക്കുകൾ"" (അയകാഷി നോ കൈക) ""എന്നും വിളിക്കുന്നു.",ml:അയകാഷി (യോകായ്),https://ml.wikipedia.org/wiki/അയകാഷി_(യോകായ്)
Malayalam,വൈകുന്നേരം ബീച്ചുകളിൽ പ്രത്യക്ഷപ്പെടുന്ന ഇത് ഒരു കുട്ടി തീയുടെ നടുവിൽ നടക്കുന്നതുപോലെ കാണപ്പെടുന്നു.,ml:അയകാഷി (യോകായ്),https://ml.wikipedia.org/wiki/അയകാഷി_(യോകായ്)
Malayalam,ഇന്ത്യയിലൂടെയും നേപ്പാളിലൂടെയും ഒഴുകുന്ന ഒരു നദിയാണ് ഗണ്ഡകി.,ml:ഗന്തക് നദി,https://ml.wikipedia.org/wiki/ഗന്തക്_നദി
Malayalam,"നേപ്പാളിൽ ഇത് ഗണ്ഡകി, കാലീ ഗണ്ഡകി, നാരായണി (ത്രിശൂലിയുമായി ചേർന്ന ശേഷം) എന്നീ പേരുകളിൽ അറിയപ്പെടുന്നു.",ml:ഗന്തക് നദി,https://ml.wikipedia.org/wiki/ഗന്തക്_നദി
Malayalam,ഗംഗാ നദിയുടെ ഒരു പോഷകനദിയാണിത്.,ml:ഗന്തക് നദി,https://ml.wikipedia.org/wiki/ഗന്തക്_നദി
Malayalam,നേപ്പാളിലെ മസ്റ്റാങ് ജില്ലയിലെ ടിബറ്റൻ സമതലത്തിലാണ് കലി ഗന്തകിയുടെ ഉദ്ഭവം.,ml:ഗന്തക് നദി,https://ml.wikipedia.org/wiki/ഗന്തക്_നദി
Malayalam,പ്രമുഖനായ ഒരു രാഷ്ട്രീയ ചിന്തകനും എഴുത്തുകാരനുമാണ് ബെനഡിക്റ്റ് ആൻഡേഴ്സൺ.,ml:ബെനഡിക്റ്റ് ആൻഡേഴ്സൺ,https://ml.wikipedia.org/wiki/ബെനഡിക്റ്റ്_ആൻഡേഴ്സൺ
Malayalam,1983ൽ പ്രസിദ്ധീകരിച്ച ഇമാജിൻഡ് കമ്മ്യൂണിറ്റീസ് അദ്ദേഹത്തിന്റെ പ്രശസ്തകൃതിയാണ്.,ml:ബെനഡിക്റ്റ് ആൻഡേഴ്സൺ,https://ml.wikipedia.org/wiki/ബെനഡിക്റ്റ്_ആൻഡേഴ്സൺ
Malayalam,ഒരു ഇംഗ്ലീഷ് മോഡലും അഭിനേത്രിയും ബിസിനസ് വനിതയുമാണ് ലിലി ലൗഹന കോൾ (ജനനം 27 ഡിസംബർ 1987).,ml:ലിലി കോൾ,https://ml.wikipedia.org/wiki/ലിലി_കോൾ
Malayalam,വളരെ ചെറുപ്പത്തിൽത്തന്നെ കോൾ ഔദ്യോഗികമായി മോഡലിംഗ് തെരഞ്ഞെടുത്തിരുന്നു.,ml:ലിലി കോൾ,https://ml.wikipedia.org/wiki/ലിലി_കോൾ
Malayalam,2009 ൽ വോഗ് പാരീസ് തെരഞ്ഞെടുത്ത 2000 മുതലുള്ള ഏറ്റവും നല്ല 30 മോഡലുകളുടെ കൂട്ടത്തിൽ ഒരാളായിരുന്നു ലിലി കോൾ.,ml:ലിലി കോൾ,https://ml.wikipedia.org/wiki/ലിലി_കോൾ
Malayalam,16 വയസ്സുള്ളപ്പോൾത്തന്നെ കോൾനെ ആദ്യമായി ഫാഷൻ മാഗസിനായ ബ്രിട്ടീഷ് വോഗിന്റെ കവർ പേജിലേയ്ക്ക് തിരഞ്ഞെടുക്കപ്പെട്ടിരുന്നു.,ml:ലിലി കോൾ,https://ml.wikipedia.org/wiki/ലിലി_കോൾ
Malayalam,ദക്ഷിണേന്ത്യൻ സംസ്ഥാനമായ തമിഴ്‌നാട്ടിലെ ട്രിച്ചിയുടെ പ്രാന്തപ്രദേശത്തുള്ള മണ്ടുറൈ എന്ന ഗ്രാമത്തിൽ സ്ഥിതി ചെയ്യുന്ന ഹിന്ദു ദൈവമായ ശിവന് സമർപ്പിച്ചിരിക്കുന്ന ഒരു ക്ഷേത്രമാണ് മാന്തുറൈ അമരവനേശ്വരർ ക്ഷേത്രം.,ml:മാന്തുറൈ ആംരവനേശ്വരർ ക്ഷേത്രം,https://ml.wikipedia.org/wiki/മാന്തുറൈ_ആംരവനേശ്വരർ_ക്ഷേത്രം
Malayalam,"7-8 നൂറ്റാണ്ടുകളിൽ ഏറ്റവും ആദരണീയരായ നായനാർ (ശൈവ സന്യാസിമാർ), അപ്പർ, തിരുജ്ഞാന സംബന്ധർ എന്നിവർ തങ്ങളുടെ വാക്യങ്ങളാൽ ക്ഷേത്രത്തെ മഹത്വപ്പെടുത്തിയ 275 പാടർപെട്ര സ്ഥലങ്ങളിൽ ഒന്നാണിത്.",ml:മാന്തുറൈ ആംരവനേശ്വരർ ക്ഷേത്രം,https://ml.wikipedia.org/wiki/മാന്തുറൈ_ആംരവനേശ്വരർ_ക്ഷേത്രം
Malayalam,പതിനൊന്നാം നൂറ്റാണ്ടിൽ ചോള രാജാക്കന്മാർ ഈ ക്ഷേത്രം വിപുലമായി വിപുലീകരിച്ചു.,ml:മാന്തുറൈ ആംരവനേശ്വരർ ക്ഷേത്രം,https://ml.wikipedia.org/wiki/മാന്തുറൈ_ആംരവനേശ്വരർ_ക്ഷേത്രം
Malayalam,ക്ഷേത്രത്തിന് മൂന്ന് തട്ടുകളുള്ള ഗേറ്റ്‌വേ ടവറും ഒരു തടാകവും ഉണ്ട്.,ml:മാന്തുറൈ ആംരവനേശ്വരർ ക്ഷേത്രം,https://ml.wikipedia.org/wiki/മാന്തുറൈ_ആംരവനേശ്വരർ_ക്ഷേത്രം
Malayalam,ഹിന്ദിയിലും ഭാരതീയ ആംഗലേയ ഭാഷകളിലുമായി 2005-ൽ സൻജയ് ലീല ബൻസാലി സംവിധാനം ചെയ്ത ചലച്ചിത്രമാണ് ബ്ലാക്ക്.,ml:ബ്ലാക്ക് (2005 ചലച്ചിത്രം),https://ml.wikipedia.org/wiki/ബ്ലാക്ക്_(2005_ചലച്ചിത്രം)
Malayalam,അന്ധയും ബധിരയുമായ ഒരു പെൺകുട്ടിയുടേയും അൾഷിമേഴ്സ് ബാധിച്ച അവളുടെ അധ്യാപകന്റെയും ഇടയിലുള്ള ബന്ധത്തിന്റെ കഥ പറയുന്ന ചലച്ചിത്രമാണിത്.,ml:ബ്ലാക്ക് (2005 ചലച്ചിത്രം),https://ml.wikipedia.org/wiki/ബ്ലാക്ക്_(2005_ചലച്ചിത്രം)
Malayalam,ഹെലൻ കെല്ലറുടെ ജീവിതത്തിൽ നിന്നും പ്രചോദനം ഉൾക്കൊണ്ടാണ് ഈ ചിത്രം ഒരുക്കിയത്.,ml:ബ്ലാക്ക് (2005 ചലച്ചിത്രം),https://ml.wikipedia.org/wiki/ബ്ലാക്ക്_(2005_ചലച്ചിത്രം)
Malayalam,ഇന്ത്യൻ അന്താരാഷ്ട്ര ചലച്ചിത്ര മേളയിലും കാസബ്ലാങ്ക ചലച്ചിത്ര മേളയിലും ചിത്രം പ്രദർശിപ്പിച്ചു.,ml:ബ്ലാക്ക് (2005 ചലച്ചിത്രം),https://ml.wikipedia.org/wiki/ബ്ലാക്ക്_(2005_ചലച്ചിത്രം)
Malayalam,കിർഗിസ്ഥാനിലെ ഓഷ് മേഖലയിലെ നൂക്കാത്ത് ജില്ലയിൽ 1992 മാർച്ചിൽ സ്ഥാപിതമായ ഒരു ദേശീയോദ്യാനമാണ് കിർഗിസ്-അറ്റാ ദേശീയോദ്യാനം (കിർഗിസ്ഥാൻ Кыргыз-Ата млекетик яратылыш паркыя).,ml:കിർഗിസ്-അറ്റാ ദേശീയോദ്യാനം,https://ml.wikipedia.org/wiki/കിർഗിസ്-അറ്റാ_ദേശീയോദ്യാനം
Malayalam,"ഈ ദേശീയോദ്യാനത്തിന് 11,172 ഹെക്ടർ വിസ്തൃതിയുണ്ട്.",ml:കിർഗിസ്-അറ്റാ ദേശീയോദ്യാനം,https://ml.wikipedia.org/wiki/കിർഗിസ്-അറ്റാ_ദേശീയോദ്യാനം
Malayalam,ഈ പ്രദേശത്ത് കാണപ്പെടുന്ന ജുനിപ്പർ വനങ്ങളുടെ സംരക്ഷണവും വിനോദവുമാണ് ഈ ദേശീയോദ്യാനത്തിന്റെ ലക്ഷ്യം.,ml:കിർഗിസ്-അറ്റാ ദേശീയോദ്യാനം,https://ml.wikipedia.org/wiki/കിർഗിസ്-അറ്റാ_ദേശീയോദ്യാനം
Malayalam,"ഈ വനങ്ങൾക്ക് പ്രത്യേക ജൈവശാസ്ത്രപരവും, ഭൗമശാസ്ത്രപരവുമായ സവിശേഷതകളുണ്ട്.",ml:കിർഗിസ്-അറ്റാ ദേശീയോദ്യാനം,https://ml.wikipedia.org/wiki/കിർഗിസ്-അറ്റാ_ദേശീയോദ്യാനം
Malayalam,വിസ്തീർണ്ണമനുസരിച്ചുള്ള ലോകത്തിലെ മരുഭൂമികളുടെ പട്ടികയാണിത്.,ml:വിസ്തീർണ്ണമനുസരിച്ചുള്ള മരുഭൂമികളുടെ പട്ടിക,https://ml.wikipedia.org/wiki/വിസ്തീർണ്ണമനുസരിച്ചുള്ള_മരുഭൂമികളുടെ_പട്ടിക
Malayalam,"52,000 square kilometres (20,100 sq mi) -നേക്കാൾ വിസ്തീർണ്ണമുള്ള മരുഭൂമികളെല്ലാം ഇവിടെ ഉൾപ്പെടുത്തിയിരിക്കുന്നു.",ml:വിസ്തീർണ്ണമനുസരിച്ചുള്ള മരുഭൂമികളുടെ പട്ടിക,https://ml.wikipedia.org/wiki/വിസ്തീർണ്ണമനുസരിച്ചുള്ള_മരുഭൂമികളുടെ_പട്ടിക
Malayalam,പത്തൊൻപതാം നൂറ്റാണ്ടിൽ ഒൻപതാം പീയൂസ് മാർപ്പാപ്പയുടെ കീഴിൽ റോമൻ കത്തോലിക്കാ സഭ പുറത്തിറക്കിയ വിവാദപരമായ നയപ്രഖ്യാപനരേഖയാണ് അബദ്ധങ്ങളുടെ സിലബസ് (Syllabus of Errors).,ml:അബദ്ധങ്ങളുടെ സിലബസ്,https://ml.wikipedia.org/wiki/അബദ്ധങ്ങളുടെ_സിലബസ്
Malayalam,"1864-ൽ, വിശുദ്ധമറിയത്തിന്റെ അമലോദ്ഭവത്തിരുനാളായ ഡിസംബർ എട്ടാം തിയതിയാണ് അതു പ്രസിദ്ധീകരിച്ചത്.",ml:അബദ്ധങ്ങളുടെ സിലബസ്,https://ml.wikipedia.org/wiki/അബദ്ധങ്ങളുടെ_സിലബസ്
Malayalam,മതത്തിന്റേയും ചിന്തയുടേയും മേഖലകളിലെ പുത്തൻ പ്രവണതകൾ മിക്കവയുടേയും സമ്പൂർണ്ണ തിരസ്കാരമായിരുന്നു ഈ രേഖ.,ml:അബദ്ധങ്ങളുടെ സിലബസ്,https://ml.wikipedia.org/wiki/അബദ്ധങ്ങളുടെ_സിലബസ്
Malayalam,സമകാലീനചിന്തയിലെ 80 നിലപാടുകളെ ഈ രേഖ എടുത്തു പറഞ്ഞ് അപലപിച്ചു.,ml:അബദ്ധങ്ങളുടെ സിലബസ്,https://ml.wikipedia.org/wiki/അബദ്ധങ്ങളുടെ_സിലബസ്
Malayalam,ഡിസംബർ 2010 ആ വർഷത്തിലെ പന്ത്രണ്ടാം മാസമായിരുന്നു.,ml:ഡിസംബർ 2010,https://ml.wikipedia.org/wiki/ഡിസംബർ_2010
Malayalam,ഒരു ശനിയാഴ്ച ആരംഭിച്ച മാസം 31 ദിവസങ്ങൾക്കുശേഷം ഒരു തിങ്കളാഴ്ച അവസാനിച്ചു.,ml:ഡിസംബർ 2010,https://ml.wikipedia.org/wiki/ഡിസംബർ_2010
Malayalam,2010 ഡിസംബർ മാസം നടന്ന പ്രധാന സംഭവങ്ങൾ: ഡിസംബർ 5 - ബംഗലൂരു സ്വദേശിയായ മിസ് ഇന്ത്യ നിക്കോള ഫാരിയ മിസ് എർത്ത് 2010 കിരീടം നേടി.,ml:ഡിസംബർ 2010,https://ml.wikipedia.org/wiki/ഡിസംബർ_2010
Malayalam,ഡിസംബർ 10 - മധ്യദൂര ബാലിസ്റ്റിക് മിസൈൽ അഗ്നി-II പ്ലസ് ഒറീസയിൽ പരീക്ഷിച്ചു.പരീക്ഷണം പരാജയം.,ml:ഡിസംബർ 2010,https://ml.wikipedia.org/wiki/ഡിസംബർ_2010
Malayalam,"ജൂ, എം.ഡി (ജനനം ഒക്ടോബർ 7: 1948 ഗ്രീൻവുഡ്, മിസിസിപ്പി ) യൂണിവേഴ്സിറ്റി ഓഫ് അയോവ കോളേജ് ഓഫ് മെഡിസിനിൽ ഒരു പ്രഫസറായിരുന്നു.",ml:ജീൻ വൈ. ജൂ,https://ml.wikipedia.org/wiki/ജീൻ_വൈ._ജൂ
Malayalam,മൺമറഞ്ഞു പോയ ഒരിനം കടൽ ഉരഗം ആണ് ബ്രിമോസോറസ്.,ml:ബ്രിമോസോറസ്,https://ml.wikipedia.org/wiki/ബ്രിമോസോറസ്
Malayalam,ഇവ ജീവിച്ചിരുന്നത് അന്ത്യ കൃറ്റേഷ്യസ്‌ കാലത്താണ്.,ml:ബ്രിമോസോറസ്,https://ml.wikipedia.org/wiki/ബ്രിമോസോറസ്
Malayalam,ഇവയെ ഒരു നോമെൻ ഡുബിയും ആയിട്ടാണ് കണക്കാക്കുന്നത്.,ml:ബ്രിമോസോറസ്,https://ml.wikipedia.org/wiki/ബ്രിമോസോറസ്
Malayalam,"വഖഫ് (ഭേദഗതി ബിൽ, 2024) 2024 ഓഗസ്റ്റ് 8 ന് ഇന്ത്യൻ ലോക്സഭ അവതരിപ്പിച്ചു.","ml:വഖഫ് ഭേദഗതി ബിൽ, 2024","https://ml.wikipedia.org/wiki/വഖഫ്_ഭേദഗതി_ബിൽ,_2024"
Malayalam,1923ലെ മുസ്സൽമാൻ വഖഫ് നിയമം റദ്ദാക്കാനും 1995ലെ വഖഫ് നിയമം ഭേദഗതി ചെയ്യാനും ഉദ്ദേശിച്ചുള്ളതാണ് ഈ ഭേദഗതി.,"ml:വഖഫ് ഭേദഗതി ബിൽ, 2024","https://ml.wikipedia.org/wiki/വഖഫ്_ഭേദഗതി_ബിൽ,_2024"
Malayalam,മുസ്ലീം നിയമപ്രകാരം പുണ്യപരമോ മതപരമോ ജീവകാരുണ്യപരമോ ആയി കണക്കാക്കപ്പെടുന്ന ആവശ്യങ്ങൾക്കായി ജംഗമമോ സ്ഥാവരമോ ആയ സ്വത്ത് നൽകുന്നതിനെ വഖഫ് എന്ന് നിർവചിക്കുന്നു.,"ml:വഖഫ് ഭേദഗതി ബിൽ, 2024","https://ml.wikipedia.org/wiki/വഖഫ്_ഭേദഗതി_ബിൽ,_2024"
Malayalam,ഈ നിയമം ഇന്ത്യയിലെ വഖഫ് സ്വത്ത് നിയന്ത്രിക്കുവാൻ ഉള്ളതാണ്.,"ml:വഖഫ് ഭേദഗതി ബിൽ, 2024","https://ml.wikipedia.org/wiki/വഖഫ്_ഭേദഗതി_ബിൽ,_2024"
Malayalam,"മണിച്ചോളം, തിന എന്നിവയെക്കുറിച്ചുള്ള അടിസ്ഥാനപരവും തന്ത്രപരവുമായ ഗവേഷണങ്ങളിൽ ഏർപ്പെട്ടിരിക്കുന്ന ഒരു കാർഷിക ഗവേഷണ സ്ഥാപനമാണ് ഇന്ത്യൻ ഇൻസ്റ്റിറ്റ്യൂട്ട് ഓഫ് മില്ലറ്റ് റിസർച്ച് (ഐസിഎആർ-ഐഐഎംആർ) (ICAR-IIMR).",ml:ഇന്ത്യൻ ഇൻസ്റ്റിറ്റ്യൂട്ട് ഓഫ് മില്ലറ്റ് റിസർച്ച്,https://ml.wikipedia.org/wiki/ഇന്ത്യൻ_ഇൻസ്റ്റിറ്റ്യൂട്ട്_ഓഫ്_മില്ലറ്റ്_റിസർച്ച്
Malayalam,തെലങ്കാനയിലെ രാജേന്ദ്രനഗറിൽ ഇത് സ്ഥിതി ചെയ്യുന്നു.,ml:ഇന്ത്യൻ ഇൻസ്റ്റിറ്റ്യൂട്ട് ഓഫ് മില്ലറ്റ് റിസർച്ച്,https://ml.wikipedia.org/wiki/ഇന്ത്യൻ_ഇൻസ്റ്റിറ്റ്യൂട്ട്_ഓഫ്_മില്ലറ്റ്_റിസർച്ച്
Malayalam,ഇന്ത്യൻ കൗൺസിൽ ഓഫ് അഗ്രികൾച്ചറൽ റിസർച്ചിന്റെ (ICAR) കീഴിലാണ് IIMR പ്രവർത്തിക്കുന്നത്.,ml:ഇന്ത്യൻ ഇൻസ്റ്റിറ്റ്യൂട്ട് ഓഫ് മില്ലറ്റ് റിസർച്ച്,https://ml.wikipedia.org/wiki/ഇന്ത്യൻ_ഇൻസ്റ്റിറ്റ്യൂട്ട്_ഓഫ്_മില്ലറ്റ്_റിസർച്ച്
Malayalam,"മില്ലറ്റ് ബ്രീഡിംഗ്, പാത്തോളജി, മൂല്യവർദ്ധന എന്നിവയെക്കുറിച്ചുള്ള കാർഷിക ഗവേഷണം ഇവിടെ നടത്തുന്നു.",ml:ഇന്ത്യൻ ഇൻസ്റ്റിറ്റ്യൂട്ട് ഓഫ് മില്ലറ്റ് റിസർച്ച്,https://ml.wikipedia.org/wiki/ഇന്ത്യൻ_ഇൻസ്റ്റിറ്റ്യൂട്ട്_ഓഫ്_മില്ലറ്റ്_റിസർച്ച്
Malayalam,"മെനുറ്റ് ഓ.എസ് ‌ഒരു മോണോലിത്തിക്ക് പ്രീഎംറ്റീവ്(preemptive), റിയൽ ടൈം കേർണൽ ഉള്ളതും, എഫ്എഎസ്എം(FASM (ഫ്ലാറ്റ് അസംബ്ലർ)) എന്ന അസംബ്ലളറിലും, അസംബ്ളി ഭാഷയിയുലുമായി എഴുതിയ ഒരു 64 ബിറ്റിലും 32 ബിറ്റ് x86 ആർക്കിടെചക്റിലും പ്രവർത്തിക്കുന്ന ഓപ്പറേറ്റിങ്ങ് സിസ്റ്റം ആണ്.",ml:മെനുറ്റ്‌ ഒ.എസ്‌.,https://ml.wikipedia.org/wiki/മെനുറ്റ്‌_ഒ.എസ്‌.
Malayalam,സൗജന്യമായി ഡൌൺലോഡ് ചെയ്യാമെങ്കിലും സ്വതന്ത്ര സോഫ്റ്റ്‌വെയറിന്റെ പരിധിയിൽ പെടുമോ എന്നു നിർണ്ണയിക്കാൻ വണ്ണം വിശദമല്ല ലൈസൻസ്.,ml:മെനുറ്റ്‌ ഒ.എസ്‌.,https://ml.wikipedia.org/wiki/മെനുറ്റ്‌_ഒ.എസ്‌.
Malayalam,പ്രധാനമായും ഒരു ഹോബി സോഫ്റ്റ്‌വെയർ ആണ് ഇത്.,ml:മെനുറ്റ്‌ ഒ.എസ്‌.,https://ml.wikipedia.org/wiki/മെനുറ്റ്‌_ഒ.എസ്‌.
Malayalam,"ഇതിന്റെ പ്രത്യേകത, ഇത്‌ ഒരു 1.44 എംബി ഫ്ലോപ്പി ഡിസ്കിൽ ഒതുങ്ങുന്നതാണ് എന്നതത്രേ.",ml:മെനുറ്റ്‌ ഒ.എസ്‌.,https://ml.wikipedia.org/wiki/മെനുറ്റ്‌_ഒ.എസ്‌.
Malayalam,"റെഡ്ഹാറ്റ് വികസിപ്പിച്ച ഒരു പാക്കേജ് മാനേജ്മെന്റ് സിസ്റ്റം ആണ് ആർ.പി.എം പാക്കേജ് മാനേജർ (റെഡ്ഹാറ്റ് പാക്കേജ് മാനേജർ, അല്ലെങ്കിൽ ആർ.പി.എം).",ml:ആർ.പി.എം. പാക്കേജ് മാനേജർ,https://ml.wikipedia.org/wiki/ആർ.പി.എം._പാക്കേജ്_മാനേജർ
Malayalam,റെഡ്ഹാറ്റ് ലിനക്സിനായിട്ടാണ് ആർ.പി.എം.,ml:ആർ.പി.എം. പാക്കേജ് മാനേജർ,https://ml.wikipedia.org/wiki/ആർ.പി.എം._പാക്കേജ്_മാനേജർ
Malayalam,"വികസിപ്പിച്ചതെങ്കിലും, ഇന്നിത് പല ഗ്നു/ലിനക്സ് വിതരണങ്ങളിലും ഉപയോഗിക്കുന്നു.",ml:ആർ.പി.എം. പാക്കേജ് മാനേജർ,https://ml.wikipedia.org/wiki/ആർ.പി.എം._പാക്കേജ്_മാനേജർ
Malayalam,ഗ്നു/ലിനക്സിന്റെ സോഫ്റ്റ്​വെയർ ഇൻസ്റ്റലേഷൻ ഫയലുകളിൽ ഒന്നാണ് ആർ.പി.എം.,ml:ആർ.പി.എം. പാക്കേജ് മാനേജർ,https://ml.wikipedia.org/wiki/ആർ.പി.എം._പാക്കേജ്_മാനേജർ
Malayalam,"കേരളത്തിലെ എറണാകുളം ജില്ലയിലെ മൂവാറ്റുപുഴ താലൂക്കിൽ ഉൾപ്പെടുന്ന പിറവത്ത്, ഓണാഘോഷങ്ങളുടെ ഭാഗമായി നടത്തപ്പെടുന്ന വള്ളംകളികളിൽ ഏറ്റവും പഴക്കമേറിയതാണ് ഗോതുരുത്ത് വള്ളംകളി.",ml:ഗോതുരുത്ത് വള്ളംകളി,https://ml.wikipedia.org/wiki/ഗോതുരുത്ത്_വള്ളംകളി
Malayalam,വാഹനങ്ങളിലും മറ്റും ഉപയോഗിക്കുന്ന ഒരു ഗിയർ ട്രാൻസ്മിഷൻ സിസ്റ്റമാണ് സി.വി.ടി എന്ന ചുരുക്കപ്പേരിൽ അറിയപ്പെടുന്ന കണ്ടിന്യുവസ്‌ലി വേരിയബിൾ ട്രാൻസ്മിഷൻ.,ml:കണ്ടിന്യുവസ്‌ലി വേരിയബിൾ ട്രാൻസ്മിഷൻ,https://ml.wikipedia.org/wiki/കണ്ടിന്യുവസ്‌ലി_വേരിയബിൾ_ട്രാൻസ്മിഷൻ
Malayalam,വിവിധ വേഗതകളിൽ സഞ്ചരിക്കേണ്ടി വരുമ്പോഴും ഏറെക്കുറെ സ്ഥിരതയുള്ള കറക്കം എഞ്ചിനിൽ നിലനിർത്താൻ ഈ ഗിയർ സിസ്റ്റം ഉപകരിക്കുന്നു.,ml:കണ്ടിന്യുവസ്‌ലി വേരിയബിൾ ട്രാൻസ്മിഷൻ,https://ml.wikipedia.org/wiki/കണ്ടിന്യുവസ്‌ലി_വേരിയബിൾ_ട്രാൻസ്മിഷൻ
Malayalam,മറ്റുള്ള ഗിയർ സിസ്റ്റങ്ങളെ അപേക്ഷിച്ച് കൂടുതൽ ഗിയർ അനുപാതങ്ങൾ സി.വി.ടി യിൽ സാധ്യമാണ്.,ml:കണ്ടിന്യുവസ്‌ലി വേരിയബിൾ ട്രാൻസ്മിഷൻ,https://ml.wikipedia.org/wiki/കണ്ടിന്യുവസ്‌ലി_വേരിയബിൾ_ട്രാൻസ്മിഷൻ
Malayalam,ഇരുചക്രവാഹനങ്ങൾ തുടങ്ങി കാറുകളിലും ബുൾഡോസറുകളിലും വരെയുള്ള വാഹനങ്ങളിൽ സി.വി.ടി ഗിയർ സിസ്റ്റം വ്യാപകമായി ഉപയോഗിക്കപ്പെടുന്നു.,ml:കണ്ടിന്യുവസ്‌ലി വേരിയബിൾ ട്രാൻസ്മിഷൻ,https://ml.wikipedia.org/wiki/കണ്ടിന്യുവസ്‌ലി_വേരിയബിൾ_ട്രാൻസ്മിഷൻ
Malayalam,ഏഷ്യയിലെ ഏറ്റവും നീളം കൂടിയതും ലോകത്തിലെ നീളം കൂടിയ നദികളിൽ മൂന്നാമത്തേതും ആയ യാംഗ്‌സേ കിയാംഗ് ( ; മൻഡാരിൻ [ʈʂʰǎŋ tɕjáŋ]) നദിയെ ചാംഗ് ജിയാംഗ് എന്നോ വെറുതേ യാംഗ്സേ നദിയെന്നോ വിളിക്കുന്നു.,ml:യാംഗ്‌സേ കിയാംഗ് നദി,https://ml.wikipedia.org/wiki/യാംഗ്‌സേ_കിയാംഗ്_നദി
Malayalam,ചൈനീസ് ഭാഷയിൽ ചാംഗ് ജിയാംഗ് എന്നാൽ നീളമുള്ള നദിയെന്നാണർഥം.,ml:യാംഗ്‌സേ കിയാംഗ് നദി,https://ml.wikipedia.org/wiki/യാംഗ്‌സേ_കിയാംഗ്_നദി
Malayalam,ഈ നദിയിൽ സ്ഥാപിച്ചിട്ടുള്ള ത്രീ ഗോർജസ് ഡാം എന്ന അണക്കെട്ടിനോടനുബന്ധിച്ച് ലോകത്തിലെ ഏറ്റവും വലിയ ജലവൈദ്യുതപദ്ധതി നിലകൊള്ളുന്നു.,ml:യാംഗ്‌സേ കിയാംഗ് നദി,https://ml.wikipedia.org/wiki/യാംഗ്‌സേ_കിയാംഗ്_നദി
Malayalam,ടിബറ്റ് പീഠഭൂമിയിലെ ക്വിങ്‌ഹായ് പ്രദേശത്തെ ഹിമാനികളിൽ നിന്നാണ് നദി ഉദ്ഭവിക്കുന്നത്.,ml:യാംഗ്‌സേ കിയാംഗ് നദി,https://ml.wikipedia.org/wiki/യാംഗ്‌സേ_കിയാംഗ്_നദി
Malayalam,വർദ്ധക്യത്തിലെത്തിയാൽ ലൈംഗിക താല്പര്യം കുറയുമെന്നോ ലൈംഗികശേഷി ഇല്ലാതാകുമെന്നോ ലൈംഗിക താല്പര്യം പാടില്ലെന്നോ ഉള്ള തെറ്റായധാരണ പലരിലും വ്യാപകമാണ്.,ml:വാർദ്ധക്യത്തിലെ ലൈംഗികത,https://ml.wikipedia.org/wiki/വാർദ്ധക്യത്തിലെ_ലൈംഗികത
Malayalam,വാർദ്ധക്യത്തിലെത്തിയ ആളുകളുടെ ലൈംഗികത (Sexuality in old age) വളരെയധികം അവഗണിക്കപ്പെട്ട ഒരു വിഷയം കൂടിയാണ്.,ml:വാർദ്ധക്യത്തിലെ ലൈംഗികത,https://ml.wikipedia.org/wiki/വാർദ്ധക്യത്തിലെ_ലൈംഗികത
Malayalam,എന്നാൽ ആയുർദൈർഖ്യം വർധിച്ചു വരുന്ന ആധുനിക ലോകത്തിൽ വൃദ്ധരുടെ സന്തോഷകരമായ ജീവിതത്തിന് സവിശേഷ പ്രാധാന്യമുണ്ട്.,ml:വാർദ്ധക്യത്തിലെ ലൈംഗികത,https://ml.wikipedia.org/wiki/വാർദ്ധക്യത്തിലെ_ലൈംഗികത
Malayalam,ഇത് ലൈംഗികവും പ്രത്യുൽപാദനപരവുമായ ആരോഗ്യവുമായി ബന്ധപ്പെട്ട് കിടക്കുന്നു.,ml:വാർദ്ധക്യത്തിലെ ലൈംഗികത,https://ml.wikipedia.org/wiki/വാർദ്ധക്യത്തിലെ_ലൈംഗികത
Malayalam,"ഗ്രിഗോറിയൻ കാലഗണനാരീതി പ്രകാരമുള്ള, പതിനെട്ടാം നൂറ്റാണ്ടിലെ നാല്പത്തൊന്നാം വർഷമായിരുന്നു '1741ജൂലൈ 31'.",ml:1741,https://ml.wikipedia.org/wiki/1741
Malayalam,പ്രശസ്ത കാർട്ടൂണിസ്റ്റും എഴുത്തുകാരനുമായ വേണു ബാലരമയിൽ വരയ്ക്കുന്ന ഒരു ചിത്രകഥാപരമ്പരയാണ് ജമ്പനും തുമ്പനും.,ml:ജമ്പനും തുമ്പനും,https://ml.wikipedia.org/wiki/ജമ്പനും_തുമ്പനും
Malayalam,ജമ്പൻ എന്ന് പേരുള്ള കുറ്റാന്വേഷകനും അയാളുടെ കൊതിയനായ അസിസ്റ്റന്റ് തുമ്പൻ എന്ന പട്ടിയും ആണ് ഈ കഥയിലെ പ്രധാന കഥാപാത്രങ്ങൾ.,ml:ജമ്പനും തുമ്പനും,https://ml.wikipedia.org/wiki/ജമ്പനും_തുമ്പനും
Malayalam,ട്രീ അടിസ്ഥാനമാക്കി നിർമ്മിക്കുന്ന അരേഖീയമായ ഒരു ഡാറ്റാ സ്ട്രക്‌ച്ചറാണ്‌ ഹീപ്.,ml:ഹീപ് (ഡാറ്റാ സ്ട്രക്‌ച്ചർ),https://ml.wikipedia.org/wiki/ഹീപ്_(ഡാറ്റാ_സ്ട്രക്‌ച്ചർ)
Malayalam,ഇതിലെ അംഗങ്ങളെല്ലാം താഴെപ്പറയുന്ന നിയമം അനുസരിക്കേണ്ടതാണ്: A ഒരു ശീർഷവും B അതിന്റെ പുത്രശീർഷവുമാണെങ്കിൽ A യുടെ കീ B യുടേതിനെക്കാൾ വലുതായിരിക്കണം അതിനാൽ ഏറ്റവും ഉയർന്ന കീ ഉള്ള അംഗം റൂട്ടിൽ ആയിരിക്കും സ്ഥിതിചെയ്യുന്നത്.,ml:ഹീപ് (ഡാറ്റാ സ്ട്രക്‌ച്ചർ),https://ml.wikipedia.org/wiki/ഹീപ്_(ഡാറ്റാ_സ്ട്രക്‌ച്ചർ)
Malayalam,ഇത്തരം ഹീപ്പുകളെ മാക്സ്-ഹീപ്പുകൾ എന്നു വിളിക്കുന്നു.,ml:ഹീപ് (ഡാറ്റാ സ്ട്രക്‌ച്ചർ),https://ml.wikipedia.org/wiki/ഹീപ്_(ഡാറ്റാ_സ്ട്രക്‌ച്ചർ)
Malayalam,"ഇതിനു സമാനമായി, ഓരോ ശീർഷത്തിന്റെയും കീ അതിന്റെ പുത്രശീർഷങ്ങളുടെതിനെക്കാൾ ചെറുതാണ്‌ എന്നുണ്ടെങ്കിൽ ഏറ്റവും ചെറിയ കീ ഉള്ള അംഗം റൂട്ടിൽ ആകുകയും ഇത്തരം ഹീപ്പുകൾ മിൻ-ഹീപ്പുകൾ എന്നറിയപ്പെടുകയും ചെയ്യുന്നു.",ml:ഹീപ് (ഡാറ്റാ സ്ട്രക്‌ച്ചർ),https://ml.wikipedia.org/wiki/ഹീപ്_(ഡാറ്റാ_സ്ട്രക്‌ച്ചർ)
Malayalam,"റാമല്ല (അറബി: رام الله‎ , ഹീബ്രു: רמאללה‎) ജറുസലേം നഗരത്തിന് 10 കിലോമീറ്റർ ദൂരത്തിലുള്ള മദ്ധ്യ വെസ്റ്റ്ബാങ്കിലെ ഒരു പാലസ്തീൻ പട്ടണമാണ്.",ml:റാമല്ല,https://ml.wikipedia.org/wiki/റാമല്ല
Malayalam,പട്ടണം സമുദ്രനിരപ്പിൽ നിന്ന് 880 മീറ്റർ ഉയരത്തിലാണ് നിലകൊള്ളുന്നത്.,ml:റാമല്ല,https://ml.wikipedia.org/wiki/റാമല്ല
Malayalam,ഇത് പാലസ്തീനിയൻ നാഷണൽ അതോറിറ്റിയുടെ ഭരണതലസ്ഥാനമാകുന്നു.,ml:റാമല്ല,https://ml.wikipedia.org/wiki/റാമല്ല
Malayalam,ചരിത്രപരമായി റാമല്ല ഒരു അറബ്-ക്രിസ്ത്യൻ പട്ടണമാണ്.,ml:റാമല്ല,https://ml.wikipedia.org/wiki/റാമല്ല
Malayalam,തമിഴ് സിനിമയിലെ ഒരു ബാലതാരമാണ് ബേബി നൈനിക.,ml:ബേബി നൈനിക,https://ml.wikipedia.org/wiki/ബേബി_നൈനിക
Malayalam,2016 ൽ പുറത്തിറങ്ങിയതും വിജയ് അഭിനയിച്ചതുമായ ‘￼￼￼￼തെരി ” എന്ന ചിത്രത്തിൽ വിജയ്യുടെ മകളായിട്ടാണ് നൈനിക ആദ്യമായി അഭിനയിച്ചത്.,ml:ബേബി നൈനിക,https://ml.wikipedia.org/wiki/ബേബി_നൈനിക
Malayalam,പ്രശസ്ത തെന്നിന്ത്യൻ അഭിനേത്രി മീനയുടെ മകളാണ് നൈനിക.,ml:ബേബി നൈനിക,https://ml.wikipedia.org/wiki/ബേബി_നൈനിക
Malayalam,നൈനികയുടെ മാതാവായ മീനയും ബാലതാരമായിട്ടാണ് 1982ൽ തന്റെ ആദ്യ ചിത്രമായ നെഞ്ചങ്കളിൽ അഭിനയിച്ചത്.,ml:ബേബി നൈനിക,https://ml.wikipedia.org/wiki/ബേബി_നൈനിക
Malayalam,അമേരിക്കൻ രാഷ്ട്രീയക്കാരനും രാജ്യതന്ത്രജ്ഞനും അമേരിക്കൻ ഐക്യനാടുകളുടെ നാലാമത്തെ വൈസ് പ്രസിഡന്റുമായിരുന്നു ജോർജ് ക്ലിന്റൺ.,ml:ജോർജ് ക്ലിന്റൺ,https://ml.wikipedia.org/wiki/ജോർജ്_ക്ലിന്റൺ
Malayalam,അമേരിക്കൻ ഐക്യാനാടുകളുടെ സ്ഥാപക നേതാക്കളിൽ ഒരാളായാണ് ഇദ്ദേഹം പരിഗണിക്കപ്പെടുന്നത്.,ml:ജോർജ് ക്ലിന്റൺ,https://ml.wikipedia.org/wiki/ജോർജ്_ക്ലിന്റൺ
Malayalam,1777 മുതൽ 1795 വരെ ന്യുയോർക്ക് ഗവർണറായിരുന്നു.,ml:ജോർജ് ക്ലിന്റൺ,https://ml.wikipedia.org/wiki/ജോർജ്_ക്ലിന്റൺ
Malayalam,1801ൽ വീണ്ടും ഗവർണറായി 1804 വരെ തുടർന്നു.,ml:ജോർജ് ക്ലിന്റൺ,https://ml.wikipedia.org/wiki/ജോർജ്_ക്ലിന്റൺ
Malayalam,"ഗ്രിഗോറിയൻ കാലഗണനാരീതി പ്രകാരമുള്ള, ഇരുപതാം നൂറ്റാണ്ടിലെ തൊണ്ണൂറാം വർഷമായിരുന്നു 1990.",ml:1990,https://ml.wikipedia.org/wiki/1990
Malayalam,ബോഗൺവില്ലയുടെ കുടുംബമായ നിക്റ്റാജിനേസിയിലെ അംഗമായ ഒരു മരമാണ് കീരമരം (ശാസ്ത്രീയനാമം: Pisonia grandis).,ml:കീരമരം,https://ml.wikipedia.org/wiki/കീരമരം
Malayalam,പിസോണിയ ഗ്രാൻറിസ് ഗ്രാൻഡ് ഡെവിൾസ് ക്ളാസ് (grand devil's-claws) എന്നും അറിയപ്പെടുന്നു.,ml:കീരമരം,https://ml.wikipedia.org/wiki/കീരമരം
Malayalam,ഒരു മലയാള നാടക ഹാസ്യനടനാണ് അപ്പിഹിപ്പി വിനോദ് എന്ന വിനോദ് കുമാർ.,ml:അപ്പിഹിപ്പി വിനോദ്,https://ml.wikipedia.org/wiki/അപ്പിഹിപ്പി_വിനോദ്
Malayalam,മികച്ച ഹാസ്യനടനുള്ള സംസ്ഥാന പുരസ്കാരം രണ്ട് പ്രാവശ്യം ഇദ്ദേഹത്തിനു ലഭിച്ചു.,ml:അപ്പിഹിപ്പി വിനോദ്,https://ml.wikipedia.org/wiki/അപ്പിഹിപ്പി_വിനോദ്
Malayalam,ചങ്ങനാശേരി ഗീഥയുടെ പൂർണ്ണ എന്ന നാടകത്തിലൂടെയാണ്‌ വിനോദ്‌ ആദ്യമായി പ്രഫഷണൽ നാടക വേദിയിൽ എത്തിയത്‌.,ml:അപ്പിഹിപ്പി വിനോദ്,https://ml.wikipedia.org/wiki/അപ്പിഹിപ്പി_വിനോദ്
Malayalam,"വയലാർ നാടകവേദി, തിരുവനന്തപുരം അതുല്യ, ആറ്റിങ്ങൽ ദേശാഭിമാനി, തിരുവനന്തപുരം ശ്രീരംഗകല, തിരുവനന്തപുരം അക്ഷരകല, ഓച്ചിറ സരിഗ, കായംകുളം സപരി, തിരുവനന്തപുരം സാഹിതി എന്നീ സമിതികളിൽ പ്രവർത്തിച്ചു.",ml:അപ്പിഹിപ്പി വിനോദ്,https://ml.wikipedia.org/wiki/അപ്പിഹിപ്പി_വിനോദ്
Malayalam,"ചില അനുഭവങ്ങളും, സംഭവങ്ങളും, ഇടപെടലുകളും ചിരി ഉളവാക്കുന്ന മാനസികാവസ്ഥയെയാണ് ഹാസ്യം അഥവാ ഹ്യൂമർ എന്ന് പറയുന്നത്.",ml:ഹാസ്യം,https://ml.wikipedia.org/wiki/ഹാസ്യം
Malayalam,ഹ്യൂമറിസം എന്ന പ്രാചീന ഗ്രീക്ക് ശരീരശാസ്ത്ര തത്ത്വത്തിൽനിന്നാണ് ഹ്യൂമർ എന്ന വാക്കുണ്ടായത്.,ml:ഹാസ്യം,https://ml.wikipedia.org/wiki/ഹാസ്യം
Malayalam,ഹാസ്യത്തിന്റെ ഒരു വകഭേദമാണ് തമാശ.,ml:ഹാസ്യം,https://ml.wikipedia.org/wiki/ഹാസ്യം
Malayalam,ഹാസ്യത്തിനോടുള്ള സംവേദന പല മനുഷ്യരിലും പല രീതിയിലാണ്.,ml:ഹാസ്യം,https://ml.wikipedia.org/wiki/ഹാസ്യം
Malayalam,"ഒരു ഇംഗ്ലീഷ്കാരിയായ സഫ്രാജിസ്റ്റും, സോഷ്യലിസ്റ്റും ട്രേഡ് യൂണിയനിസ്റ്റും പത്രാധിപരുമായിരുന്നു മേരി എലീനോർ ഗാവ്‌തോർപ് (12 ജനുവരി 1881 - മാർച്ച് 12, 1973).",ml:മേരി ഗാവ്‌തോർപ്പ്,https://ml.wikipedia.org/wiki/മേരി_ഗാവ്‌തോർപ്പ്
Malayalam,"റെബേക്ക വെസ്റ്റ് അവരെ ""ഉല്ലാസ തീവ്രവാദിയായ വിശുദ്ധ"" എന്നാണ് വിശേഷിപ്പിച്ചത്.",ml:മേരി ഗാവ്‌തോർപ്പ്,https://ml.wikipedia.org/wiki/മേരി_ഗാവ്‌തോർപ്പ്
Malayalam,ക്വീൻസ് യൂണിവേഴ്‌സിറ്റിയിലെ ഓങ്കോളജി വിഭാഗത്തിലെ എമെരിറ്റ പ്രൊഫസറാണ് ഐസൻഹോവർ.,ml:എലിസബത്ത് ഐസൻഹോവർ,https://ml.wikipedia.org/wiki/എലിസബത്ത്_ഐസൻഹോവർ
Malayalam,2012 മുതൽ 2017 വരെ ഡിപ്പാർട്ട്‌മെന്റ് തലവനായിരുന്നു.,ml:എലിസബത്ത് ഐസൻഹോവർ,https://ml.wikipedia.org/wiki/എലിസബത്ത്_ഐസൻഹോവർ
Malayalam,"അമേരിക്കൻ സൊസൈറ്റി ഓഫ് ക്ലിനിക്കൽ ഓങ്കോളജി, നാഷണൽ കാൻസർ ഇൻസ്റ്റിറ്റ്യൂട്ട് ഓഫ് കാനഡ (അതിന്റെ പ്രസിഡന്റ്), യൂറോപ്യൻ ഓർഗനൈസേഷൻ ഫോർ റിസർച്ച് ആൻഡ് ട്രീറ്റ്‌മെന്റ് ഓഫ് ക്യാൻസർ, കനേഡിയൻ കാൻസർ സൊസൈറ്റി എന്നിവയുടെ ബോർഡിൽ അവർ സേവനമനുഷ്ഠിച്ചിട്ടുണ്ട്.",ml:എലിസബത്ത് ഐസൻഹോവർ,https://ml.wikipedia.org/wiki/എലിസബത്ത്_ഐസൻഹോവർ
Malayalam,"2012-ൽ, ""കാനഡയിലും അന്തർദ്ദേശീയമായും കാൻസർ തെറാപ്പി, സപ്പോർട്ടീവ് കെയർ, പ്രതിരോധം എന്നിവയുടെ പുരോഗതിക്കുള്ള അവരുടെ മഹത്തായ പ്രതിബദ്ധതയ്ക്ക്"" എലിസബത്ത് രാജ്ഞി II വജ്രജൂബിലി മെഡൽ അവർക്ക് ലഭിച്ചു.",ml:എലിസബത്ത് ഐസൻഹോവർ,https://ml.wikipedia.org/wiki/എലിസബത്ത്_ഐസൻഹോവർ
Malayalam,ഹരിദാസിന്റെ സംവിധാനത്തിൽ 2012-ൽ പുറത്തിറങ്ങിയ മലയാളചലച്ചിത്രമാണ് വീണ്ടും കണ്ണൂർ.,ml:വീണ്ടും കണ്ണൂർ,https://ml.wikipedia.org/wiki/വീണ്ടും_കണ്ണൂർ
Malayalam,1997-ൽ പുറത്തിറങ്ങിയ കണ്ണൂർ എന്ന ചലച്ചിത്രത്തിന്റെ രണ്ടാം ഭാഗമാണ് ഈ ചിത്രം.,ml:വീണ്ടും കണ്ണൂർ,https://ml.wikipedia.org/wiki/വീണ്ടും_കണ്ണൂർ
Malayalam,ലത്തീഫ് തിരൂരാണ് ചിത്രം നിർമ്മിച്ചിരിക്കുന്നത്.,ml:വീണ്ടും കണ്ണൂർ,https://ml.wikipedia.org/wiki/വീണ്ടും_കണ്ണൂർ
Malayalam,റോബിൻ തിരുമ‌ല തിരക്കഥ രചിച്ചിരിക്കുന്ന ഈ ചിത്രം ക്യാമറയിൽ പകർത്തിയിരിക്കുന്നത് ജിത്തു ദാമോദർ ആണ്.,ml:വീണ്ടും കണ്ണൂർ,https://ml.wikipedia.org/wiki/വീണ്ടും_കണ്ണൂർ
Malayalam,കർണ്ണാടക സംഗീതത്തിലെ വിദഗ്ദ്ധർക്ക് വർഷംതോറും ചെന്നൈയിലെ മദ്രാസ് മ്യൂസിക് അകാദമി നൽകിവരുന്ന സമ്മാനമാണ് സംഗീത കലാനിധി (Sangeetha Kalanidhi).,ml:സംഗീത കലാനിധി,https://ml.wikipedia.org/wiki/സംഗീത_കലാനിധി
Malayalam,കർണ്ണാടക സംഗീതത്തിനു നൽകി വരുന്ന ഏറ്റവും പ്രമുഖമായ സമ്മാനങ്ങളിൽ ഒന്നാണിത്.,ml:സംഗീത കലാനിധി,https://ml.wikipedia.org/wiki/സംഗീത_കലാനിധി
Malayalam,"പ്രശസ്തയായ ഇന്ത്യൻ ലോം‌ഗ്‌ജമ്പ് താരമാണ്‌ അഞ്ജു ബോബി ജോർജ്ജ്(ജനനം:ഏപ്രിൽ 19,1977).",ml:അഞ്ജു ബോബി ജോർജ്ജ്,https://ml.wikipedia.org/wiki/അഞ്ജു_ബോബി_ജോർജ്ജ്
Malayalam,2003-ൽ പാരീസിൽ നടന്ന ലോക അത്‌ലറ്റിക് ചാമ്പ്യൻഷിപ്പിൽ ലോം‌ഗ്‌ജമ്പിൽ വെങ്കലം നേടിയതോടെ പ്രശസ്തയായി.,ml:അഞ്ജു ബോബി ജോർജ്ജ്,https://ml.wikipedia.org/wiki/അഞ്ജു_ബോബി_ജോർജ്ജ്
Malayalam,ഇതോടെ ലോക അത്‌ലറ്റിക് ചാമ്പ്യൻഷിപ്പിൽ മെഡൽ നേടുന്ന ആദ്യ ഇന്ത്യക്കാരിയുമായി അഞ്ജു.,ml:അഞ്ജു ബോബി ജോർജ്ജ്,https://ml.wikipedia.org/wiki/അഞ്ജു_ബോബി_ജോർജ്ജ്
Malayalam,2005-ൽ നടന്ന ഐ.എ.എ.എഫ് വേൾഡ് അത്‌ലറ്റിക്സ് ഫൈനലിൽ വെള്ളി നേടിയതും അഞ്ജുവിന്റെ എടുത്തു പറയത്തക്ക നേട്ടമാണ്‌.,ml:അഞ്ജു ബോബി ജോർജ്ജ്,https://ml.wikipedia.org/wiki/അഞ്ജു_ബോബി_ജോർജ്ജ്
Malayalam,അഭാജ്യതാപരിശോധനയ്ക്കുള്ള അൽഗൊരിതമായ എ.കെ.എസ്.,ml:മനീന്ദ്ര അഗർവാൾ,https://ml.wikipedia.org/wiki/മനീന്ദ്ര_അഗർവാൾ
Malayalam,അഭാജ്യതാപരിശോധന (AKS Primality test) കണ്ടെത്തിയതിന്റെ പേരിൽ പ്രശസ്തനായ ഇന്ത്യൻ കം‌പ്യൂട്ടർ ശാസ്ത്രജ്ഞനാണ്‌ മനീന്ദ്ര അഗർവാൾ.,ml:മനീന്ദ്ര അഗർവാൾ,https://ml.wikipedia.org/wiki/മനീന്ദ്ര_അഗർവാൾ
Malayalam,"കോട്ടയം പുഷ്പനാഥ് മലയാളത്തിലെ ഡിറ്റക്ടീവ്, ക്രൈം, ഹൊറർ, മാന്ത്രികം തുടങ്ങി നോവൽ സാഹിത്യത്തിലെ അത്യപൂർവമായ വിഭാഗങ്ങൾ സമ്മാനിച്ച എഴുത്തുകാരനാണ്.",ml:കോട്ടയം പുഷ്പനാഥ്,https://ml.wikipedia.org/wiki/കോട്ടയം_പുഷ്പനാഥ്
Malayalam,"മലയാള ഫിക്ഷനുകളുടെ പിതാവ് എന്നും, ഇന്ത്യയിലെ ആർതർ കോനൻ ഡോയൽ എന്നും അദ്ദേഹം അറിയപ്പെടുന്നു.",ml:കോട്ടയം പുഷ്പനാഥ്,https://ml.wikipedia.org/wiki/കോട്ടയം_പുഷ്പനാഥ്
Malayalam,1968-ൽ പ്രസിദ്ധീകരിച്ച സയന്റിഫിക് ത്രില്ലർ നോവൽ ചുവന്ന മനുഷ്യൻ' അദ്ദേഹത്തിന്റെ ആദ്യ കൃതിയാണ്.,ml:കോട്ടയം പുഷ്പനാഥ്,https://ml.wikipedia.org/wiki/കോട്ടയം_പുഷ്പനാഥ്
Malayalam,ഇത് നിരവധി സർവ്വകലാശാലകളിലെ ബിരുദപഠനത്തിനുള്ള പാഠ്യപദ്ധതിയിൽ ഉൾപ്പെടുത്തിയിട്ടുണ്ട്.,ml:കോട്ടയം പുഷ്പനാഥ്,https://ml.wikipedia.org/wiki/കോട്ടയം_പുഷ്പനാഥ്
Malayalam,ഇംഗ്ലീഷ് പാലിയെന്റോളോജിസ്റ്റ്‌ ആണ് ജെന്നി ക്ലാക്ക്.,ml:ജെന്നി ക്ലാക്ക്,https://ml.wikipedia.org/wiki/ജെന്നി_ക്ലാക്ക്
Malayalam,ജീവപരിണാമ ജീവശാസ്ത്ര വിദഗ്ദ്ധ ആണ് ഇവർ .,ml:ജെന്നി ക്ലാക്ക്,https://ml.wikipedia.org/wiki/ജെന്നി_ക്ലാക്ക്
Malayalam,"മത്സ്യത്തിൽ നിന്നും നാൽകാലിയിലേക്കുള്ള പരിണാമം ആണ് ഇവരുടെ പ്രധാന പഠന വിഷയം , ഇതിനെ മുൻ നിർത്തി ഇവർ രചിച്ച പ്രസിദ്ധമായ പുസ്തകം ആണ് Gaining Ground: the Origin and Early Evolution of Tetrapods (2002 ) എന്നത് .",ml:ജെന്നി ക്ലാക്ക്,https://ml.wikipedia.org/wiki/ജെന്നി_ക്ലാക്ക്
Malayalam,ഇപ്പോൾ കേംബ്രിഡ്ജ് സർവകലാശാല ജന്തുശാസ്ത്രം വിഭാഗം മ്യൂസിയം വിചാരിപ്പുക്കാരി ആണ് കൂടാതെ കേംബ്രിഡ്ജ് സർവകലാശാല വേർടിബ്രറ്റ് പാലിയെന്റോളോജി പ്രൊഫസറും ആണ്.,ml:ജെന്നി ക്ലാക്ക്,https://ml.wikipedia.org/wiki/ജെന്നി_ക്ലാക്ക്
Malayalam,"ഒരു ജാപ്പനീസ് കോട്ടയാണ് ചിഹായ കാസിൽ (千早城, ചിഹായ-ജോ).",ml:ചിഹായ കാസിൽ,https://ml.wikipedia.org/wiki/ചിഹായ_കാസിൽ
Malayalam,ഈ കോട്ട 1332-ൽ കുസുനോക്കി മസാഷിഗെ നിർമ്മിച്ചു.,ml:ചിഹായ കാസിൽ,https://ml.wikipedia.org/wiki/ചിഹായ_കാസിൽ
Malayalam,"പ്രാഥമികമായി തടി, മൺകോട്ട എന്നിവയുടെ പ്രതിരോധം ഉൾക്കൊള്ളുന്ന ചിഹായ ജപ്പാനിലെ നാൻബോകു-ചോ കാലഘട്ടത്തിലെ കോട്ട രൂപകൽപ്പനയുടെ മികച്ച ഉദാഹരണമാണ്.",ml:ചിഹായ കാസിൽ,https://ml.wikipedia.org/wiki/ചിഹായ_കാസിൽ
Malayalam,കവാച്ചി പ്രവിശ്യയിലെ കോങ്കോ പർവതത്തിൽ സ്ഥിതി ചെയ്യുന്ന ഇത് 1333-ൽ ഒരു ഉപരോധത്തെ അതിജീവിച്ചു.,ml:ചിഹായ കാസിൽ,https://ml.wikipedia.org/wiki/ചിഹായ_കാസിൽ
Malayalam,സ്റ്റീവൻ സ്പീൽബർഗ് സംവിധാനം നിർവ്വഹിച്ചു 1981 ൽ പുറത്തിറങ്ങിയ ഒരു ഹോളിവുഡ് സാഹസിക ചലച്ചിത്രമാണ് റെയ്ഡേഴ്സ് ഓഫ് ദ ലോസ്റ്റ് ആർക്ക്.,ml:റെയ്ഡേഴ്സ് ഓഫ് ദ ലോസ്റ്റ് ആർക്ക്,https://ml.wikipedia.org/wiki/റെയ്ഡേഴ്സ്_ഓഫ്_ദ_ലോസ്റ്റ്_ആർക്ക്
Malayalam,"ജോർജ്‌ ലൂക്കാസ്, ഫിലിപ്പ് കോഫ്മാൻ എന്നിവർ ചേർന്നെഴുതിയ കഥയ്ക്ക് തിരക്കഥ രചിച്ചത് ലോറൻസ് കാസ്‌ഡെൻ ആണ്.",ml:റെയ്ഡേഴ്സ് ഓഫ് ദ ലോസ്റ്റ് ആർക്ക്,https://ml.wikipedia.org/wiki/റെയ്ഡേഴ്സ്_ഓഫ്_ദ_ലോസ്റ്റ്_ആർക്ക്
Malayalam,ഹാരിസൺ ഫോർഡ് മുഖ്യവേഷമണിഞ്ഞ ചിത്രം ഇൻഡ്യാന ജോൺസ്‌ പരമ്പരയിലെ ആദ്യ ചിത്രമാണ്.,ml:റെയ്ഡേഴ്സ് ഓഫ് ദ ലോസ്റ്റ് ആർക്ക്,https://ml.wikipedia.org/wiki/റെയ്ഡേഴ്സ്_ഓഫ്_ദ_ലോസ്റ്റ്_ആർക്ക്
Malayalam,അഡോൾഫ്‌ ഹിറ്റ്‌ലറുടെ നിർദ്ദേശപ്രകാരം ആർക്ക് ഓഫ് ദ കവനെന്റ് തേടിയിറങ്ങുന്ന നാസി സംഘവും അത് തടയാനെത്തുന്ന നായകകഥാപാത്രം ഇൻഡ്യാന ജോൺസുമാണ് ചിത്രത്തിന്റെ ഇതിവൃത്തം.,ml:റെയ്ഡേഴ്സ് ഓഫ് ദ ലോസ്റ്റ് ആർക്ക്,https://ml.wikipedia.org/wiki/റെയ്ഡേഴ്സ്_ഓഫ്_ദ_ലോസ്റ്റ്_ആർക്ക്
Malayalam,രാമദാസ് സംവിധാനം ചെയ്ത ഡോക്യുമെന്ററി ചിത്രമാണ് 'നെക്കൽ- ക്രോണിക്കിൾ ഓഫ് ദ പാഡിമാൻ'.,ml:'നെക്കൽ- ക്രോണിക്കിൾ ഓഫ് ദ പാഡിമാൻ',https://ml.wikipedia.org/wiki/'നെക്കൽ-_ക്രോണിക്കിൾ_ഓഫ്_ദ_പാഡിമാൻ'
Malayalam,പത്മശ്രീ ചെറുവയൽ രാമന്റെ ജീവിതവും പ്രവർത്തനങ്ങളുമാണ് ഈ ചെറു ചിത്രത്തിന്റെ പ്രമേയം.,ml:'നെക്കൽ- ക്രോണിക്കിൾ ഓഫ് ദ പാഡിമാൻ',https://ml.wikipedia.org/wiki/'നെക്കൽ-_ക്രോണിക്കിൾ_ഓഫ്_ദ_പാഡിമാൻ'
Malayalam,ഈ ചിത്രത്തിന് എഴുപത്തൊന്നാമത് ദേശീയ ചലച്ചിത്ര പുരസ്കാരങ്ങളിൽ നോൺ ഫീച്ചർ വിഭാഗത്തിൽ പ്രത്യേക പരാമർശം ലഭിച്ചു.,ml:'നെക്കൽ- ക്രോണിക്കിൾ ഓഫ് ദ പാഡിമാൻ',https://ml.wikipedia.org/wiki/'നെക്കൽ-_ക്രോണിക്കിൾ_ഓഫ്_ദ_പാഡിമാൻ'
Malayalam,ഓസ്ട്രേലിയയിലെ ക്വീൻസ് ലാൻഡ് സംസ്ഥാനത്തിന്റെ വടക്കുപടിഞ്ഞാറൻ ഭാഗത്തുള്ള ഒരു പ്രധാന ഫോസ്സിൽ പ്രദേശമാണ് റിവേഴ്സ്ലീ .,ml:റിവേഴ്സ്ലീ,https://ml.wikipedia.org/wiki/റിവേഴ്സ്ലീ
Malayalam,"ഒലിഗോസീൻ, മയോസിൻ യുഗങ്ങളിൽ ജീവിച്ചിരുന്ന പ്രാചീന സസ്തനികളുടേയും, പക്ഷികളുടേയും,, ഉരഗങ്ങളുടേയും ഫോസിലുകൾ ഇവിടത്തെ 100 കി.മീ2 വിസ്തൃതി വരുന്ന പ്രദേശത്തുനിന്നും കണ്ടെത്തിയിട്ടുണ്ട്.",ml:റിവേഴ്സ്ലീ,https://ml.wikipedia.org/wiki/റിവേഴ്സ്ലീ
Malayalam,1901-ലാണ് ഇവിടെനിന്നും ആദ്യമായ് ഫോസിലുകൾ കണ്ടെടുക്കപ്പെടുന്നത്.,ml:റിവേഴ്സ്ലീ,https://ml.wikipedia.org/wiki/റിവേഴ്സ്ലീ
Malayalam,1994-ൽ റിവേഴ്സ്ലീയെ തെക്കേ ഓസ്ട്രേലിയയിലെ നാർക്കൂട്ടെ ഗുഹാ ദേശീയോദ്യാനവുമായി സംയുക്തമായി യുനെസ്കോ ലോകപൈതൃകപട്ടികയിൽ ഉൾപ്പെടുത്തി.,ml:റിവേഴ്സ്ലീ,https://ml.wikipedia.org/wiki/റിവേഴ്സ്ലീ
Malayalam,ചികിത്സാവശ്യങ്ങൾക്കുള്ള ദ്രാവകങ്ങൾ സിരകളിലൂടെ ശര്രീരത്തിൽ കടത്തിവിടുന്ന പ്രക്രീയയാണ് ഡ്രിപ്പ്.,ml:ഡ്രിപ്പ്,https://ml.wikipedia.org/wiki/ഡ്രിപ്പ്
Malayalam,"ശരീര ധർമങ്ങൾ ക്രമീകരിക്കുന്നതിന് ആവശ്യമായ ജലം, എലെക്ട്രോലയിറ്റ് , മരുന്നുകൾ , രക്തം, രക്ത ഉത്പന്നങ്ങൾ തുടങ്ങിയവ ക്രമമായ രീതിയിൽ ശരീരത്തിലേക്ക് നേരിട്ട് കടത്തി വിടുന്നതിനുള്ള വൈദ്യശാസ്ത്രപരമായ ഒരു സജ്ജീകരണമാണ് ഇത്.",ml:ഡ്രിപ്പ്,https://ml.wikipedia.org/wiki/ഡ്രിപ്പ്
Malayalam,"നിർജലീകരണം (Dehydration)പരിഹരിക്കാനും ,രക്തസ്രാവം, അപകടം, ശസ്ത്രക്രിയ എന്നിവയിലൂടെ ഉണ്ടാകുന്ന രക്തനഷ്ടം നികത്തുന്നതിനുമാണ് ഡ്രിപ്പ് ഏറ്റവുമധികം ഉപയോഗിക്കപ്പെടുന്നത്.",ml:ഡ്രിപ്പ്,https://ml.wikipedia.org/wiki/ഡ്രിപ്പ്
Malayalam,ഏറ്റവും പെട്ടെന്ന് മരുന്നും ദ്രാവകങ്ങളും ശരീരത്തിൽ കടത്തിവിടുന്നതിനുള്ള ഏറ്റവും നല്ല ഉപാധിയാണിത്.ഈ പ്രക്രീയയിൽ കടത്തിവിടുന്ന വസ്തുക്കൾക്കൊപ്പം വായു കൂടി കടന്നു (air embolism) ഉണ്ടാകാതെ സൂക്ഷിക്കും.,ml:ഡ്രിപ്പ്,https://ml.wikipedia.org/wiki/ഡ്രിപ്പ്
Malayalam,സാൽസ്ബുർഗിൽ ജനിച്ച ഒരു ഓസ്ട്രിയൻ ഗൈനക്കോളജിസ്റ്റും പ്രസവചികിത്സകനുമായിരുന്നു ജോഹാൻ ബാപ്റ്റിസ്റ്റ് ചിയാരി (ജീവിതകാലം: 15 ജൂൺ 1817 - 11 ഡിസംബർ 1854).,ml:ജോഹാൻ ബാപ്റ്റിസ്റ്റ് ചിയാരി,https://ml.wikipedia.org/wiki/ജോഹാൻ_ബാപ്റ്റിസ്റ്റ്_ചിയാരി
Malayalam,"1841-ൽ വിയന്നയിൽ നിന്ന് വൈദ്യശാസ്ത്രത്തിൽ ഡോക്ടറേറ്റ് നേടിയ അദ്ദേഹം, തന്റെ ഔദ്യോഗിക ജീവിതത്തിന്റെ ഭൂരിഭാഗവും അവിടെത്തന്നെ പ്രസവചികിത്സാ-ഗൈനക്കോളജി രംഗത്ത് പ്രവർത്തിച്ചു.",ml:ജോഹാൻ ബാപ്റ്റിസ്റ്റ് ചിയാരി,https://ml.wikipedia.org/wiki/ജോഹാൻ_ബാപ്റ്റിസ്റ്റ്_ചിയാരി
Malayalam,"1853-ൽ അദ്ദേഹം പ്രാഗ് സർവകലാശാലയിൽ പ്രസവചികിത്സാ വിഭാഗത്തിലെ പ്രൊഫസറായി നിയമിതനാകുകയും, വിയന്നയിലെ ജോസഫിനത്തിൽ കുറച്ചുകാലം ജോലിയെടുക്കുകയും ചെയ്തു.",ml:ജോഹാൻ ബാപ്റ്റിസ്റ്റ് ചിയാരി,https://ml.wikipedia.org/wiki/ജോഹാൻ_ബാപ്റ്റിസ്റ്റ്_ചിയാരി
Malayalam,1854-ൽ 37-ആം വയസ്സിൽ കോളറ ബാധിച്ചാണ് അദ്ദേഹം മരിച്ചത്.,ml:ജോഹാൻ ബാപ്റ്റിസ്റ്റ് ചിയാരി,https://ml.wikipedia.org/wiki/ജോഹാൻ_ബാപ്റ്റിസ്റ്റ്_ചിയാരി
Malayalam,"റാസ്മസ് ലെർഡോഫ്(ജനനം:നവംബർ 22,1968)ഒരു ഡാനിഷ്-കനേഡിയൻ പ്രോഗ്രാമറാണ്.",ml:റാസ്മസ് ലെർഡോഫ്,https://ml.wikipedia.org/wiki/റാസ്മസ്_ലെർഡോഫ്
Malayalam,എന്ന പ്രോഗ്രാമിങ്ങ് ഭാഷയുടെ ഉപജ്ഞാതാവുമാണ്‌.,ml:റാസ്മസ് ലെർഡോഫ്,https://ml.wikipedia.org/wiki/റാസ്മസ്_ലെർഡോഫ്
Malayalam,"ഭാഷയുടെ ആദ്യ രണ്ട് പതിപ്പുകൾ രചിക്കുകയും ജിം വിൻസ്റ്റെഡ് (പിന്നീട് ബ്ലോഗുകൾ സൃഷ്ടിച്ചത്), സ്റ്റിഗ് ബേക്കൻ, ഷെയ്ൻ കാരവിയോ, ആൻഡി ഗട്ട്മാൻസ്, സീവ് സുറാസ്കി എന്നിവരുൾപ്പെടെയുള്ള ഒരു കൂട്ടം ഡെവലപ്പർമാരുടെ നേതൃത്വത്തിൽ പിന്നീടുള്ള പതിപ്പുകളുടെ വികസനത്തിൽ പങ്കെടുക്കുകയും ചെയ്തു.",ml:റാസ്മസ് ലെർഡോഫ്,https://ml.wikipedia.org/wiki/റാസ്മസ്_ലെർഡോഫ്
Malayalam,അദ്ദേഹം പദ്ധതിയിലേക്ക് സംഭാവന ചെയ്യുന്നത് തുടരുന്നു.,ml:റാസ്മസ് ലെർഡോഫ്,https://ml.wikipedia.org/wiki/റാസ്മസ്_ലെർഡോഫ്
Malayalam,വിഖ്യാത ശിലാലിഖിത-പുരാവസ്തുശാസ്ത്ര ഗവേഷക പണ്ഡിതനാണ് ഐരാവതം മഹാദേവൻ.(2 ഒക്ടോബർ 1930 - 27 നവംബർ 2018 തഞ്ചാവൂർ) തമിഴ്-ബ്രാഹ്മി ലിപികൾ വായിച്ചെടുത്തതുകൂടാതെ സിന്ധുലിപികളുടെ വ്യാഖ്യാനമായി ബന്ധപ്പെട്ടും മഹാദേവൻ സംഭാവനകൾ നൽകിയിട്ടുണ്ട്.,ml:ഐരാവതം മഹാദേവൻ,https://ml.wikipedia.org/wiki/ഐരാവതം_മഹാദേവൻ
Malayalam,പാണ്ഡ്യ-ചേര കാലഘട്ടത്തിലെ തമിഴ്- ബ്രാഹ്മിലിഖിതങ്ങൾ വായിച്ചെടുത്തത് തമിഴ് സാഹിത്യത്തിലെ പല പരാമർശങ്ങൾക്കും ചരിത്രപരമായ സാധുതയേകിയിരുന്നു.,ml:ഐരാവതം മഹാദേവൻ,https://ml.wikipedia.org/wiki/ഐരാവതം_മഹാദേവൻ
Malayalam,തമിഴ്‍നാട്ടിൽ നിന്നുള്ള ഒരു രാഷ്ട്രീയ പ്രവർത്തകനും ലോക്സഭാംഗവുമാണ് കെ.,ml:കെ. സുബ്ബരായൻ,https://ml.wikipedia.org/wiki/കെ._സുബ്ബരായൻ
Malayalam,"തമിഴ്‍നാട്ടിലെ തിരുപ്പൂർ ലോക്സഭാമണ്ഡലത്തെ പ്രതിനിധീകരിക്കുന്ന സുബ്ബരായൻ, കമ്മ്യൂണിസ്റ്റ് പാർട്ടി ഓഫ് ഇന്ത്യ (സി.പി.ഐ) പാർട്ടിയിലെ അംഗവുമാണ്.",ml:കെ. സുബ്ബരായൻ,https://ml.wikipedia.org/wiki/കെ._സുബ്ബരായൻ
Malayalam,ഇതിനു മുൻപ് പതിനാലാം ലോക്സഭയിൽ കോയമ്പത്തൂരിൽ നിന്നുള്ള അംഗവുമായിരുന്നു.,ml:കെ. സുബ്ബരായൻ,https://ml.wikipedia.org/wiki/കെ._സുബ്ബരായൻ
Malayalam,തിരുപ്പൂർ നിയമസഭാ മണ്ഡലത്തിൽ നിന്നും രണ്ടു പ്രാവശ്യം തമിഴ്‍നാട് നിയമസഭയിലേക്കും സുബ്ബരായൻ തിരഞ്ഞെടുക്കപ്പെട്ടിട്ടുണ്ട്.,ml:കെ. സുബ്ബരായൻ,https://ml.wikipedia.org/wiki/കെ._സുബ്ബരായൻ
Malayalam,ഈസ്ട്രജൻ റീപ്ലേസ്‌മെന്റ് തെറാപ്പിക്ക് വിധേയരായവരിൽ ഗർഭാശയത്തിൻറെ ആവരണത്തിന്റെ അമിതമായ നിർമ്മാണം തടയുന്നതിനും ജനന നിയന്ത്രണത്തിനും കനത്ത ആർത്തവത്തിനും ഇത് ഉപയോഗിക്കുന്നു.,ml:ഹോർമോൺ ഗർഭാശയ ഉപകരണം,https://ml.wikipedia.org/wiki/ഹോർമോൺ_ഗർഭാശയ_ഉപകരണം
Malayalam,"ജനന നിയന്ത്രണത്തിന്റെ ഏറ്റവും ഫലപ്രദമായ രൂപങ്ങളിൽ ഒന്നാണിത്, ഒരു വർഷത്തെ പരാജയ നിരക്ക് ഏകദേശം 0.2% ആണ്.",ml:ഹോർമോൺ ഗർഭാശയ ഉപകരണം,https://ml.wikipedia.org/wiki/ഹോർമോൺ_ഗർഭാശയ_ഉപകരണം
Malayalam,ഉപകരണം ഗർഭപാത്രത്തിൽ സ്ഥാപിക്കുകയും മൂന്ന് മുതൽ എട്ട് വർഷം വരെ നീണ്ടുനിൽക്കുകയും ചെയ്യുന്നു.,ml:ഹോർമോൺ ഗർഭാശയ ഉപകരണം,https://ml.wikipedia.org/wiki/ഹോർമോൺ_ഗർഭാശയ_ഉപകരണം
Malayalam,നീക്കം ചെയ്തതിനുശേഷം ഫെർട്ടിലിറ്റി പലപ്പോഴും വേഗത്തിൽ തിരിച്ചെത്തുന്നു.,ml:ഹോർമോൺ ഗർഭാശയ ഉപകരണം,https://ml.wikipedia.org/wiki/ഹോർമോൺ_ഗർഭാശയ_ഉപകരണം
Malayalam,ഇത്തരത്തിലുണ്ടാകുന്ന സുപ്പർനോവകളുടെ peak luminosity സമാനമായിരിക്കും.വിസ്ഫോടനത്തിനു മുൻപ് വെള്ളക്കുള്ളന്മാരിൽ അടിഞ്ഞുകൂടുന്ന പിണ്ഡം സമമായതിനാലാണിത്.,ml:സൂപ്പർനോവ Iഎ,https://ml.wikipedia.org/wiki/സൂപ്പർനോവ_Iഎ
Malayalam,ദൃശ്യകാന്തിമാനത്തിലുള്ള ഈ സ്ഥിരത മൂലം Type Ia സൂപ്പർനോവകൾ അവ ഉൾക്കൊള്ളുന്ന ഗാലക്സികളിലേക്കുള്ള ദൂരം അളക്കാനുള്ള സ്റ്റാൻഡേർഡ് കാൻഡിൽസ് ആയി ഉപയോഗിക്കുന്നു.,ml:സൂപ്പർനോവ Iഎ,https://ml.wikipedia.org/wiki/സൂപ്പർനോവ_Iഎ
Malayalam,കേരളത്തിൽ നിന്നുള്ള ഒരു കഥകളി കലാകാരനായിരുന്നു ചെന്നിത്തല ചെല്ലപ്പൻപിള്ള.,ml:ചെന്നിത്തല ചെല്ലപ്പൻ പിള്ള,https://ml.wikipedia.org/wiki/ചെന്നിത്തല_ചെല്ലപ്പൻ_പിള്ള
Malayalam,1991-ൽ സംഗീത നാടക അക്കാദമിയുടെ പുരസ്കാരവും 1996-ൽ കേരള കലാമണ്ഡലം പുരസ്കാരവും അദ്ദേഹത്തിന് ലഭിച്ചു.,ml:ചെന്നിത്തല ചെല്ലപ്പൻ പിള്ള,https://ml.wikipedia.org/wiki/ചെന്നിത്തല_ചെല്ലപ്പൻ_പിള്ള
Malayalam,കേരളത്തിലെ ചില ഭാഗങ്ങാളിൽ ഓണാഘോഷവുമായി ബന്ധപ്പെട്ട ഐതിഹ്യങ്ങളിലെ ഓണത്തപ്പന് നേദിക്കാനായി തിരുവോണദിനത്തിൽ തുമ്പപ്പൂവും അരിയും ചേർത്ത് ഉണ്ടാക്കുന്ന അടയാണ് പൂവട.,ml:പൂവട,https://ml.wikipedia.org/wiki/പൂവട
Malayalam,ചട്ടിയിൽ വച്ച് വറുക്കാതെ നെല്ല് കുത്തി അരി ഉരലിൽ ഇട്ട് പൊടിച്ച് അതിൽ ശർക്കര ചേർത്താണ് പൂവടയുണ്ടാക്കുക.,ml:പൂവട,https://ml.wikipedia.org/wiki/പൂവട
Malayalam,സാധാരണ അട ഉണ്ടാക്കുന്നതിനേക്കാൾ ബഹുമാനം കൂടുതൽ വേണ്ട ഒരു ചടങ്ങായാണ് ഇതിനെ കാണുന്നത്.,ml:പൂവട,https://ml.wikipedia.org/wiki/പൂവട
Malayalam,ഇങ്ങനെ ഉണ്ടാക്കുന്ന പൂവട ചൂടോടെ മാവേലി ക്കായി അർപ്പിക്കുന്നു.,ml:പൂവട,https://ml.wikipedia.org/wiki/പൂവട
Malayalam,ബഹ്‌റൈൻ (ഇംഗ്ലീഷ്: :The Kingdom of Bahrain- അറബി: مملكة البحرين‎)‍ മധ്യപൂർവ്വദേശത്തെ ചെറിയ ഒരു ദ്വീപു രാജ്യമാണ്.,ml:ബഹ്റൈൻ,https://ml.wikipedia.org/wiki/ബഹ്റൈൻ
Malayalam,ഏഷ്യൻ വൻ‌കരയുടെ തെക്കുപടിഞ്ഞാറ് പേർഷ്യൻ ഉൾക്കടലിലാണ് ബഹ്‌റൈനിന്റെ സ്ഥാനം.,ml:ബഹ്റൈൻ,https://ml.wikipedia.org/wiki/ബഹ്റൈൻ
Malayalam,പടിഞ്ഞാറ് സൗദി അറേബ്യയും തെക്ക് ഖത്തറുമാണ് അയൽരാജ്യങ്ങൾ.,ml:ബഹ്റൈൻ,https://ml.wikipedia.org/wiki/ബഹ്റൈൻ
Malayalam,"ഇന്ത്യയിലെ ഒരു പ്രധാന വ്യവസായിയാണ് മുകേഷ് അംബാനി (ജനനം:ഏപ്രിൽ 19, 1957).",ml:മുകേഷ് അംബാനി,https://ml.wikipedia.org/wiki/മുകേഷ്_അംബാനി
Malayalam,ധീരുഭായ് അംബാനിയുടേയും കോകിലബെൻ അംബാനിയുടേയും മകനായി ജനിച്ച ഇദ്ദേഹം ആരംഭിച്ച റിലയൻസ് ഇൻഫോകോം ലിമിറ്റഡ് എന്ന സ്ഥാപനമാണ് ഇപ്പോൾ റിലയൻസ് കമ്മ്യൂണിക്കേഷൻ ലിമിറ്റഡ് എന്നറിയപ്പെടുന്നത്.,ml:മുകേഷ് അംബാനി,https://ml.wikipedia.org/wiki/മുകേഷ്_അംബാനി
Malayalam,"റിലയൻസ് ഇൻഡസ്റ്റ്രീസിന്റെ ചെയർമാനും , മാനേജിംഗ് ഡയറക്ടറുമായ ഇദ്ദേഹത്തിനാണ്‌ കമ്പനിയുടെ പ്രധാന ഓഹരിപങ്കാളിത്തവും ഉള്ളത് .",ml:മുകേഷ് അംബാനി,https://ml.wikipedia.org/wiki/മുകേഷ്_അംബാനി
Malayalam,കമ്പനിയിൽ തന്റെ വ്യക്തിഗതമായ ഓഹരിവിഹിതം 48 ശതമാനത്തോളമുണ്ട്.,ml:മുകേഷ് അംബാനി,https://ml.wikipedia.org/wiki/മുകേഷ്_അംബാനി
Malayalam,പാകിസ്താനിലെ പഞ്ചാബ് സംസ്ഥാനത്തിലെ ഒരു ജില്ലയാണ് റാവൽപിണ്ഡി.(ഉർദു: ضِلع راولپِنڈى) പഞ്ചാബിന്റെ വടക്കെ അറ്റത്തായിട്ടാണ് ഇത് സ്ഥിതിചെയ്യുന്നത്.,ml:റാവൽപിണ്ഡി ജില്ല,https://ml.wikipedia.org/wiki/റാവൽപിണ്ഡി_ജില്ല
Malayalam,1960ൽ ഇസ്ലാമാബാദ് തലസ്ഥാന നഗരിയായി മാറുന്നത് വരെ ഇതിന്റെ വിസ്തീർണ്ണം 6192 ച.കി.മി.,ml:റാവൽപിണ്ഡി ജില്ല,https://ml.wikipedia.org/wiki/റാവൽപിണ്ഡി_ജില്ല
Malayalam,ഹിമാലയത്തിന്റെ താഴ്വാരത്ത് വരുന്ന പ്രദേശമായ ഇവിടെ താഴ്വരകളും പുഴകളുമുണ്ട്.,ml:റാവൽപിണ്ഡി ജില്ല,https://ml.wikipedia.org/wiki/റാവൽപിണ്ഡി_ജില്ല
Malayalam,"സിന്ധ്, ഝലം നദികൾ ഈ ജില്ലയിലൂടെ കടന്നുപോകുന്നു.",ml:റാവൽപിണ്ഡി ജില്ല,https://ml.wikipedia.org/wiki/റാവൽപിണ്ഡി_ജില്ല
Malayalam,2013 ൽ ചൈനയിലെ ഷെൻ‌ഷെൻ ആസ്ഥാനമായി സ്ഥാപിതമായ ഒരു ചൈന ആസ്ഥാനമായുള്ള മൊബൈൽ ഫോൺ നിർമ്മാതാക്കളുടെ കമ്പനിയാണ് itel മൊബൈൽ .,ml:ഐടെൽ മൊബൈൽ,https://ml.wikipedia.org/wiki/ഐടെൽ_മൊബൈൽ
Malayalam,"ഇതിന്റെ ഉൽപ്പന്നങ്ങൾ പ്രധാനമായും ഇന്ത്യ, ശ്രീലങ്ക, ബംഗ്ലാദേശ്, ചൈന, പാകിസ്ഥാൻ എന്നിവിടങ്ങളിലും ആഫ്രിക്ക, ദക്ഷിണേഷ്യ, യൂറോപ്പ്, ലാറ്റിൻ അമേരിക്ക എന്നിവയുടെ ചില ഭാഗങ്ങളിലും വിൽക്കുന്നു.",ml:ഐടെൽ മൊബൈൽ,https://ml.wikipedia.org/wiki/ഐടെൽ_മൊബൈൽ
Malayalam,2013 മാർച്ചിൽ ലീ വെയ്‌ഗുവോയും ഷെൻ‌ഷെൻ ട്രാൻസ്‌ഷൻ ഹോൾഡിംഗ്‌സ് കോ ലിമിറ്റഡും ചേർന്നാണ് സ്ഥാപനം സ്ഥാപിച്ചത്.,ml:ഐടെൽ മൊബൈൽ,https://ml.wikipedia.org/wiki/ഐടെൽ_മൊബൈൽ
Malayalam,"ഇത് പ്രധാനമായും കുറഞ്ഞ ബജറ്റ് സ്മാർട്ട്‌ഫോണുകൾ, ഫീച്ചർ ഫോണുകൾ, ടെലിവിഷനുകൾ എന്നിവ വിൽക്കുന്നു.",ml:ഐടെൽ മൊബൈൽ,https://ml.wikipedia.org/wiki/ഐടെൽ_മൊബൈൽ
Malayalam,വിശുദ്ധ കത്രീന -- കത്തോലിക്ക സഭയിലെ വിശുദ്ധ കത്രീന കൈഫ്‌ --ഇന്ത്യൻ ചലച്ചിത്ര നടി കത്രീന ചുഴലിക്കാറ്റ് --2005ൽ അമേരിക്കയിലുണ്ടായ ചുഴലിക്കാറ്റ്,ml:കത്രീന (വിവക്ഷകൾ),https://ml.wikipedia.org/wiki/കത്രീന_(വിവക്ഷകൾ)
Malayalam,ജർമൻ ഭൗതികശാസ്ത്രജ്ഞനായിരുന്നു ഫ്രീഡ്റിക് ഏൺസ്റ്റ് ഡോൺ (1848 ജൂലൈ 27 – 1916 ഡിസംബർ 16).,ml:ഫ്രീഡ്റിക് ഏൺസ്റ്റ് ഡോൺ,https://ml.wikipedia.org/wiki/ഫ്രീഡ്റിക്_ഏൺസ്റ്റ്_ഡോൺ
Malayalam,"പ്രകാശികം, വൈദ്യുതി, വികിരണങ്ങൾ, റേഡിയോ ആക്റ്റീവത എന്നീ മേഖലകളിൽ ഗവേഷണം നടത്തി.",ml:ഫ്രീഡ്റിക് ഏൺസ്റ്റ് ഡോൺ,https://ml.wikipedia.org/wiki/ഫ്രീഡ്റിക്_ഏൺസ്റ്റ്_ഡോൺ
Malayalam,1878-ൽ ഡോൺ പ്രഭാവം (Dorn effective)എന്ന പ്രതിഭാസവും 1900-ൽ റഡോൺ എന്ന മൂലകവും ഇദ്ദേഹം കണ്ടുപിടിച്ചു.,ml:ഫ്രീഡ്റിക് ഏൺസ്റ്റ് ഡോൺ,https://ml.wikipedia.org/wiki/ഫ്രീഡ്റിക്_ഏൺസ്റ്റ്_ഡോൺ
Malayalam,ഒരു മലയാളചലച്ചിത്രനടനാണ് രജത് മേനോൻ.,ml:രജത് മേനോൻ,https://ml.wikipedia.org/wiki/രജത്_മേനോൻ
Malayalam,കമൽ സംവിധാനം ചെയ്ത ഗോൾ എന്ന ചിത്രത്തിലൂടെ സിനിമാ അഭിനയരംഗത്തെത്തി.,ml:രജത് മേനോൻ,https://ml.wikipedia.org/wiki/രജത്_മേനോൻ
Malayalam,"പിന്നീട് വെള്ളത്തൂവൽ, ജനകൻ, സെവൻസ് തുടങ്ങിയ ചിത്രങ്ങളിൽ അദ്ദേഹം അഭിനയിച്ചു.",ml:രജത് മേനോൻ,https://ml.wikipedia.org/wiki/രജത്_മേനോൻ
Malayalam,"പ്രാഥമിക വിദ്യാഭ്യാസം അബുദാബിയിൽ പൂർത്തിയാക്കിയ രജത്, തൃശൂർ ഭാരതിയ വിദ്യാഭാവനിൽ പ്ലസ് ടു പൂർത്തിയാക്കി.",ml:രജത് മേനോൻ,https://ml.wikipedia.org/wiki/രജത്_മേനോൻ
Malayalam,ചാൾട്ടൺ ദ്വീപ് കാനഡയിലെ നുനാവടിൽ ക്വിക്കിഖ്റ്റാലുക് പ്രവിശ്യയിൽ ജെയിംസ് ഉൾക്കടലിൽ സ്ഥിതി ചെയ്യുന്ന ഒരു ജനവാസമില്ലാത്ത ദ്വീപാണ്.,ml:ചാൾട്ടൺ ദ്വീപ്,https://ml.wikipedia.org/wiki/ചാൾട്ടൺ_ദ്വീപ്
Malayalam,റൂപർട്ട് ഉൾക്കടലിന് വടക്കു പടിഞ്ഞാറായി സ്ഥിതിചെയ്യുന്ന ഈ ദ്വീപിന്റെ വിസ്തീർണ്ണം 308 ചതുരശ്ര കിലോമീറ്ററാണ് (119 ചതുരശ്ര മൈൽ).,ml:ചാൾട്ടൺ ദ്വീപ്,https://ml.wikipedia.org/wiki/ചാൾട്ടൺ_ദ്വീപ്
Malayalam,ജെയിംസ് ഉൾക്കടലിനു തന്റെ പേര് നൽകിയ തോമസ് ജെയിംസ് 1631 ൽ ഇവിടെ തണുപ്പുകാലം കഴിച്ചുകൂട്ടുകയും ദ്വീപിനു പ്രിൻസ് ചാൾസിന്റെ പേരു നൽകുകയും ചെയ്തു.,ml:ചാൾട്ടൺ ദ്വീപ്,https://ml.wikipedia.org/wiki/ചാൾട്ടൺ_ദ്വീപ്
Malayalam,ഫോർട്ട്-റൂപ്പർട്ടിന്റെ (1668) സ്ഥാപകർ ഈ ദ്വീപ് ദർശിച്ചതായി കാണാം.1674 ൽ ചാൾസ് ബയ്ലി ഏകദേശം ഈ തീരത്ത് എത്തിച്ചേർന്നിരുന്നു.,ml:ചാൾട്ടൺ ദ്വീപ്,https://ml.wikipedia.org/wiki/ചാൾട്ടൺ_ദ്വീപ്
Malayalam,ജമ്മു കാശ്മീർ സംസ്ഥാനത്ത് ലേഹ് ജില്ലയിലെ ഒരു ഗ്രാമമാണ് കാർസോക് അഥവാകോർസോക് അത് ലെഹ് താലൂക്കിലെ റുപ്ഷു പ്രദേശത്ത് സൊ മൊറിരി തടാക തീരത്ത് സ്ഥിതിചെയ്യുന്നു.,"ml:കാർസോക്, കാശ്മീർ","https://ml.wikipedia.org/wiki/കാർസോക്,_കാശ്മീർ"
Malayalam,ഇത് ലോകത്തെ ഏറ്റവും ഉയരത്തിൽ സ്ഥിതിചെയ്യുന്ന ഗ്രാമങ്ങളിൽ ഉൾപ്പെട്ടതാണ്.,"ml:കാർസോക്, കാശ്മീർ","https://ml.wikipedia.org/wiki/കാർസോക്,_കാശ്മീർ"
Malayalam,"വ്യത്യസ്ത ഉപകരണങ്ങൾ ആണ് പറയുന്നതെങ്കിലും അത് സമുദ്രനിരപ്പിൽ നിന്നും 15,075 അടി (4,595 മീറ്റർ) മുതൽ 14,995 അടി (4,570 മീറ്റർ) വരെ ഉയരത്തിലാണ് സ്ഥിതിചെയ്യുന്നത്.","ml:കാർസോക്, കാശ്മീർ","https://ml.wikipedia.org/wiki/കാർസോക്,_കാശ്മീർ"
Malayalam,ബൗദ്ധരുടെ ദ്രുക്പ സമ്പ്രദായത്തിലെ കൊർസോക് വിഹാരം ഇവിടെ സ്ഥിതിചെയ്യുന്നു.,"ml:കാർസോക്, കാശ്മീർ","https://ml.wikipedia.org/wiki/കാർസോക്,_കാശ്മീർ"
Malayalam,സംസ്ഥാന വനിത കമ്മീഷൻ്റെ മുൻ അധ്യക്ഷയും എറണാകുളം ജില്ലയിൽ നിന്നുള്ള മുതിർന്ന മാർക്സിസ്റ്റ് പാർട്ടി നേതാവുമായിരുന്ന ജി.സി.ഡി.എയുടെ മുൻ ചെയർപേഴ്സണുമായ ഇടതുപക്ഷ പ്രവർത്തകയായിരുന്നു എം.സി.ജോസഫൈൻ (1948-2022),ml:എം.സി. ജോസഫൈൻ,https://ml.wikipedia.org/wiki/എം.സി._ജോസഫൈൻ
Malayalam,മലപ്പുറം ജില്ലയിൽ കോട്ടക്കൽ പട്ടണത്തിനടുത്തായി സ്ഥിതി ചെയ്യുന്ന ഒരു ചെറു ഗ്രാമമാണ് ആട്ടീരി.,ml:ആട്ടീരി,https://ml.wikipedia.org/wiki/ആട്ടീരി
Malayalam,ജില്ലാ ആസ്ഥാനത്തു നിന്നും ഏകദേശം 14 കി.മീ തെക്കു-പടിഞ്ഞാറ് ദിശയിൽ ഒതുക്കുങ്ങൽ പഞ്ചായത്തിൽ സ്ഥിതി ചെയ്യുന്നു.,ml:ആട്ടീരി,https://ml.wikipedia.org/wiki/ആട്ടീരി
Malayalam,ഡിസോട്ടോ കൗണ്ടി അമേരിക്കൻ ഐക്യനാടുകളിലെ മിസിസിപ്പി സംസ്ഥാനത്തിൻ്റെ വടക്കുപടിഞ്ഞാറൻ അതിർത്തിയിൽ സ്ഥിതി ചെയ്യുന്ന ഒരു കൗണ്ടിയാണ്.,ml:ഡിസോട്ടോ കൗണ്ടി,https://ml.wikipedia.org/wiki/ഡിസോട്ടോ_കൗണ്ടി
Malayalam,"2020 ലെ കനേഷുമാരി പ്രകാരം, ആകെ ജനസംഖ്യ 185,314 ആയിരുന്ന ഈ കൗണ്ടി മിസിസിപ്പി സംസ്ഥാനത്തെ ഏറ്റവും ജനസംഖ്യയുള്ള മൂന്നാമത്തെ കൗണ്ടിയായി മാറി.",ml:ഡിസോട്ടോ കൗണ്ടി,https://ml.wikipedia.org/wiki/ഡിസോട്ടോ_കൗണ്ടി
Malayalam,ഹെർണാണ്ടോ നഗരം ആണ് ഇതിൻ്റെ കൗണ്ടി സീറ്റ്.,ml:ഡിസോട്ടോ കൗണ്ടി,https://ml.wikipedia.org/wiki/ഡിസോട്ടോ_കൗണ്ടി
Malayalam,മെംഫിസ് മെട്രോപൊളിറ്റൻ ഏരിയയുടെ ഭാഗമാണ് ഡിസോട്ടോ കൗണ്ടി.,ml:ഡിസോട്ടോ കൗണ്ടി,https://ml.wikipedia.org/wiki/ഡിസോട്ടോ_കൗണ്ടി
Malayalam,"ഒരു അമേരിക്കൻ ചിത്രകാരിയായിരുന്നു മേരി സ്റ്റീവൻസൺ കസ്സാറ്റ് (മേയ് 22, 1844 - ജൂൺ 14, 1926).",ml:മേരി കസ്സാറ്റ്,https://ml.wikipedia.org/wiki/മേരി_കസ്സാറ്റ്
Malayalam,സ്ത്രീകളുടെ സാമൂഹികവും സ്വകാര്യവുമായ ജീവിതങ്ങളുടെ ചിത്രങ്ങളാണ് കൂടുതലായും സൃഷ്ടിച്ചത്.,ml:മേരി കസ്സാറ്റ്,https://ml.wikipedia.org/wiki/മേരി_കസ്സാറ്റ്
Malayalam,കൗമാരക്കാരുടെയും കുട്ടികളുടെയും ഇടയിലുള്ള ബന്ധങ്ങൾക്ക് അവർ പ്രത്യേക ഊന്നൽ നൽകി.,ml:മേരി കസ്സാറ്റ്,https://ml.wikipedia.org/wiki/മേരി_കസ്സാറ്റ്
Malayalam,ദക്ഷിണാഫ്രിക്കയ്ക്കുവേണ്ടി കളിക്കുന്ന പാകിസ്താൻ വംശജനായ ക്രിക്കറ്റ് താരമാണ് ഇമ്രാൻ താഹിർ (ജനനം 1979 മാർച്ച് 27).,ml:ഇമ്രാൻ താഹിർ,https://ml.wikipedia.org/wiki/ഇമ്രാൻ_താഹിർ
Malayalam,വലം കൈയൻ ഓഫ് സ്പിന്നറായ താഹിർ 2011 മുതൽ ദക്ഷിണാഫ്രിക്കൻ ടീമിനു വേണ്ടി കളിക്കുന്നു.,ml:ഇമ്രാൻ താഹിർ,https://ml.wikipedia.org/wiki/ഇമ്രാൻ_താഹിർ
Malayalam,ഐ.പി.എല്ലിൽ ഡൽഹി ഡെയർഡെവിൾസിനു വേണ്ടിയും അദ്ദേഹം കളിക്കുന്നുണ്ട്.,ml:ഇമ്രാൻ താഹിർ,https://ml.wikipedia.org/wiki/ഇമ്രാൻ_താഹിർ
Malayalam,ഏകദിന ക്രിക്കറ്റിൽ ദക്ഷിണാഫ്രിക്കയ്ക്കുവേണ്ടി ഏറ്റവും കൂടുതൽ വിക്കറ്റ് നേടിയിട്ടുള്ള ലെഗ് സ്പിന്നർ എന്ന നേട്ടം താഹിറിനു സ്വന്തമാണ്.,ml:ഇമ്രാൻ താഹിർ,https://ml.wikipedia.org/wiki/ഇമ്രാൻ_താഹിർ
Malayalam,പേരുപോലെതന്നെ സൂക്ഷ്മദർശിനി എന്നാണ് ഇത് അറിയപ്പെടുന്നത്.,ml:സൂക്ഷ്മദർശിനി (നക്ഷത്രരാശി),https://ml.wikipedia.org/wiki/സൂക്ഷ്മദർശിനി_(നക്ഷത്രരാശി)
Malayalam,4.7 കാന്തികമാനം ഉള്ള നക്ഷത്രങ്ങൾ ഇതിലുണ്ട്.,ml:സൂക്ഷ്മദർശിനി (നക്ഷത്രരാശി),https://ml.wikipedia.org/wiki/സൂക്ഷ്മദർശിനി_(നക്ഷത്രരാശി)
Malayalam,സെപ്തംബറിൽ ഇതിനെ തെക്കൻചക്രവാളത്തിൽ കാണാം.,ml:സൂക്ഷ്മദർശിനി (നക്ഷത്രരാശി),https://ml.wikipedia.org/wiki/സൂക്ഷ്മദർശിനി_(നക്ഷത്രരാശി)
Malayalam,മധ്യരേഖാപ്രദേശങ്ങളിൽ മിക്കയിടങ്ങളിലും കേരളത്തിൽ എല്ലായിടത്തും തന്നെ കാണപ്പെടുന്ന ഒരു കുറ്റിച്ചെടിയാണ് കാട്ടുമർമ്മാണി.,ml:കാട്ടുമർമാണി,https://ml.wikipedia.org/wiki/കാട്ടുമർമാണി
Malayalam,(ശാസ്ത്രീയനാമം: Flemingia macrophylla).,ml:കാട്ടുമർമാണി,https://ml.wikipedia.org/wiki/കാട്ടുമർമാണി
Malayalam,മരുന്നിനായും കൃഷിയിടങ്ങളെ ഫലഭൂയിഷ്ടമാക്കാനുമെല്ലാം ഇത് നട്ടുവളർത്താറുണ്ട്.,ml:കാട്ടുമർമാണി,https://ml.wikipedia.org/wiki/കാട്ടുമർമാണി
Malayalam,"ഒരു അമേരിക്കൻ റാപ്പറും ഗായകനുമാണ് ഡ്വെയ്ൻ മൈക്കൽ കാർട്ടർ ജൂനിയർ എന്ന ലിൽ വെയ്ൻ (ജനനം സെപ്റ്റംബർ 27, 1982).",ml:ലിൽ വെയ്ൻ,https://ml.wikipedia.org/wiki/ലിൽ_വെയ്ൻ
Malayalam,നാല് ഗ്രാമി പുരസ്കാരങ്ങളടക്കം നിരവധി ബഹുമധികൾ നേടിയിട്ടുള്ള ഇദ്ദേഹം നിലവിൽ ബിൽബോർഡ് ഹോട്ട് 100 ചാർട്ടിൽ ഏറ്റവും ഗാനങ്ങൾ ഉള്ള കലാകാരനാണ്.ലോകമെമ്പാടുമായി 10 കോടിയിലധികം ആൽബങ്ങൾ വിറ്റഴിച്ചിട്ടുള്ള ഇദ്ദേഹം എക്കാലത്തെയും മികച്ച കലാകാരന്മാരിൽ ഒരാളാണ്.,ml:ലിൽ വെയ്ൻ,https://ml.wikipedia.org/wiki/ലിൽ_വെയ്ൻ
Malayalam,"അല്ലെൻ (മേയ് 8, 1929 - ഡിസംബർ 16, 1981) ഒരു ആഫ്രിക്കൻ-അമേരിക്കൻ രാഷ്ട്രീയക്കാരനും റിപ്പബ്ലിക്കൻ പാർട്ടിയിൽ നിന്നുള്ള വൈദ്യയുമായിരുന്നു.",ml:ഏഥെൽ ഡി. അല്ലെൻ,https://ml.wikipedia.org/wiki/ഏഥെൽ_ഡി._അല്ലെൻ
Malayalam,10 മാസക്കാലം ഡിക്ക് തോൺബർഗിന്റെ ഗവർണറുടെ കീഴിൽ കോമൺവെൽത്ത് ഓഫ് പെൻസിൽവാനിയയുടെ സെക്രട്ടറിയായി സേവനമനുഷ്ഠിച്ചു.,ml:ഏഥെൽ ഡി. അല്ലെൻ,https://ml.wikipedia.org/wiki/ഏഥെൽ_ഡി._അല്ലെൻ
Malayalam,"സംസ്ഥാന കാബിനറ്റിൽ സേവനമനുഷ്ഠിക്കുന്നതിന് മുമ്പ്, ഏഥെൽ അഞ്ചാമത്തെയും വലിയ ജില്ലകളെയും പ്രതിനിധീകരിച്ച് 1972 മുതൽ 1979 വരെ ഫിലാഡൽഫിയ സിറ്റി കൗൺസിൽ അംഗമായിരുന്നു.",ml:ഏഥെൽ ഡി. അല്ലെൻ,https://ml.wikipedia.org/wiki/ഏഥെൽ_ഡി._അല്ലെൻ
Malayalam,"തമിഴ്, മലയാളം, തെലുങ്ക് ഭാഷകളിലെ ചലച്ചിത്രങ്ങളിൽ അഭിനയിക്കുന്ന നടിയും മോഡലുമാണ് റെബ മോണിക്ക ജോൺ (ജനനംഃ ഫെബ്രുവരി 4,1994).",ml:റെബ മോണിക്ക ജോൺ,https://ml.wikipedia.org/wiki/റെബ_മോണിക്ക_ജോൺ
Malayalam,വിനീത് ശ്രീനിവാസൻ സംവിധാനം ചെയ്ത ജേക്കബിന്റെ സ്വർഗ്ഗരാജ്യം (2016) എന്ന മലയാള ചിത്രത്തിലൂടെ സഹനടിയായി അരങ്ങേറ്റം നടത്തിയ അവർ പിന്നീട് ജറുഗണ്ടി (2018) എന്ന ചിത്രത്തിലൂടെ തമിഴിൽ അരങ്ങേറ്റം കുറിച്ചു.,ml:റെബ മോണിക്ക ജോൺ,https://ml.wikipedia.org/wiki/റെബ_മോണിക്ക_ജോൺ
Malayalam,"ജപ്പാനെതിരായ വിജയദിനം, (ഇംഗ്ലീഷ്- Victory over Japan Day, V-J Day) രണ്ടാം ലോക മഹായുദ്ധത്തിൽ ജപ്പാൻ സാമ്രാജ്യം കീഴടങ്ങിയ ദിവസമായിരുന്നു, തത്ഫലമായി, യുദ്ധത്തിന്റെ അവസാനം.",ml:ജപ്പാനെതിരായ വിജയദിനം,https://ml.wikipedia.org/wiki/ജപ്പാനെതിരായ_വിജയദിനം
Malayalam,"ജപ്പാനിൽ കീഴടങ്ങുന്നതിനെക്കുറിച്ചുള്ള പ്രാഥമിക പ്രഖ്യാപനം നടന്ന രണ്ട് ദിവസങ്ങളിലും ഈ പദം (ജപ്പാനെതിരായ വിജയദിനം) പ്രയോഗിച്ചു - 1945 ഓഗസ്റ്റ് 15, ജപ്പാനിൽ 1945 ഓഗസ്റ്റ് 14, ഇത് അമേരിക്കയിലും, കിഴക്കൻ പസഫിക് ദ്വീപുകളും പ്രഖ്യാപിച്ചതും , സമയ മേഖലകളിലെ വ്യത്യാസങ്ങൾ കാരണം.",ml:ജപ്പാനെതിരായ വിജയദിനം,https://ml.wikipedia.org/wiki/ജപ്പാനെതിരായ_വിജയദിനം
Malayalam,"1945 സെപ്റ്റംബർ 2, രണ്ടാം ലോക മഹായുദ്ധം ഔദ്യോഗികമായി അവസാനിപ്പിച്ച് കീഴടങ്ങൽ രേഖയിൽ ഒപ്പിട്ടപ്പോൾ.",ml:ജപ്പാനെതിരായ വിജയദിനം,https://ml.wikipedia.org/wiki/ജപ്പാനെതിരായ_വിജയദിനം
Malayalam,"ഓഗസ്റ്റ് 15, യുണൈറ്റഡ് കിംഗ്ഡത്തിന്റെ ഔദ്യോഗിക V-J Day ആണ്, യുഎസ് ഔദ്യോഗിക അനുസ്മരണം സെപ്റ്റംബർ 2 ആണ്.",ml:ജപ്പാനെതിരായ വിജയദിനം,https://ml.wikipedia.org/wiki/ജപ്പാനെതിരായ_വിജയദിനം
Malayalam,"മലവിരിഞ്ഞി, നെയാരം, പുകച്ചൻ, പട്ടുതാളി എന്നെല്ലാം അറിയപ്പെടുന്ന കമ്പിളിവിരിഞ്ഞി പശ്ചിമഘട്ടതദ്ദേശവാസിയായ ഒരു മരമാണ്.",ml:കമ്പിളിവിരിഞ്ഞി,https://ml.wikipedia.org/wiki/കമ്പിളിവിരിഞ്ഞി
Malayalam,(ശാസ്ത്രീയനാമം: Actinodaphne wightiana).,ml:കമ്പിളിവിരിഞ്ഞി,https://ml.wikipedia.org/wiki/കമ്പിളിവിരിഞ്ഞി
Malayalam,1000 മീറ്റർ വരെ ഉയരമുള്ള നനവാർന്ന നിത്യഹരിതവനങ്ങളിൽ കാണപ്പെടുന്നു.,ml:കമ്പിളിവിരിഞ്ഞി,https://ml.wikipedia.org/wiki/കമ്പിളിവിരിഞ്ഞി
Malayalam,കർണ്ണാടകത്തിലും തമിഴ്‌നാട്ടിലും കേരളത്തിലും വളരുന്നു.,ml:കമ്പിളിവിരിഞ്ഞി,https://ml.wikipedia.org/wiki/കമ്പിളിവിരിഞ്ഞി
Malayalam,യുണൈറ്റഡ് സ്റ്റേറ്റ്സിലെ വടക്ക് കിഴക്കൻ ഭാഗത്ത് മദ്ധ്യ അറ്റ്ലാന്റിക് പ്രദേശത്തായി സ്ഥിതി ചെയ്യുന്ന സംസ്ഥാനമാണ് ന്യൂ ജെഴ്സി.,ml:ന്യൂ ജെഴ്സി,https://ml.wikipedia.org/wiki/ന്യൂ_ജെഴ്സി
Malayalam,"വടക്ക് ന്യൂയോർക്ക്, കിഴക്ക് ഹഡ്സൺ നദി, സാന്റി ഹുക്ക് ഉൾക്കടൽ‍, ലോങ് ഐലന്റ്, അറ്റ്ലാന്റിക് സമുദ്രം എന്നിവയുമായി അതിർത്തി പങ്കിടുന്നു.",ml:ന്യൂ ജെഴ്സി,https://ml.wikipedia.org/wiki/ന്യൂ_ജെഴ്സി
Malayalam,"2,800 വർഷത്തോളം ആദിമ അമേരിക്കൻ ഇന്ത്യൻ നിവാസികൾ ഇവിടെ വസിച്ചിരുന്നു.",ml:ന്യൂ ജെഴ്സി,https://ml.wikipedia.org/wiki/ന്യൂ_ജെഴ്സി
Malayalam,1600-കളുടെ ആദ്യസമയത്ത് സ്വീഡനും ഡച്ചുമാണ് ഇവിടെ ആദ്യമായി യൂറോപ്യൻ കോളനികൾ സ്ഥാപിച്ചത്.,ml:ന്യൂ ജെഴ്സി,https://ml.wikipedia.org/wiki/ന്യൂ_ജെഴ്സി
Malayalam,‍ബൊൽവാർ മൊഹമ്മദ് കുഞ്ഞി രചിച്ച നോവലാണ് സ്വതന്ത്ര്യത ഓട്ട (നോവൽ) .,ml:സ്വതന്ത്ര്യത ഓട്ട,https://ml.wikipedia.org/wiki/സ്വതന്ത്ര്യത_ഓട്ട
Malayalam,ഈ കൃതിക്ക് 2016 ലെ കേന്ദ്ര സാഹിത്യ അക്കാദമി പുരസ്കാരം ലഭിച്ചു.,ml:സ്വതന്ത്ര്യത ഓട്ട,https://ml.wikipedia.org/wiki/സ്വതന്ത്ര്യത_ഓട്ട
Malayalam,പ്രധാനമായും റവ ഉപയോഗിച്ചുണ്ടാക്കുന്ന ഒരു ഭക്ഷണപാദാർഥമാണ് ഉപ്പുമാവ്.,ml:ഉപ്പുമാവ്,https://ml.wikipedia.org/wiki/ഉപ്പുമാവ്
Malayalam,"അരി, ഗോതമ്പ് എന്നിവ ഉപയോഗിച്ചും ഉപ്പുമാവ് തയ്യാറാക്കാം.",ml:ഉപ്പുമാവ്,https://ml.wikipedia.org/wiki/ഉപ്പുമാവ്
Malayalam,അബ്ദുൽ മുത്തലിബിന്റെ പന്ത്രണ്ടു സന്തതികളിലൊരാളും മുഹമ്മദു നബിയുടെ പിതൃസഹോദരനുമായിറ്റുന്നു അബ്ബാസ് ഇബ്നു അബ്ദുൽ മുത്തലിബ് (അറബി: العباس بن عبد المطلب‎).,ml:അബ്ബാസ് ഇബ്നു അബ്ദുൽ മുത്തലിബ്,https://ml.wikipedia.org/wiki/അബ്ബാസ്_ഇബ്നു_അബ്ദുൽ_മുത്തലിബ്
Malayalam,ധനികനും വർത്തകപ്രമാണിയും തത്ത്വചിന്തകനുമായിരുന്ന അബ്ബാസ് ആദ്യകാലത്ത് മുഹമ്മദുനബിയുടെ ഒരു എതിരാളികൂടിയായിരുന്നു.,ml:അബ്ബാസ് ഇബ്നു അബ്ദുൽ മുത്തലിബ്,https://ml.wikipedia.org/wiki/അബ്ബാസ്_ഇബ്നു_അബ്ദുൽ_മുത്തലിബ്
Malayalam,ബദർയുദ്ധത്തിൽ ഇസ്ലാമിക പക്ഷത്തിനെതിരായി ശത്രുക്കളുടെകൂടെ ചേർന്ന് ഇദ്ദേഹം യുദ്ധം ചെയ്തു.,ml:അബ്ബാസ് ഇബ്നു അബ്ദുൽ മുത്തലിബ്,https://ml.wikipedia.org/wiki/അബ്ബാസ്_ഇബ്നു_അബ്ദുൽ_മുത്തലിബ്
Malayalam,യുദ്ധത്തിൽ ബന്ധനസ്ഥനാക്കപ്പെട്ടതിനെ തുടർന്ന് സ്വന്തമായി പ്രതിഫലം നൽകി വിമോചിതനായി.,ml:അബ്ബാസ് ഇബ്നു അബ്ദുൽ മുത്തലിബ്,https://ml.wikipedia.org/wiki/അബ്ബാസ്_ഇബ്നു_അബ്ദുൽ_മുത്തലിബ്
Malayalam,പതിനഞ്ചാം നൂറ്റാണ്ടിൽ കേരളത്തിൽ ജീവിച്ചിരുന്ന ഗണിതജ്ഞനും തന്ത്രപണ്ഡിതനുമായിരുന്നു ചേന്നാസ് നാരായണൻ നമ്പൂതിരിപ്പാട്.,ml:ചേന്നാസ് നാരായണൻ നമ്പൂതിരിപ്പാട്,https://ml.wikipedia.org/wiki/ചേന്നാസ്_നാരായണൻ_നമ്പൂതിരിപ്പാട്
Malayalam,വാസ്തുശാസ്ത്രത്തിലും ഗണിതത്തിലും തന്ത്രങ്ങളിലും ആധികാരികമായ ജ്ഞാനം കൈക്കൊണ്ടിരുന്ന അദ്ദേഹം രചിച്ച തന്ത്രസമുച്ചയം ഇന്നും ക്ഷേത്രനിർമ്മാണത്തിലും ക്ഷേത്രതന്ത്രങ്ങളിലും സർവാധികാരികമായ ഗ്രന്ഥമാണ്.,ml:ചേന്നാസ് നാരായണൻ നമ്പൂതിരിപ്പാട്,https://ml.wikipedia.org/wiki/ചേന്നാസ്_നാരായണൻ_നമ്പൂതിരിപ്പാട്
Malayalam,ഭൂമിക്കടിയിലുള്ള പാറകൾ ഉന്നത മർദ്ദത്തിലുള്ള ദ്രാവകം ഉപയോഗിച്ച് തകർത്ത് അതിൽ അടങ്ങിയിട്ടുള്ള ഇന്ധനത്തിനായി ഉപയോഗിക്കാവുന്ന വാതകങ്ങൾ ഖനനം ചെയ്യുന്ന ഒരു രീതിയാണ് ഫ്രാക്കിംഗ് (Fracking അല്ലെങ്കിൽ Hydraulic fracturing),ml:ഫ്രാക്കിംഗ്,https://ml.wikipedia.org/wiki/ഫ്രാക്കിംഗ്
Malayalam,"ങ് (തമിഴിൽ:ங்) തമിഴ് അക്ഷരമാലയിലെ ഒരു അക്ഷരവും, തമിഴ് വ്യഞ്ജനാക്ഷരങ്ങളിലെ 2-ാം മത്തെ അക്ഷരവുമാണിത്.",ml:ങ് (തമിഴക്ഷരം),https://ml.wikipedia.org/wiki/ങ്_(തമിഴക്ഷരം)
Malayalam,തമിഴിൽ പൊതുവായും മലയാളത്തിൽ ഉപയോഗിക്കുന്നത് പോലെ ങ എന്ന ഉച്ചാരണം ഉപയോഗിക്കാറില്ല ക ചേർത്തുള്ള ങ്ക എന്ന ഉച്ചാരണം ആണ് തമിഴിൽ നിലനിൽക്കുന്നത്.,ml:ങ് (തമിഴക്ഷരം),https://ml.wikipedia.org/wiki/ങ്_(തമിഴക്ഷരം)
Malayalam,തമിഴിൽ ൻ അഥവ ന് എന്ന ശബ്ദം ആണ് ഈ അക്ഷരത്തെ പൊതുവായും പ്രതിനിധികരിക്കുന്നത്.,ml:ങ് (തമിഴക്ഷരം),https://ml.wikipedia.org/wiki/ങ്_(തമിഴക്ഷരം)
Bengali,"আলিসা লিউ (ইংরেজি: Alysa Liu, ইংরেজি উচ্চারণ: [əˈliːsə ljuː]; জন্ম: ৮ আগস্ট ২০০৫) হলেন একজন মার্কিন ফিগার স্কেটার।",bn:আলিসা লিউ,https://bn.wikipedia.org/wiki/আলিসা_লিউ
Bengali,তিনি আন্তর্জাতিক প্রতিযোগিতার মঞ্চে ফিগার স্কেটিংয়ের নারীদের একক বিভাগে মার্কিন যুক্তরাষ্ট্রের প্রতিনিধি হিসেবে প্রতিদ্বন্দ্বিতা করে থাকেন।,bn:আলিসা লিউ,https://bn.wikipedia.org/wiki/আলিসা_লিউ
Bengali,লিউ মার্কিন যুক্তরাষ্ট্রের হয়ে ২০২২ শীতকালীন অলিম্পিকে অংশগ্রহণ করেছেন।,bn:আলিসা লিউ,https://bn.wikipedia.org/wiki/আলিসা_লিউ
Bengali,খুলনা প্রকৌশল ও প্রযুক্তি বিশ্ববিদ্যালয় (সংক্ষেপে: কুয়েট) বাংলাদেশের একটি সরকারি প্রকৌশল বিশ্ববিদ্যালয়।,bn:খুলনা প্রকৌশল ও প্রযুক্তি বিশ্ববিদ্যালয়,https://bn.wikipedia.org/wiki/খুলনা_প্রকৌশল_ও_প্রযুক্তি_বিশ্ববিদ্যালয়
Bengali,এটি বাংলাদেশের দক্ষিণাঞ্চলের খুলনা জেলায় অবস্থিত।,bn:খুলনা প্রকৌশল ও প্রযুক্তি বিশ্ববিদ্যালয়,https://bn.wikipedia.org/wiki/খুলনা_প্রকৌশল_ও_প্রযুক্তি_বিশ্ববিদ্যালয়
Bengali,"পূর্বে এর নাম ছিল বাংলাদেশ ইনস্টিটিউট অব টেকনোলজি, খুলনা ও তারও আগে, খুলনা প্রকৌশল মহাবিদ্যালয়।",bn:খুলনা প্রকৌশল ও প্রযুক্তি বিশ্ববিদ্যালয়,https://bn.wikipedia.org/wiki/খুলনা_প্রকৌশল_ও_প্রযুক্তি_বিশ্ববিদ্যালয়
Bengali,এটি বাংলাদেশের শীর্ষস্থানীয় বিশ্ববিদ্যালয়গুলোর অন্যতম।,bn:খুলনা প্রকৌশল ও প্রযুক্তি বিশ্ববিদ্যালয়,https://bn.wikipedia.org/wiki/খুলনা_প্রকৌশল_ও_প্রযুক্তি_বিশ্ববিদ্যালয়
Bengali,"আসগর ফরহাদী (ফার্সি: اصغر فرهادی, উচ্চারণ [ʔæsɢǽɹe fæɹhɒːd̪íː] ; জন্ম: ৭ই মে ১৯৭২) একজন ইরানি চলচ্চিত্র পরিচালক এবং চিত্রনাট্যকার।",bn:আসগর ফরহাদি,https://bn.wikipedia.org/wiki/আসগর_ফরহাদি
Bengali,২০১২ সালে ফরহাদী বিশ্বের সবচেয়ে প্রভাবশালী ব্যক্তি হিসেবে টাইম ১০০-এর বার্ষিক তালিকায় অন্তর্ভুক্ত হয়েছিলেন।,bn:আসগর ফরহাদি,https://bn.wikipedia.org/wiki/আসগর_ফরহাদি
Bengali,টঙ্গপাং ওজেকম নাগাল্যান্ডের একজন স্বতন্ত্র রাজনীতিবিদ।,bn:টঙ্গপাং ওজেকম,https://bn.wikipedia.org/wiki/টঙ্গপাং_ওজেকম
Bengali,তিনি ২০১৮ সালে নাগাল্যান্ড বিধানসভা নির্বাচনে আঞ্জিতিয়ংপাং আসন থেকে স্বতন্ত্র প্রার্থী হিসাবে নির্বাচিত হয়েছিলেন।,bn:টঙ্গপাং ওজেকম,https://bn.wikipedia.org/wiki/টঙ্গপাং_ওজেকম
Bengali,তিনি ২০১৮ থেকে চতুর্থ নীফিউ রিও মন্ত্রকে গণপূর্ত বিভাগের মন্ত্রী ছিলেন।,bn:টঙ্গপাং ওজেকম,https://bn.wikipedia.org/wiki/টঙ্গপাং_ওজেকম
Bengali,বারাকাত আহমদ (মৃত্যু ১৯৮৮) ছিলেন একজন আহমদিয়া পণ্ডিত এবং ভারতীয় কূটনীতিক।,bn:বারাকাত আহমদ,https://bn.wikipedia.org/wiki/বারাকাত_আহমদ
Bengali,তিনি আমেরিকান ইউনিভার্সিটি অব বৈরুত থেকে আরব ইতিহাসে এবং তেহরান বিশ্ববিদ্যালয় থেকে সাহিত্যে ডক্টরেট ডিগ্রি অর্জন করেন।,bn:বারাকাত আহমদ,https://bn.wikipedia.org/wiki/বারাকাত_আহমদ
Bengali,আহমদ অস্ট্রেলিয়ায় ভারতের হাই কমিশনে ফার্স্ট সেক্রেটারি হিসেবে দায়িত্ব পালন করেন।,bn:বারাকাত আহমদ,https://bn.wikipedia.org/wiki/বারাকাত_আহমদ
Bengali,তিনি ওয়েস্ট ইন্ডিজে ভারতের উচ্চ কমিশনার ছিলেন এবং জাতিসংঘে ভারতীয় প্রতিনিধিদলের উপদেষ্টা হিসেবেও কাজ করেন।,bn:বারাকাত আহমদ,https://bn.wikipedia.org/wiki/বারাকাত_আহমদ
Bengali,"বৌদ্ধধর্মের সমালোচনা বিভিন্ন রূপে প্রকাশ পেয়েছে—দার্শনিক ও যুক্তিবাদী সমালোচনা যেমন রয়েছে, তেমনি কার্যপ্রণালিরও সমালোচনা হয়েছে।",bn:বৌদ্ধধর্মের সমালোচনা,https://bn.wikipedia.org/wiki/বৌদ্ধধর্মের_সমালোচনা
Bengali,"যেমন, বৌদ্ধ অনুশীলনকারীরা প্রায়ই বৌদ্ধ নীতির পরিপন্থী আচরণ করেন, অথবা বৌদ্ধ নীতিগুলিই প্রাতিষ্ঠানিকভাবে নারীদের উপেক্ষা করে থাকে।",bn:বৌদ্ধধর্মের সমালোচনা,https://bn.wikipedia.org/wiki/বৌদ্ধধর্মের_সমালোচনা
Bengali,"জিওভান্নি আন্তোনিও স্কোপোলি (জুন ৩, ১৭২৩-মে ৮, ১৭৮৮) ছিলেন একজন তাইরলীয় চিকিৎসক ও প্রকৃতিবিদ।",bn:জিওভান্নি আন্তোনিও স্কোপোলি,https://bn.wikipedia.org/wiki/জিওভান্নি_আন্তোনিও_স্কোপোলি
Bengali,বিভিন্ন গ্রন্থে তাকে লাতিন ভাষায় ইয়োহান্নেস আন্তোনিয়ুস স্কোপোলিয়ুস (Johannes Antonius Scopolius) নামে উল্লেখ করা হয়েছে।,bn:জিওভান্নি আন্তোনিও স্কোপোলি,https://bn.wikipedia.org/wiki/জিওভান্নি_আন্তোনিও_স্কোপোলি
Bengali,তার জীবনীকার তাকে অস্ট্রিয়ার লিনিয়াস নামে অভিহিত করেছেন।,bn:জিওভান্নি আন্তোনিও স্কোপোলি,https://bn.wikipedia.org/wiki/জিওভান্নি_আন্তোনিও_স্কোপোলি
Bengali,"কর্ণাটকে উৎপাদিত মোট ২০,০০০ মেট্রিক টন তুঁত রেশমের ৯,০০০ মেট্রিক টন তুঁত সিল্ক উৎপাদন করে, এইভাবে দেশের মোট তুঁত রেশমের প্রায় ৪৫% অবদান রাখে।",bn:মহীশূর রেশম শাড়ি,https://bn.wikipedia.org/wiki/মহীশূর_রেশম_শাড়ি
Bengali,"কর্ণাটকে, রেশম প্রধানত মহীশূর জেলায় উৎপাদিত হয়।",bn:মহীশূর রেশম শাড়ি,https://bn.wikipedia.org/wiki/মহীশূর_রেশম_শাড়ি
Bengali,এটি কেএসআইসির অধীনে পেটেন্ট নিবন্ধিত পণ্য।,bn:মহীশূর রেশম শাড়ি,https://bn.wikipedia.org/wiki/মহীশূর_রেশম_শাড়ি
Bengali,কেএসআইসি মহীশূর সিল্ক ব্র্যান্ডের মালিক।,bn:মহীশূর রেশম শাড়ি,https://bn.wikipedia.org/wiki/মহীশূর_রেশম_শাড়ি
Bengali,"পলেট গডার্ড (ইংরেজি: Paulette Goddard; জন্ম: মারিও লেভি; ৩ জুন, ১৯১০ – ২৩ এপ্রিল, ১৯৯০) ছিলেন একজন মার্কিন চলচ্চিত্র অভিনেত্রী, প্রযোজক, ফ্যাশন মডেল, ও নৃত্যশিল্পী।",bn:পলেট গডার্ড,https://bn.wikipedia.org/wiki/পলেট_গডার্ড
Bengali,তিনি জিগফেল্ড তরুণী হিসেবে ব্রডওয়ে কয়েকটি মঞ্চনাটকে অভিনয় করেন।,bn:পলেট গডার্ড,https://bn.wikipedia.org/wiki/পলেট_গডার্ড
Bengali,১৯৪০ এর দশকে তিনি প্যারামাউন্ট পিকচার্সের অন্যতম তারকা হয়ে ওঠেন।,bn:পলেট গডার্ড,https://bn.wikipedia.org/wiki/পলেট_গডার্ড
Bengali,তার উল্লেখযোগ্য চলচ্চিত্রের মধ্যে রয়েছে চার্লি চ্যাপলিনের মডার্ন টাইমস এবং দ্য গ্রেট ডিক্টেটর।,bn:পলেট গডার্ড,https://bn.wikipedia.org/wiki/পলেট_গডার্ড
Bengali,"সুইজারল্যান্ডে মূলত জার্মান (সুইজারল্যান্ডীয় জার্মান), ফরাসি, ইতালীয় এবং রোমান্‌শ ভাষা প্রচলিত।",bn:সুইজারল্যান্ডের ভাষা,https://bn.wikipedia.org/wiki/সুইজারল্যান্ডের_ভাষা
Bengali,জোবান উদ্দিন আহমেদ বাংলাদেশের নীলফামারী জেলার রাজনীতিবিদ ও নীলফামারী-৩ আসনের সাবেক সংসদ সদস্য।,bn:জোবান উদ্দিন আহমেদ,https://bn.wikipedia.org/wiki/জোবান_উদ্দিন_আহমেদ
Bengali,"এটি মালদ্বীপের বিমান পরিবহন সংস্থাগুলোর একটি তালিকা, যেগুলো বর্তমানে মালদ্বীপে উড্ডয়ন পরিচালনা করে।",bn:মালদ্বীপের বিমান পরিবহন সংস্থার তালিকা,https://bn.wikipedia.org/wiki/মালদ্বীপের_বিমান_পরিবহন_সংস্থার_তালিকা
Bengali,বাউসা ইউনিয়ন নামে বাংলাদেশে মোট ২টি ইউনিয়ন রয়েছে।,bn:বাউসা ইউনিয়ন,https://bn.wikipedia.org/wiki/বাউসা_ইউনিয়ন
Bengali,"যথা: বাউসা ইউনিয়ন, নবীগঞ্জ; (হবিগঞ্জ জেলা) বাউসা ইউনিয়ন, বাঘা; (রাজশাহী জেলা)",bn:বাউসা ইউনিয়ন,https://bn.wikipedia.org/wiki/বাউসা_ইউনিয়ন
Bengali,সৈয়দ আলমগীর একজন বাংলাদেশী ব্যবসায়িক নির্বাহী।,bn:সৈয়দ আলমগীর,https://bn.wikipedia.org/wiki/সৈয়দ_আলমগীর
Bengali,তিনি এফএমসিজি বিভাগে হালাল ধারণা অন্তর্ভুক্ত করার জন্য বিখ্যাত।,bn:সৈয়দ আলমগীর,https://bn.wikipedia.org/wiki/সৈয়দ_আলমগীর
Bengali,"তিনিই প্রথম ব্যক্তি যিনি ২০১৯ সালে বাংলাদেশের বিখ্যাত চ্যানেলি অ্যান্ড ব্র্যান্ড ফোরাম কর্তৃক ""দ্য মার্কেটিং সুপারস্টার"" হিসাবে স্বীকৃত।",bn:সৈয়দ আলমগীর,https://bn.wikipedia.org/wiki/সৈয়দ_আলমগীর
Bengali,দামোদর গণেশ বাপাত একজন ভারতীয় সমাজসেবক ছিলেন।,bn:দামোদর গণেশ বাপাত,https://bn.wikipedia.org/wiki/দামোদর_গণেশ_বাপাত
Bengali,তিনি কুষ্ঠরোগীদের সেবাদানের জন্য পরিচিত।,bn:দামোদর গণেশ বাপাত,https://bn.wikipedia.org/wiki/দামোদর_গণেশ_বাপাত
Bengali,তিনি ছত্তিসগড়ের জাঞ্জগির–চম্পা জেলায় ভারতীয় কুষ্ঠ নিবারক সংঘে কুষ্ঠরোগগ্রস্ত ব্যক্তিদের সেবায় নিয়োজিত ছিলেন।,bn:দামোদর গণেশ বাপাত,https://bn.wikipedia.org/wiki/দামোদর_গণেশ_বাপাত
Bengali,এছাড়া তিনি জসপুরে বানভাসি আশ্রমেও কাজ করেছেন।,bn:দামোদর গণেশ বাপাত,https://bn.wikipedia.org/wiki/দামোদর_গণেশ_বাপাত
Bengali,"কেপলার-১১বি একটি বহির্গ্রহ যা কেপলার মহাকাশযান কর্তৃক আবিষ্কৃত এবং এর অবস্থান কেপলার-১১ তারার নিকটবর্তী, যা ছিল পৃথিবী সাদৃশ গ্রহ খোঁজার উদ্দেশ্যে নাসা কর্তৃক পরিচালিত একটি অভিযান।",bn:কেপলার-১১বি,https://bn.wikipedia.org/wiki/কেপলার-১১বি
Bengali,কেপলার-১১বি পৃথিবীর চেয়ে তিন গুন বেশি ভরবিশিষ্ট ও আকারে দ্বিগুণ বড়।,bn:কেপলার-১১বি,https://bn.wikipedia.org/wiki/কেপলার-১১বি
Bengali,কিন্তু এর নিম্ন ঘনত্বের (≤ ৩ গ্রাম/সেমি৩) কারণে এর গঠন পৃথিবীর মতো নয়।,bn:কেপলার-১১বি,https://bn.wikipedia.org/wiki/কেপলার-১১বি
Bengali,"কেপলার-১১বি, কেপলার-১১ ব্যবস্থার ছয়টি গ্রহের মধ্যে সবচেয়ে উত্তপ্ত, এবং এর কক্ষপথ অন্য গ্রহগুলোর তুলনায় সবচেয়ে নিকটে অবস্থিত।",bn:কেপলার-১১বি,https://bn.wikipedia.org/wiki/কেপলার-১১বি
Bengali,"নবি মুহাম্মাদের নেতৃত্বে পরিচালিত যুদ্ধ তালিকায় সেই সব যুদ্ধ ও সামরিক সংঘর্ষ অন্তর্ভুক্ত রয়েছে, যা ইসলামের নবি মুহাম্মদের জীবনকালে মুসলিম সম্প্রদায়ের অংশগ্রহণে সংঘটিত হয়েছে।",bn:মুহাম্মাদ (সাঃ) এর নেতৃত্বে যুদ্ধের তালিকা,https://bn.wikipedia.org/wiki/মুহাম্মাদ_(সাঃ)_এর_নেতৃত্বে_যুদ্ধের_তালিকা
Bengali,"ইসলামের ইতিহাস নবি মুহাম্মদ যে সকল অভিযানে নিজেই নেতৃত্ব দিয়েছেন বা অংশগ্রহণ করেছেন, সেসব গাজওয়া ও মাগাজি নামে পরিচিত।",bn:মুহাম্মাদ (সাঃ) এর নেতৃত্বে যুদ্ধের তালিকা,https://bn.wikipedia.org/wiki/মুহাম্মাদ_(সাঃ)_এর_নেতৃত্বে_যুদ্ধের_তালিকা
Bengali,"আর যে সব অভিযানে তিনি নিজে উপস্থিত না হয়ে অন্য কারো নেতৃত্বে বাহিনী প্রেরণ করেছেন, সেসব ""সারিয়া"" নামে পরিচিত।",bn:মুহাম্মাদ (সাঃ) এর নেতৃত্বে যুদ্ধের তালিকা,https://bn.wikipedia.org/wiki/মুহাম্মাদ_(সাঃ)_এর_নেতৃত্বে_যুদ্ধের_তালিকা
Bengali,এটি সর্বাধিক প্রচলিত ব্যবহার; তবে কিছু ক্ষেত্রে গাজওয়া শব্দকে সারিয়া অর্থে এবং সারিয়া শব্দকে গাজওয়া অর্থে ব্যবহার করা হয়েছে।,bn:মুহাম্মাদ (সাঃ) এর নেতৃত্বে যুদ্ধের তালিকা,https://bn.wikipedia.org/wiki/মুহাম্মাদ_(সাঃ)_এর_নেতৃত্বে_যুদ্ধের_তালিকা
Bengali,সুন্দরবন হলো বঙ্গোপসাগর উপকূলবর্তী অঞ্চলে অবস্থিত একটি প্রশস্ত বনভূমি যা বিশ্বের প্রাকৃতিক বিস্ময়াবলির অন্যতম।,bn:সুন্দরবন,https://bn.wikipedia.org/wiki/সুন্দরবন
Bengali,"পদ্মা, মেঘনা ও ব্রহ্মপুত্র নদীত্রয়ের অববাহিকার বদ্বীপ এলাকায় অবস্থিত এই অপরূপ বনভূমি বাংলাদেশের খুলনা, সাতক্ষীরা ও বাগেরহাট জেলার কিছু অংশ এবং ভারতের পশ্চিমবঙ্গ রাজ্যের দুই জেলা উত্তর চব্বিশ পরগনা ও দক্ষিণ চব্বিশ পরগনা জুড়ে বিস্তৃত।",bn:সুন্দরবন,https://bn.wikipedia.org/wiki/সুন্দরবন
Bengali,সমুদ্র উপকূলবর্তী লোনা পরিবেশের সবচেয়ে বড় ম্যানগ্রোভ বন হিসেবে সুন্দরবন বিশ্বের সর্ববৃহৎ অখণ্ড বনভূমি।,bn:সুন্দরবন,https://bn.wikipedia.org/wiki/সুন্দরবন
Bengali,"১০,০০০ বর্গ কিলোমিটার জুড়ে গড়ে ওঠা সুন্দরবনের ৬,৫১৭ বর্গ কি (৬৬%)বাংলাদেশে এবং বাকি অংশ (৩৪%) রয়েছে ভারতের মধ্যে।",bn:সুন্দরবন,https://bn.wikipedia.org/wiki/সুন্দরবন
Bengali,ছিন্নমুণ্ডা হলেন একজন বৌদ্ধ দেবী।,bn:ছিন্নমুণ্ডা,https://bn.wikipedia.org/wiki/ছিন্নমুণ্ডা
Bengali,তার গুণাবলি ও মূর্তিকল্প হিন্দু দেবী ছিন্নমস্তার অনুরূপ।,bn:ছিন্নমুণ্ডা,https://bn.wikipedia.org/wiki/ছিন্নমুণ্ডা
Bengali,ছিন্নমুণ্ডার প্রতিকৃতিতে প্রায়শই দুই পাশে তার দুই মুণ্ডহীনা ভগিনী মেখলা ও কনখলাকে দেখা যায়।,bn:ছিন্নমুণ্ডা,https://bn.wikipedia.org/wiki/ছিন্নমুণ্ডা
Bengali,ভারতীয় বৌদ্ধ তান্ত্রিক ধারায় এঁরা ৮৪ জন মহাসিদ্ধার অন্যতম।,bn:ছিন্নমুণ্ডা,https://bn.wikipedia.org/wiki/ছিন্নমুণ্ডা
Bengali,"তারকেশ্বর দস্তিদার (১৯১১ - ১২ জানুয়ারি, ১৯৩৪) ছিলেন ভারত উপমহাদেশের ব্রিটিশ বিরোধী স্বাধীনতা আন্দোলনের একজন অন্যতম ব্যক্তিত্ব।",bn:তারকেশ্বর দস্তিদার,https://bn.wikipedia.org/wiki/তারকেশ্বর_দস্তিদার
Bengali,"উপমন্যু (সংস্কৃত: उपमन्यु) হিন্দুধর্মের একজন ঋষি, দেবতা শিবের ভক্ত এবং গণের নেতা (গাণমত্য) হওয়ার জন্য সবচেয়ে বেশি পরিচিত।",bn:উপমন্যু,https://bn.wikipedia.org/wiki/উপমন্যু
Bengali,তিনি সাম বেদের বংশ ব্রাহ্মণ (১.১৮) এ উল্লেখিত ঋষি কম্বোজ ঔপমান্যবের পিতা বা পূর্বপুরুষ বলে কথিত আছে।,bn:উপমন্যু,https://bn.wikipedia.org/wiki/উপমন্যু
Bengali,টেমপ্লেট:Hindu mythology শিব পুরাণে উপমন্যুকে ঋষি ব্যাঘ্রপাদের পুত্র বলে উল্লেখ করা হয়েছে।,bn:উপমন্যু,https://bn.wikipedia.org/wiki/উপমন্যু
Bengali,"একবার, বালক উপমন্যু তার মামার আশ্রমে তার ইচ্ছামত পেট পুরে দুধ পান করতে পেয়েছিলেন এবং ভালো লাগায় তার মার কাছেও তাকে দুধ এনে দেওয়ার জন্য অনুরোধ করেছিলেন।",bn:উপমন্যু,https://bn.wikipedia.org/wiki/উপমন্যু
Bengali,"অ্যামি হ্যামিল্টন আন্দ্রেওত্তি একজন মার্কিন প্রাণরসায়নবিদ যিনি আইওয়া স্টেট ইউনিভার্সিটি-র প্রাণরসায়ন, জৈবপ্রদার্থবিজ্ঞান এবং আণবিক জীববিজ্ঞান বিভাগের রয় জে.",bn:অ্যামি আন্দ্রেওত্তি,https://bn.wikipedia.org/wiki/অ্যামি_আন্দ্রেওত্তি
Bengali,কার্ভার চেয়ার এবং ইউনিভার্সিটি প্রফেসর।,bn:অ্যামি আন্দ্রেওত্তি,https://bn.wikipedia.org/wiki/অ্যামি_আন্দ্রেওত্তি
Bengali,"তাঁর গবেষণার বিষয়বস্তু হলো টিইসি কাইনেস, যার মধ্যে ব্রুটন'স টাইরোসিন কাইনেস এবং আইএল-২ ইনডিউসিবল টি-সেল কাইনেস অন্তর্ভুক্ত।",bn:অ্যামি আন্দ্রেওত্তি,https://bn.wikipedia.org/wiki/অ্যামি_আন্দ্রেওত্তি
Bengali,ভাগলপুর লোকসভা কেন্দ্রটি বিহার রাজ্যের ৪০ টি লোকসভা কেন্দ্রের একটি এবং ১৯৫২ সালের লোকসভা কেন্দ্রটি প্রতিষ্ঠিত হয়।,bn:ভাগলপুর লোকসভা কেন্দ্র,https://bn.wikipedia.org/wiki/ভাগলপুর_লোকসভা_কেন্দ্র
Bengali,এটি তফসিলী জাতি ও তফসিলী উপজাতিদের জন্য সংরক্ষিত নয় এবং মোট ৬ টি বিধানসভা কেন্দ্র নিয়ে গঠিত।,bn:ভাগলপুর লোকসভা কেন্দ্র,https://bn.wikipedia.org/wiki/ভাগলপুর_লোকসভা_কেন্দ্র
Bengali,এই লোকসভা কেন্দ্রের সদর দফতর ভাগলপুর শহরে অবস্থিত।,bn:ভাগলপুর লোকসভা কেন্দ্র,https://bn.wikipedia.org/wiki/ভাগলপুর_লোকসভা_কেন্দ্র
Bengali,লোকসভা কেন্দ্রের অন্তর্গত এলাকার সরকারি ভাষা হল হিন্দি।,bn:ভাগলপুর লোকসভা কেন্দ্র,https://bn.wikipedia.org/wiki/ভাগলপুর_লোকসভা_কেন্দ্র
Bengali,কামারখালী ইউনিয়ন বাংলদেশের ঢাকা বিভাগের ফরিদপুর জেলার মধুখালী উপজেলার একটি ইউনিয়ন।,bn:কামারখালী ইউনিয়ন,https://bn.wikipedia.org/wiki/কামারখালী_ইউনিয়ন
Bengali,"রʾইস ( আরবি: رئيس), বহুবচনে রুʾআসাʾ, হলো একটি আরবি পদবি যার অর্থ 'প্রধান' বা 'নেতা'।",bn:রইস,https://bn.wikipedia.org/wiki/রইস
Bengali,"এটি মাথার জন্য ব্যবহৃত শব্দ, রাʾস থেকে এসেছে।",bn:রইস,https://bn.wikipedia.org/wiki/রইস
Bengali,নেতৃত্ব বা নেতৃত্বের জন্য সংশ্লিষ্ট শব্দ হল রইʾআসা ।,bn:রইস,https://bn.wikipedia.org/wiki/রইস
Bengali,এটি প্রায়শই আরবিতে 'রাষ্ট্রপতি' এবং ফার্সিতে 'বস' হিসাবে অনুবাদ করা হয়।,bn:রইস,https://bn.wikipedia.org/wiki/রইস
Bengali,"জোনাথন ডেভিড কাটজ (জন্ম ১৯৫৮) হলেন একজন স্বনামধন্য মার্কিন অধিকার কর্মী, শিল্প ইতিহাসবিদ, শিক্ষাবিদ এবং লেখক।",bn:জোনাথন ডেভিড কাটজ,https://bn.wikipedia.org/wiki/জোনাথন_ডেভিড_কাটজ
Bengali,"তিনি বর্তমানে পেনসিলভানিয়া বিশ্ববিদ্যালয়ের শিল্প ইতিহাস এবং লিঙ্গ, যৌনতা এবং নারী বিদ্যা অনুশীলন বিভাগের সহযোগী অধ্যাপক।",bn:জোনাথন ডেভিড কাটজ,https://bn.wikipedia.org/wiki/জোনাথন_ডেভিড_কাটজ
Bengali,"রাম কৃষ্ণ পুরোহিত ""আরকে"" পুরোহিত প্রাক্তন ভারতীয় ভলিবল খেলোয়াড়।",bn:আর কে পুরোহিত,https://bn.wikipedia.org/wiki/আর_কে_পুরোহিত
Bengali,তাঁর কৃতিত্বের জন্য ১৯৮৪ সালে তিনি ভারত সরকার কর্তৃক অর্জুন পুরস্কারে ভূষিত হন।,bn:আর কে পুরোহিত,https://bn.wikipedia.org/wiki/আর_কে_পুরোহিত
Bengali,"আর কে পুরোহিত জন্ম যোধপুরে ১৯৫৫ সালের ১৬ জুলাই, যোধপুরের তিনি লাল জি নামে পরিচিত।",bn:আর কে পুরোহিত,https://bn.wikipedia.org/wiki/আর_কে_পুরোহিত
Bengali,পিপারিয়া (হোশঙ্গাবাদ) (ইংরেজি: Pipariya) ভারতের মধ্য প্রদেশ রাজ্যের হোশঙ্গাবাদ জেলার একটি শহর ও পৌরসভা এলাকা।,bn:পিপারিয়া (হোশঙ্গাবাদ),https://bn.wikipedia.org/wiki/পিপারিয়া_(হোশঙ্গাবাদ)
Bengali,সাওর পর্বত হচ্ছে সৌদি আরবের মদিনার একটি পর্বত এবং এ পর্বতকে বর্তমানে মানুষ “দাক্কাত” পর্বত বলে ডাকে।,bn:সাওর পর্বত,https://bn.wikipedia.org/wiki/সাওর_পর্বত
Bengali,এমপ্লেয়ার একটি ফ্রী এবং উন্মুক্ত মিডিয়া প্লেয়ার সফটওয়্যার।,bn:এমপ্লেয়ার,https://bn.wikipedia.org/wiki/এমপ্লেয়ার
Bengali,"এই প্লেয়ারটি পার‍্য সব অপারেটিং সিস্টেমে চলে, যেমন লিনাক্স, মাইক্রোসফট ও ম্যাক।",bn:এমপ্লেয়ার,https://bn.wikipedia.org/wiki/এমপ্লেয়ার
Bengali,তিলপী-ধোসা পশ্চিমবঙ্গের প্রত্নস্থল।,bn:তিলপী ধোসা,https://bn.wikipedia.org/wiki/তিলপী_ধোসা
Bengali,"প্রত্নস্থলটি পিয়ালী নদীর ডান তীরে অবিস্থত, যা তিলপী ও ধোসা গ্রাম দু’টি জুড়ে বিস্তৃত রয়েছে।",bn:তিলপী ধোসা,https://bn.wikipedia.org/wiki/তিলপী_ধোসা
Bengali,এই গ্রাম দু’টিতেই অনুসন্ধান ও সীমিত প্রত্নতাত্ত্বিক খননে আবিষ্কৃত হয়েছে ২২০০ বছরের প্রাচীন প্রত্নসামগ্রী ও গুপ্ত সময়ের বৌদ্ধ স্তূপ।,bn:তিলপী ধোসা,https://bn.wikipedia.org/wiki/তিলপী_ধোসা
Bengali,প্রত্নস্থলে বিভিন্ন সময়ে খননকার্জ পরিচালিত হয়েছে।,bn:তিলপী ধোসা,https://bn.wikipedia.org/wiki/তিলপী_ধোসা
Bengali,কাজী আবুল মনসুর (৪ মার্চ ১৯১৮ - ২০ ফেব্রুয়ারি ১৯৯৬) হলেন বাংলাদেশের একজন প্রখ্যাত চিকিৎসক ও অনুজীববিজ্ঞানী।,bn:কাজী আবুল মনসুর,https://bn.wikipedia.org/wiki/কাজী_আবুল_মনসুর
Bengali,জাতীয় জীবনে অনন্য সাধারণ অবদানের জন্য ১৯৯৬ সালে তাকে “চিকিৎসাবিদ্যায় স্বাধীনতা পুরস্কার” প্রদান করা হয়।,bn:কাজী আবুল মনসুর,https://bn.wikipedia.org/wiki/কাজী_আবুল_মনসুর
Bengali,"মারজা'আ বা মরজিʿ (আরবি: المرجعية الدينية, al-Marjiʿiyyat ad-Dīniyya, বহুবচন: المراجع, al-Marājiʿ; ফার্সি: مرجع تقلید, Marjaʾ-e Taqlīd; আক্ষ.",bn:মরজি,https://bn.wikipedia.org/wiki/মরজি
Bengali,'অনুসরণের উৎস' or 'ধর্মীয় তথ্যসূত্র') হল দ্বাদশী শিয়া ইসলামি যাজকদের সর্বোচ্চ স্তরের ব্যক্তিকে প্রদানকৃত উপাধি।,bn:মরজি,https://bn.wikipedia.org/wiki/মরজি
Bengali,একটি হাওজা (শিয়া আলেমদের শিক্ষাপ্রতিষ্ঠান বা সেমিনারি/মাদ্রাসা) কর্তৃক প্রদত্ত কর্তৃত্বের ভিত্তিতে তিনি অনুসারী ও নিজের অধস্তন আলেমদের জন্য শরীয়তের সীমার মধ্যে আইনি সিদ্ধান্ত প্রদান করতে পারেন।,bn:মরজি,https://bn.wikipedia.org/wiki/মরজি
Bengali,সর্বোচ্চ মর্যাদাসম্পন্ন মারজা'আকে মারাজিʿউত তক়লীদুল মুতলক় নামে অভিহিত করা হয়।,bn:মরজি,https://bn.wikipedia.org/wiki/মরজি
Bengali,"এনজো গেবে (ফরাসি: Enzo Guebey, ফরাসি উচ্চারণ: [ɛn.zo ɡe.bɛ]; জন্ম: ৬ মে ১৯৯৯) হলেন একজন ফরাসি পেশাদার আইস হকি খেলোয়াড়।",bn:এনজো গেবে,https://bn.wikipedia.org/wiki/এনজো_গেবে
Bengali,তিনি বর্তমানে সুইজারল্যান্ডের পেশাদার আইস হকি লিগের দল হকি ক্লাব দাভোস এবং ফ্রান্স জাতীয় দলের হয়ে রক্ষণভাগের খেলোয়াড় হিসেবে খেলেন।,bn:এনজো গেবে,https://bn.wikipedia.org/wiki/এনজো_গেবে
Bengali,২০১৭ সালে আইস হকি জগতে পদার্পণ করা গেবে ফ্রান্সের প্রতিনিধি হিসেবে ২০২৬ শীতকালীন অলিম্পিকে অংশগ্রহণ করেছেন।,bn:এনজো গেবে,https://bn.wikipedia.org/wiki/এনজো_গেবে
Bengali,নরসিংদী সরকারি পলিটেকনিক ইনস্টিটিউট বাংলাদেশের একটি নতুন কারিগরী শিক্ষাপ্রতিষ্ঠান।,bn:নরসিংদী সরকারি পলিটেকনিক ইনস্টিটিউট,https://bn.wikipedia.org/wiki/নরসিংদী_সরকারি_পলিটেকনিক_ইনস্টিটিউট
Bengali,এই পলিটেকনিক ইনস্টিটিউটটি ২০০৬ সালে প্রতিষ্ঠিত হয়।,bn:নরসিংদী সরকারি পলিটেকনিক ইনস্টিটিউট,https://bn.wikipedia.org/wiki/নরসিংদী_সরকারি_পলিটেকনিক_ইনস্টিটিউট
Bengali,"রাধা বহিন ভট্ট (জন্ম: ১৬ অক্টোবর, ১৯৩১) যিনি রাধা ভট্ট নামেও পরিচিত, তিনি উত্তরাখণ্ডের একজন ভারতীয় গান্ধীবাদী সমাজকর্মী, পরিবেশবাদী এবং নারী ক্ষমতায়ন কর্মী।",bn:রাধা বহিন ভট্ট,https://bn.wikipedia.org/wiki/রাধা_বহিন_ভট্ট
Bengali,তিনি ২০২৫ সালে সমাজকর্মের ক্ষেত্রে ভারতের চতুর্থ সর্বোচ্চ বেসামরিক সম্মান পদ্মশ্রীতে ভূষিত হন।,bn:রাধা বহিন ভট্ট,https://bn.wikipedia.org/wiki/রাধা_বহিন_ভট্ট
Bengali,"রাজা সুব্রামণি, পিভিএসএম, এভিএসএম, এসএম, ভিএসএম (জন্ম ২১ জুলাই ১৯৬৫) ভারতীয় সেনাবাহিনীর একজন চার-তারকা জেনারেল।",bn:এন. এস. রাজা সুব্রামণি,https://bn.wikipedia.org/wiki/এন._এস._রাজা_সুব্রামণি
Bengali,"তিনি বর্তমানে ভারতীয় সশস্ত্র বাহিনীর ৩য় প্রধান প্রতিরক্ষা স্টাফ এবং সচিব, সামরিক বিষয়ক বিভাগ হিসেবে দায়িত্ব পালন করছেন।",bn:এন. এস. রাজা সুব্রামণি,https://bn.wikipedia.org/wiki/এন._এস._রাজা_সুব্রামণি
Bengali,এর আগে তিনি জাতীয় নিরাপত্তা পরিষদ সচিবালয়-এর সামরিক উপদেষ্টা হিসেবে দায়িত্ব পালন করেন এবং তার আগে ৪৭তম সেনাবাহিনীর উপপ্রধান হিসেবে দায়িত্ব পালন করেন।,bn:এন. এস. রাজা সুব্রামণি,https://bn.wikipedia.org/wiki/এন._এস._রাজা_সুব্রামণি
Bengali,"তিনি এর আগে মধ্যাঞ্চলীয় কমান্ডের জেনারেল অফিসার কমান্ডিং-ইন-চিফ, উত্তরাঞ্চলীয় কমান্ডের চিফ অব স্টাফ এবং ২য় কোরের জেনারেল অফিসার কমান্ডিং হিসেবে দায়িত্ব পালন করেছেন।",bn:এন. এস. রাজা সুব্রামণি,https://bn.wikipedia.org/wiki/এন._এস._রাজা_সুব্রামণি
Bengali,জনন মাতৃকোষ হল এক প্রকার কোষ যা মিয়োসিস প্রক্রিয়ার মাধ্যমে গ্যামেটে আলাদা হয়।,bn:জনন মাতৃকোষ,https://bn.wikipedia.org/wiki/জনন_মাতৃকোষ
Bengali,"মিয়োসিসের মাধ্যমে, ডিপ্লোয়েড জনন মাতৃকোষ চারটি জিনগতভাবে পৃথক হ্যাপ্লয়েড গ্যামেটে বিভক্ত হয়।",bn:জনন মাতৃকোষ,https://bn.wikipedia.org/wiki/জনন_মাতৃকোষ
Bengali,মায়োটিক কোষ চক্রের মাধ্যমে জনন মাতৃকোষের নিয়ন্ত্রণ বিভিন্ন জীবের মধ্যে পরিবর্তিত হয়।,bn:জনন মাতৃকোষ,https://bn.wikipedia.org/wiki/জনন_মাতৃকোষ
Bengali,রামগঞ্জ বাংলাদেশের দক্ষিণাঞ্চলের চট্টগ্রাম বিভাগের অন্তর্গত লক্ষ্মীপুর জেলায় অবস্থিত একটি বিখ্যাত শহর ও বৃহৎ বাণিজ্য কেন্দ্র।,bn:রামগঞ্জ,https://bn.wikipedia.org/wiki/রামগঞ্জ
Bengali,এটি লক্ষ্মীপুর জেলার দ্বিতীয় বৃহত্তম ও দক্ষিণ অঞ্চলের একটি গুরুত্বপূর্ণ শহর।,bn:রামগঞ্জ,https://bn.wikipedia.org/wiki/রামগঞ্জ
Bengali,প্রশাসনিকভাবে শহরটি রামগঞ্জ উপজেলার সদর।,bn:রামগঞ্জ,https://bn.wikipedia.org/wiki/রামগঞ্জ
Bengali,শহরটি রামগঞ্জ উপজেলার বৃহত্তম শহর ও বাণিজ্য কেন্দ্র।,bn:রামগঞ্জ,https://bn.wikipedia.org/wiki/রামগঞ্জ
Bengali,ইউনিভার্সিটি অব ইলিনয় অ্যাট আর্বানা-শ্যাম্পেইনের ইতিহাস শুরু হয় ১৮৬২ সাল।,bn:ইউনিভার্সিটি অব ইলিনয় অ্যাট আর্বানা-শ্যাম্পেইনের ইতিহাস,https://bn.wikipedia.org/wiki/ইউনিভার্সিটি_অব_ইলিনয়_অ্যাট_আর্বানা-শ্যাম্পেইনের_ইতিহাস
Bengali,"ইউনিভার্সিটি অব ইলিনয় অ্যাট আর্বানা-শ্যাম্পেইন ২ মার্চ, ১৮৬৮ সালে প্রতিষ্ঠিত হয় এবং এটি অঙ্গরাজ্যের দ্বিতীয় প্রাচীনতম সরকারি বিশ্ববিদ্যালয় (প্রথমটি ইলিনয় স্টেট বিশ্ববিদ্যালয়) এবং বিগ টেন কনফারেন্সের অন্যতম প্রতিষ্ঠাতা সদস্য।",bn:ইউনিভার্সিটি অব ইলিনয় অ্যাট আর্বানা-শ্যাম্পেইনের ইতিহাস,https://bn.wikipedia.org/wiki/ইউনিভার্সিটি_অব_ইলিনয়_অ্যাট_আর্বানা-শ্যাম্পেইনের_ইতিহাস
Bengali,টু লাভ রু হল একটি জাপানি মাঙ্গা ধারাবাহিক যেটি সাকি হাসেমি কর্তৃক রচিত এবং কেন্টারো ইয়াবুকি কর্তৃক অলঙ্কৃত।,bn:টু লাভ রু-এর অধ্যায়ের তালিকা,https://bn.wikipedia.org/wiki/টু_লাভ_রু-এর_অধ্যায়ের_তালিকা
Bengali,ধারাবাহিকটি শুয়েইশা কর্তৃক সাপ্তাহিক শৌনেন জাম্প ম্যাগাজিনে ২০০৬ সালের ২৪ এপ্রিল থেকে ২০০৯ সালের ৩১ আগষ্ট পর্যন্ত প্রকাশিত হয়েছিল।,bn:টু লাভ রু-এর অধ্যায়ের তালিকা,https://bn.wikipedia.org/wiki/টু_লাভ_রু-এর_অধ্যায়ের_তালিকা
Bengali,এটি হাই স্কুলের ছাত্র রিতো ইউকির জীবনকে কেন্দ্র করে রচিত।,bn:টু লাভ রু-এর অধ্যায়ের তালিকা,https://bn.wikipedia.org/wiki/টু_লাভ_রু-এর_অধ্যায়ের_তালিকা
Bengali,যখন রিতোর ভিনগ্রহী রাজকুমারী লালা সাতালিন ডেভিলুকের সাথে দেখা হয় এবং দুর্ঘটনাক্রমে তার সাথে বাগদান করে।,bn:টু লাভ রু-এর অধ্যায়ের তালিকা,https://bn.wikipedia.org/wiki/টু_লাভ_রু-এর_অধ্যায়ের_তালিকা
Bengali,"আল্লামা আবুল হাসান যশোরী (১৯১৮–১৯৯৩) একজন মুক্তিযোদ্ধা, মুহাদ্দিস, রাজনীতিক ও ইসলামী চিন্তাবিদ।",bn:আবুল হাসান যশোরী,https://bn.wikipedia.org/wiki/আবুল_হাসান_যশোরী
Bengali,তিনি জামিয়া ইসলামিয়া গওহরডাঙ্গা মাদ্রাসায় হাদিসের অধ্যাপক (শায়খুল হাদীস) হিসেবে শিক্ষকতা শুরু করেন এবং জামিয়া এজাজিয়া দারুল উলুম যশোরে অধ্যক্ষ ও শায়খুল হাদীস হিসেবে আমৃত্যু দায়িত্ব পালন করেন।,bn:আবুল হাসান যশোরী,https://bn.wikipedia.org/wiki/আবুল_হাসান_যশোরী
Bengali,"যে তাপমাত্রায় শিশির জমতে শুরু করে তাকে শিশিরাঙ্ক বলে।শিশিরাঙ্ক হলো এমন তাপমাত্রা যাতে পৌছালে বায়ু, জলীয়বাষ্প দ্বারা সম্পৃক্ত হয়।",bn:শিশিরাঙ্ক,https://bn.wikipedia.org/wiki/শিশিরাঙ্ক
Bengali,বায়ুকে আরো শীতল করলে এতে উপস্থিত জলীয়বাষ্প ঘনীভূত হয়ে তরল জল (শিশির) উৎপাদন করে।,bn:শিশিরাঙ্ক,https://bn.wikipedia.org/wiki/শিশিরাঙ্ক
Bengali,"বাতাসের চেয়ে শীতল এমন কোনো পৃষ্ঠের সংস্পর্শে এসে যখন বায়ু শিশিরাঙ্কে পৌছায়, তখন জল ঐ পৃষ্ঠের উপর ঘনীভূত হয়।",bn:শিশিরাঙ্ক,https://bn.wikipedia.org/wiki/শিশিরাঙ্ক
Bengali,"যখন তাপমাত্রা জলের হিমাঙ্কের নিচে অবস্থান করে তখন শিশিরাঙ্ককে বরফ বিন্দু (ফ্রস্ট পয়েন্ট) বলা হয়ে থাকে, কেননা বরফ ঘনীভূত না হয়ে জমাটবদ্ধকরণের মাধ্যমে গঠিত হয়।",bn:শিশিরাঙ্ক,https://bn.wikipedia.org/wiki/শিশিরাঙ্ক
Bengali,উনঘিউল ( ইংরেজি: The Angle) মলদোভা প্রজাতন্ত্রের উনঘেনে প্রকাশিত একটি সংবাদপত্র।,bn:উনঘিউল,https://bn.wikipedia.org/wiki/উনঘিউল
Bengali,পত্রিকাটি নিকোলি সান্দোনিয়াক দ্বারা প্রতিষ্ঠিত হয়েছিল।,bn:উনঘিউল,https://bn.wikipedia.org/wiki/উনঘিউল
Bengali,নাটোর-৩ হল বাংলাদেশের জাতীয় সংসদের ৩০০টি নির্বাচনী এলাকার একটি।,bn:নাটোর-৩,https://bn.wikipedia.org/wiki/নাটোর-৩
Bengali,এটি নাটোর জেলায় অবস্থিত জাতীয় সংসদের ৬০নং আসন।,bn:নাটোর-৩,https://bn.wikipedia.org/wiki/নাটোর-৩
Bengali,মোহন লাল জম্মু ও কাশ্মীরের একজন ভারতীয় রাজনীতিবিদ।,bn:মোহন লাল (রাজনীতিবিদ),https://bn.wikipedia.org/wiki/মোহন_লাল_(রাজনীতিবিদ)
Bengali,তিনি ২০২৪ থেকে জম্মু ও কাশ্মীর বিধানসভার সদস্য এবং ভারতীয় জনতা পার্টির সদস্য হিসাবে আখনুর বিধানসভা কেন্দ্রের প্রতিনিধিত্ব করছেন।,bn:মোহন লাল (রাজনীতিবিদ),https://bn.wikipedia.org/wiki/মোহন_লাল_(রাজনীতিবিদ)
Bengali,ফিফা ফুটসাল বিশ্বকাপ হলো ফিফা কর্তৃক আয়োজিত পুরুষদের সর্বোচ্চ ফুটসাল প্রতিযোগিতা।,bn:ফিফা ফুটসাল বিশ্বকাপ,https://bn.wikipedia.org/wiki/ফিফা_ফুটসাল_বিশ্বকাপ
Bengali,১৯৮৯ সালে সর্বপ্রথম অনুষ্ঠিত হয়েছিল নেদারল্যান্ডসে।,bn:ফিফা ফুটসাল বিশ্বকাপ,https://bn.wikipedia.org/wiki/ফিফা_ফুটসাল_বিশ্বকাপ
Bengali,১৯৯২ সালে থেকে প্রতি চার বছর অন্তর এই প্রতিযোগিতাটি অনুষ্ঠিত হচ্ছে।,bn:ফিফা ফুটসাল বিশ্বকাপ,https://bn.wikipedia.org/wiki/ফিফা_ফুটসাল_বিশ্বকাপ
Bengali,প্রতি দুটি ফুটবল বিশ্বকাপের মাঝের বছরে অনুষ্ঠিত হয়।,bn:ফিফা ফুটসাল বিশ্বকাপ,https://bn.wikipedia.org/wiki/ফিফা_ফুটসাল_বিশ্বকাপ
Bengali,পানাগড় শিল্পতালুক হল পশ্চিমবঙ্গের বর্ধমান জেলার একটি শিল্পতালুক।,bn:পানাগড় শিল্পতালুক,https://bn.wikipedia.org/wiki/পানাগড়_শিল্পতালুক
Bengali,শিল্পতালুকটি দুর্গাপুর শহরের নিকটেই অবস্থিত।,bn:পানাগড় শিল্পতালুক,https://bn.wikipedia.org/wiki/পানাগড়_শিল্পতালুক
Bengali,এই শিল্পতালুকটির নির্মাণ শুরু হয় ২০০৮-২০০৯ সালে।,bn:পানাগড় শিল্পতালুক,https://bn.wikipedia.org/wiki/পানাগড়_শিল্পতালুক
Bengali,অ্যাক্রোলেপিয়া রিজেক্টা হল অ্যাক্রোলেপিডি পরিবারের একটি মথ।,bn:অ্যাক্রোলেপিয়া রিজেক্টা,https://bn.wikipedia.org/wiki/অ্যাক্রোলেপিয়া_রিজেক্টা
Bengali,১৯২২ সালে এডওয়ার্ড মেরিক এটি বর্ণনা করেছিলেন।,bn:অ্যাক্রোলেপিয়া রিজেক্টা,https://bn.wikipedia.org/wiki/অ্যাক্রোলেপিয়া_রিজেক্টা
Bengali,মার্লিন কাহলার (জন্ম: ১৫ মে ২০০১) একজন অস্ট্রীয় সাঁতারু।,bn:মার্লিন কাহলার,https://bn.wikipedia.org/wiki/মার্লিন_কাহলার
Bengali,তিনি ২০১৯ বিশ্ব অ্যাকোয়াটিক্স চ্যাম্পিয়নশিপে নারীদের ২০০ মিটার ফ্রিস্টাইলে অংশগ্রহণ করেছিলেন।,bn:মার্লিন কাহলার,https://bn.wikipedia.org/wiki/মার্লিন_কাহলার
Bengali,"২০২১ সালে, তিনি ২০২০ অলিম্পিকে অংশগ্রহণ করেছিলেন।",bn:মার্লিন কাহলার,https://bn.wikipedia.org/wiki/মার্লিন_কাহলার
Bengali,নারী বিদ্যা এমন এক শিক্ষা ক্ষেত্র।,bn:নারী বিদ্যা,https://bn.wikipedia.org/wiki/নারী_বিদ্যা
Bengali,"নারী বিদ্যা সাথে সম্পর্কিত জনপ্রিয় ধারণাগুলোর মধ্যে রয়েছে: নারীবাদী তত্ত্ব, স্ট্যান্ডপয়েন্ট থিওরি, পৃথকীকরণ, বহুসংস্কৃতিবাদ, বহুজাতিক নারীবাদ, সামাজিক ন্যায়বিচার, প্রতিক্রিয়া অধ্যায়ন, মূর্তকরণ, জৈবরাজনীতি এবং বস্তুবাদ।",bn:নারী বিদ্যা,https://bn.wikipedia.org/wiki/নারী_বিদ্যা
Bengali,"নারী বিদ্যার সাথে সংশ্লিষ্ট গবেষণা কার্যক্রম এবং প্রণালির মধ্যে রয়েছে: নৃকুলবিদ্যা, অটোথনোগ্রাফি, ফোকাস গ্রুপ, জরীপ, সম্প্রদায়ভিত্তিক গবেষণা, বক্তৃতা বিশ্লেষণ এবং সমালোচনামূলক তত্ত্ব, উত্তর-কাঠামোবাদ এবং কুয়ের তত্ত্বের সম্পর্কিত অধ্যায়ন।",bn:নারী বিদ্যা,https://bn.wikipedia.org/wiki/নারী_বিদ্যা
Bengali,"লিঙ্গ, বর্ণ, শ্রেণি, যৌনতা এবং অন্যান্য সামাজিক বৈষম্যের বিভিন্ন সামাজিক রীতিগুলো সম্পর্কে এতে গবেষণা এবং সমালোচনা করে।",bn:নারী বিদ্যা,https://bn.wikipedia.org/wiki/নারী_বিদ্যা
Bengali,"কুমেল আলী নানজিয়ানি (; সিন্ধি: ڪُميل علي ننجياڻي; জন্ম ২য় মে, ১৯৭৮) হলেন একজন পাকিস্তানি-আমেরিকান কৌতুকাভিনয়শিল্পী, অভিনয়শিল্পী এবং চিত্রনাট্যকার।",bn:কুমেল নানজিয়ানি,https://bn.wikipedia.org/wiki/কুমেল_নানজিয়ানি
Bengali,তিনি এইচবিও কৌতুক ধারাবাহিক সিলিকন ভ্যালি (২০১৪-২০১৯) এ দিনেশ হিসেবে তার ভূমিকা এবং ভাববিলাসী কৌতুক চলচ্চিত্র দ্য বিগ সিক (২০১৭) এর জন্য সহ-লিখন ও অভিনয়ের জন্য বেশি পরিচিত।,bn:কুমেল নানজিয়ানি,https://bn.wikipedia.org/wiki/কুমেল_নানজিয়ানি
Bengali,"গর্ডনের সাথে উল্লেখিত চলচ্চিত্রটি লেখার জন্য, তিনি শ্রেষ্ঠ মৌলিক চিত্রনাট্য বিভাগে একাডেমি পুরস্কারে মনোনীত হন।",bn:কুমেল নানজিয়ানি,https://bn.wikipedia.org/wiki/কুমেল_নানজিয়ানি
Bengali,"২০১৮ সালে, টাইম পত্রিকা তাকে পৃথিবীতে ১০০ সর্বোচ্চ প্রভাবশালী লোকদের মাঝে একজন হিসেবে মান্য করা হয়।",bn:কুমেল নানজিয়ানি,https://bn.wikipedia.org/wiki/কুমেল_নানজিয়ানি
Bengali,"আয়মান সাদিক একজন বাংলাদেশি শিক্ষাবিদ, উদ্যোক্তা এবং টেন মিনিট স্কুলের প্রতিষ্ঠাতা, যা একটি ইন্টারনেটভিত্তিক শিক্ষা বিষয়ক প্রতিষ্ঠান হিসেবে বিনামূল্যে (কিছু সংখ্যক) শিক্ষণীয় সামগ্রী প্রদান করে।",bn:আয়মান সাদিক,https://bn.wikipedia.org/wiki/আয়মান_সাদিক
Bengali,তিনি কুইন্স ইয়াং লিডার পুরস্কার সহ বেশ কয়েকটি পুরস্কার পেয়েছেন এবং ফোর্বসের ‘৩০ অনূর্ধ্ব ৩০ এশিয়া’ তালিকায় স্থান পেয়েছেন।,bn:আয়মান সাদিক,https://bn.wikipedia.org/wiki/আয়মান_সাদিক
Bengali,ফকিরেরপুল ইয়ংমেন্স ক্লাব বাংলাদেশের একটি পেশাদার ফুটবল ক্লাব।,bn:ফকিরেরপুল ইয়ংমেন্স ক্লাব,https://bn.wikipedia.org/wiki/ফকিরেরপুল_ইয়ংমেন্স_ক্লাব
Bengali,১৯৬০ (মতান্তরে ১৯৬২) সালে ঢাকার ফকিরেরপুল এলাকায় ক্লাবটি প্রতিষ্ঠিত হয়।,bn:ফকিরেরপুল ইয়ংমেন্স ক্লাব,https://bn.wikipedia.org/wiki/ফকিরেরপুল_ইয়ংমেন্স_ক্লাব
Bengali,ক্লাবটি বর্তমানে বাংলাদেশের পেশাদার ফুটবল লিগের দ্বিতীয় স্তর বাংলাদেশ চ্যাম্পিয়নশিপ লিগ(বিসিএল) খেলছে।,bn:ফকিরেরপুল ইয়ংমেন্স ক্লাব,https://bn.wikipedia.org/wiki/ফকিরেরপুল_ইয়ংমেন্স_ক্লাব
Bengali,ক্লাবটি 'খেলায়াড় তৈরীর কারখানা' হিসেবে সুপরিচিত ছিল।,bn:ফকিরেরপুল ইয়ংমেন্স ক্লাব,https://bn.wikipedia.org/wiki/ফকিরেরপুল_ইয়ংমেন্স_ক্লাব
Bengali,"ফেওয়া জলবিদ্যুৎ কেন্দ্র ১৯৬৯ খ্রিস্টাব্দে চালু করা, এই কেন্দ্রটি হল পোখারা শহরের প্রথম জলবিদ্যুৎ কেন্দ্র।",bn:ফেওয়া জলবিদ্যুৎ কেন্দ্র,https://bn.wikipedia.org/wiki/ফেওয়া_জলবিদ্যুৎ_কেন্দ্র
Bengali,৪টি জেনারেটর থেকে ১ মেগাওয়াট বিদ্যুৎ উৎপাদনের জন্য ফেওয়া লেকের পানি এই পাওয়ার প্ল্যান্টে পাঠানো হয়।,bn:ফেওয়া জলবিদ্যুৎ কেন্দ্র,https://bn.wikipedia.org/wiki/ফেওয়া_জলবিদ্যুৎ_কেন্দ্র
Bengali,হাইপো জাদোনাং কাম্বিরন রেলওয়ে স্টেশন মণিপুরের তামেংলং জেলার একটি প্রস্তাবিত রেলওয়ে স্টেশন।এর কোড হল KMBRN ।,bn:হাইপো জাদোনাং কাম্বিরন রেলওয়ে স্টেশন,https://bn.wikipedia.org/wiki/হাইপো_জাদোনাং_কাম্বিরন_রেলওয়ে_স্টেশন
Bengali,এটি কাম্বিরন গ্রামের পরিসেবা প্রদান করবে।,bn:হাইপো জাদোনাং কাম্বিরন রেলওয়ে স্টেশন,https://bn.wikipedia.org/wiki/হাইপো_জাদোনাং_কাম্বিরন_রেলওয়ে_স্টেশন
Bengali,২০১৪ সালে ভারতের স্বাধীনতা সংগ্রামী এবং জেলিয়ানগ্রং আন্দোলনের প্রতিষ্ঠাতা হাইপো জাদোনাং -এর সম্মানে স্টেশনটির নাম পরিবর্তন করা হয়।,bn:হাইপো জাদোনাং কাম্বিরন রেলওয়ে স্টেশন,https://bn.wikipedia.org/wiki/হাইপো_জাদোনাং_কাম্বিরন_রেলওয়ে_স্টেশন
Bengali,এই রেললাইনের কাজ ২০১৯ সালে শেষ হবে বলে আশা করা হচ্ছে।,bn:হাইপো জাদোনাং কাম্বিরন রেলওয়ে স্টেশন,https://bn.wikipedia.org/wiki/হাইপো_জাদোনাং_কাম্বিরন_রেলওয়ে_স্টেশন
Bengali,"মহাকপি জাতক হল বুদ্ধের পূর্বজীবনের জাতক কাহিনী বা গল্পগুলির মধ্যে একটি, তিনি তখনও একজন বোধিসত্ত্ব ছিলেন, বানরদের রাজা হিসেবে।",bn:মহাকপি জাতক,https://bn.wikipedia.org/wiki/মহাকপি_জাতক
Bengali,আজ রঙ হেঁ একটি সুফিভিত্তিক কাউয়ালি সঙ্গীত যার গীতিকার প্রখ্যাত সুফি সাধক আমীর খসরু।,bn:আজ রঙ হেঁ,https://bn.wikipedia.org/wiki/আজ_রঙ_হেঁ
Bengali,কালামটিতে (গান) আমীর খসরু তার মুর্শিদ (পীর) ভারতীয় উপমহাদেশের প্রখ্যাত সুফি সাধক নিজামুদ্দিন আউলিয়ার আধ্যাত্বিক ক্ষমতার বন্দনা করেছেন।,bn:আজ রঙ হেঁ,https://bn.wikipedia.org/wiki/আজ_রঙ_হেঁ
Bengali,এটি প্রধানত সুফি ঘরনার কালাম যা কাউয়ালি অনুষ্ঠানের শেষ পর্বে পরিবেশন করা হয়ে থাকে।,bn:আজ রঙ হেঁ,https://bn.wikipedia.org/wiki/আজ_রঙ_হেঁ
Bengali,"নীল দাঁড়িওয়ালা একটি ফরাসি লোককথা, চার্লস পেরোলের লেখা সংস্করণটিই বর্তমানে সবচেয়ে বেশি প্রচলিত।",bn:নীল দাঁড়িওয়ালা,https://bn.wikipedia.org/wiki/নীল_দাঁড়িওয়ালা
Bengali,"গল্পটি প্রথম প্রকাশিত হয় প্যারিসে ১৬৯৭ সালে জানুয়ারিতে হিস্ট্রিস অও কন্তেস দ্যু টেম্পস প্যাসে নামক (বাংলা: হারানো সময়ের গল্পগাঁথা) বইয়ে, বইটি পেরোলের আটটি রূপকথার সংগ্রহ।",bn:নীল দাঁড়িওয়ালা,https://bn.wikipedia.org/wiki/নীল_দাঁড়িওয়ালা
Bengali,"নীল দাঁড়িওয়ালা থেকে অনুপ্রাণিত হয়ে এপর্যন্ত অনেক কিংবদন্তি, চলচ্চিত্র, সাহিত্য রচিত হয়েছে।",bn:নীল দাঁড়িওয়ালা,https://bn.wikipedia.org/wiki/নীল_দাঁড়িওয়ালা
Bengali,ভি এস রামচন্দ্রন সেন্টার ফর ব্রেইন অ্যান্ড কগনিশন-এর পরিচালক।,bn:ভি. এস. রামচন্দ্রন,https://bn.wikipedia.org/wiki/ভি._এস._রামচন্দ্রন
Bengali,"এছাড়াও তিনি ইউনিভার্সিটি অব ক্যালিফোর্নিয়া, সান ডিয়েগো বিশ্ববিদ্যালয়ে মনোবিজ্ঞান ও স্নায়ুবিজ্ঞান বিভাগের অধ্যাপক।",bn:ভি. এস. রামচন্দ্রন,https://bn.wikipedia.org/wiki/ভি._এস._রামচন্দ্রন
Bengali,রেবতী মোহন দাস হলেন ভারতীয় জনতা পার্টির একজন ভারতীয় রাজনীতিবিদ এবং ত্রিপুরা বিধানসভার প্রাক্তন সদস্য।,bn:রেবতী মোহন দাস,https://bn.wikipedia.org/wiki/রেবতী_মোহন_দাস
Bengali,দাস ২০২১ সালের সেপ্টেম্বরে পদত্যাগ না করা অব্দি ত্রিপুরা বিধানসভার স্পিকার ছিলেন।,bn:রেবতী মোহন দাস,https://bn.wikipedia.org/wiki/রেবতী_মোহন_দাস
Bengali,ভুটানের প্রায় ৭০ ভাগ জনসংখ্যা হয় কাগ্যুর দ্রুকপা বংশ না হয় তিব্বতী বৌদ্ধীয় বংশকে অনুসরণ করে।,bn:ভুটানের ধর্মবিশ্বাস,https://bn.wikipedia.org/wiki/ভুটানের_ধর্মবিশ্বাস
Bengali,বাকি ৩০ শতাংশ জনগণ হিন্দুধর্ম বা পুরানো প্রাক বৌদ্ধ সহ অন্যান্য ধর্ম অনুসরণ করে থাকে।,bn:ভুটানের ধর্মবিশ্বাস,https://bn.wikipedia.org/wiki/ভুটানের_ধর্মবিশ্বাস
Bengali,তানসেল তুরগুত (জন্ম ১৯৬৬) একজন তুর্কি-মার্কিন হৃদরোগ বিশেষজ্ঞ এবং দাবাড়ু।,bn:তানসেল তুরগুত,https://bn.wikipedia.org/wiki/তানসেল_তুরগুত
Bengali,তিনি তুরস্কে জন্মগ্রহণ করেন এবং ১৯৯২ সালে মার্কিন যুক্তরাষ্ট্রে চলে যান।,bn:তানসেল তুরগুত,https://bn.wikipedia.org/wiki/তানসেল_তুরগুত
Bengali,তুরগুত ছিলেন লুইজিয়ানার ১৯৯৭ সালের রাজ্য দাবা চ্যাম্পিয়ন এবং ১৯৯৮ সালের মিশিগানের রাজ্য চ্যাম্পিয়ন।,bn:তানসেল তুরগুত,https://bn.wikipedia.org/wiki/তানসেল_তুরগুত
Bengali,"২০০৭ সালে, তিনি ইন্টারন্যাশনাল করেসপন্ডেন্স চেস গ্র্যান্ডমাস্টার খেতাব অর্জন করেন, তুরস্কের করেসপন্ডেন্স দাবাড়ু একমাত্র গ্র্যান্ড মাস্টার।",bn:তানসেল তুরগুত,https://bn.wikipedia.org/wiki/তানসেল_তুরগুত
Bengali,গৌরনদী বাংলাদেশের দক্ষিণাঞ্চলের একটি ছোট শহর।,bn:গৌরনদী,https://bn.wikipedia.org/wiki/গৌরনদী
Bengali,এটি বরিশাল বিভাগের অন্তর্গত বরিশাল জেলায় অবস্থিত গৌরনদী উপজেলার প্রধান শহর।,bn:গৌরনদী,https://bn.wikipedia.org/wiki/গৌরনদী
Bengali,প্রশাসনিকভাবে শহরটি গৌরনদী উপজেলার সদর দফতর।,bn:গৌরনদী,https://bn.wikipedia.org/wiki/গৌরনদী
Bengali,এটি জনসংখ্যার বিচারে বরিশাল জেলার দ্বিতীয় বৃহত্তম শহর।,bn:গৌরনদী,https://bn.wikipedia.org/wiki/গৌরনদী
Bengali,"জঁ-বাতিস্ত লামার্ক (ফরাসি: Jean-Baptiste Pierre Antoine de Monet, Chevalier de Lamarck) (১লা আগস্ট, ১৭৪৪ - ১৮ই ডিসেম্বর, ১৮২৯) ছিলেন প্রখ্যাত ফরাসি সৈনিক, প্রকৃতিবিদ এবং শিক্ষাবিদ।",bn:জিন-ব্যাপটিস্ট ল্যামার্ক,https://bn.wikipedia.org/wiki/জিন-ব্যাপটিস্ট_ল্যামার্ক
Bengali,"প্রাকৃতিক নিয়ম অনুসারেই বিবর্তন ঘটেছে, এই মতবাদের প্রথম প্রস্তাবকারীদের মধ্যে তিনি অন্যতম।",bn:জিন-ব্যাপটিস্ট ল্যামার্ক,https://bn.wikipedia.org/wiki/জিন-ব্যাপটিস্ট_ল্যামার্ক
Bengali,ফ্রান্সের পিকার্দি-তে এক দরিদ্র সৈনিক পরিবারের একাদশ সন্তান হিসেবে তার জন্ম হয়।,bn:জিন-ব্যাপটিস্ট ল্যামার্ক,https://bn.wikipedia.org/wiki/জিন-ব্যাপটিস্ট_ল্যামার্ক
Bengali,লামার্ককে একটি জেসুইট কলেজে পড়তে বাধ্য করা হয়েছিল।,bn:জিন-ব্যাপটিস্ট ল্যামার্ক,https://bn.wikipedia.org/wiki/জিন-ব্যাপটিস্ট_ল্যামার্ক
Bengali,কিরিপ চলিহা (জন্ম ১ নভেম্বর ১৯৫৫) ভারতের চতুর্দশ লোকসভার সদস্য।,bn:কিরিপ চলিহা,https://bn.wikipedia.org/wiki/কিরিপ_চলিহা
Bengali,তিনি দশম লোকসভায় আসামের গুয়াহাটি লোকসভা কেন্দ্রর প্রতিনিধিত্ব করেন এবং ভারতীয় জাতীয় কংগ্রেস (আইএনসি) রাজনৈতিক দলের সদস্য।,bn:কিরিপ চলিহা,https://bn.wikipedia.org/wiki/কিরিপ_চলিহা
Bengali,তিনি আসামের শিবসাগর থেকে এসেছেন।,bn:কিরিপ চলিহা,https://bn.wikipedia.org/wiki/কিরিপ_চলিহা
Bengali,"ইউনিভার্সিটি অফ ক্যালিফোর্নিয়ার অধ্যাপক ফ্রাঙ্ক ড্রেক ১৯৬০-এর দশকে বহির্জাগতিক যেসকল সভ্যতাসমূহের সাথে আমাদের যোগাযোগ স্থাপনের সম্ভাবনা রয়েছে সেগুলোর সংখ্যা প্রণয়নের জন্য একটি সূত্রের অবতারণা করেন, যেটি পরবর্তীকালে ড্রেকের সূত্র বা ড্রেকের সমীকরণ নামে পরিচিতি পায়।",bn:ড্রেকের সূত্র,https://bn.wikipedia.org/wiki/ড্রেকের_সূত্র
Bengali,"এই সূত্রটির প্রধান উদ্দেশ্য হচ্ছে, যে নিয়ামকসমূহ বহির্জাগতিক সভ্যতাসমূহের সংখ্যা নির্ণয়ে ভূমিকা রাখে সেই নিয়ামকগুলোর অনিশ্চয়তার পরিমাণ নির্ণয়ে বিজ্ঞানীদেরকে সহায়তা করা।",bn:ড্রেকের সূত্র,https://bn.wikipedia.org/wiki/ড্রেকের_সূত্র
Bengali,"বর্তমানকালে বিরল পৃথিবী প্রকল্প বা Rare Earth Hypothesis নামীয় তত্ত্ব যা অনুসারে মহাবিশ্বে বুদ্ধিমান জীবের অস্তিত্ব খুবই বিরল, ড্রেকের তত্ত্বের একটি অন্যতম খন্ডনকারী।",bn:ড্রেকের সূত্র,https://bn.wikipedia.org/wiki/ড্রেকের_সূত্র
Bengali,ড্রেকের সূত্র ফার্মির কূটাভাসের সাথে নিবিড়ভাবে সম্পর্কিত।,bn:ড্রেকের সূত্র,https://bn.wikipedia.org/wiki/ড্রেকের_সূত্র
Bengali,"একজন প্রার্থী বা মনোনীত, একজন পুরস্কার বা সম্মানের সম্ভাব্য প্রাপক, অথবা এমন একজন ব্যক্তি যিনি কোনো ধরনের পদের জন্য চাইছেন বা বিবেচিত হচ্ছেন; উদাহরণ স্বরূপ: একটি অফিসে নির্বাচিত হতে - এই ক্ষেত্রে একটি প্রার্থী নির্বাচন পদ্ধতি ঘটে।",bn:প্রার্থী,https://bn.wikipedia.org/wiki/প্রার্থী
Bengali,"একটি গ্রুপে সদস্যপদ পেতে "" মনোনয়ন "" হল একটি রাজনৈতিক দলের দ্বারা নির্বাচনের অথবা সম্মান বা পুরস্কার প্রদানের জন্য প্রার্থী বাছাই করার প্রক্রিয়ার একটি অংশ।",bn:প্রার্থী,https://bn.wikipedia.org/wiki/প্রার্থী
Bengali,"এই ব্যক্তিকে ""মনোনীত"" বলা হয়, যদিও মনোনীত ব্যক্তিকে প্রায়ই ""প্রার্থী"" এর সাথে বিনিময়যোগ্যভাবে ব্যবহার করা হয়।",bn:প্রার্থী,https://bn.wikipedia.org/wiki/প্রার্থী
Bengali,একজন অনুমানমূলক মনোনীত একজন ব্যক্তি বা সংস্থা যা বিশ্বাস করে যে মনোনয়ন অনিবার্য বা সম্ভাব্য।,bn:প্রার্থী,https://bn.wikipedia.org/wiki/প্রার্থী
Bengali,আরভিং গ্রান্ট থালবার্গ (ইংরেজি: Irving Grant Thalberg; ৩০শে মে ১৮৯৯ - ১৪ই সেপ্টেম্বর ১৯৩৬) ছিলেন একজন মার্কিন চলচ্চিত্র প্রযোজক।,bn:আরভিং থালবার্গ,https://bn.wikipedia.org/wiki/আরভিং_থালবার্গ
Bengali,তিনি চলচ্চিত্র যুগের শুরুর বছরগুলোতে চলচ্চিত্র প্রযোজনা শুরু করেন।,bn:আরভিং থালবার্গ,https://bn.wikipedia.org/wiki/আরভিং_থালবার্গ
Bengali,"তার পাণ্ডুলিপি ও অভিনয়শিল্পী নির্বাচন, ব্যবস্থাপনা কর্মী সংগ্রহ, ও চলচ্চিত্র থেকে মুনাফা অর্জনের জন্য তাকে ""দ্য বয় ওয়ান্ডার"" বলে ডাকা হতো।",bn:আরভিং থালবার্গ,https://bn.wikipedia.org/wiki/আরভিং_থালবার্গ
Bengali,"তার প্রযোজিত উল্লেখযোগ্য ব্যবসাসফল চলচ্চিত্র হল গ্র্যান্ড হোটেল, চায়না সিজ, ক্যামিল, মিউটিনি অন দ্য বাউন্টি ও দ্য গুড আর্থ।",bn:আরভিং থালবার্গ,https://bn.wikipedia.org/wiki/আরভিং_থালবার্গ
Bengali,আন্না চান্দী (১৯০৫ - ১৯৯৬) ভারতের প্রথম নারী বিচারপতি ছিলেন।,bn:আন্না চান্দী,https://bn.wikipedia.org/wiki/আন্না_চান্দী
Bengali,এছাড়াও তিনি প্রথম ভারতীয় নারী হিসেবে হাই কোর্টের বিচারপতি হিসেবে নিযুক্ত হন।,bn:আন্না চান্দী,https://bn.wikipedia.org/wiki/আন্না_চান্দী
Bengali,তিনি অ্যাংলো-স্ক্যক্সন সময়ের প্রথম নারী বিচারপতি ও ইংরেজ বিচারপতি এলিজাবেথ লেইনের পূর্বে তিনি বিচারপতি হিসেবে শপথ গ্রহণ করেন।,bn:আন্না চান্দী,https://bn.wikipedia.org/wiki/আন্না_চান্দী
Bengali,"তেল ফেরে গাসেত (স্পেনীয়: Meritxell Ferré; জন্ম: ১০ নভেম্বর ২০০৬; তেল ফেরে নামে সুপরিচিত) হলেন একজন স্পেনীয় সমলয় সাঁতারু, যিনি স্পেনের প্রতিনিধি হিসেবে বিভিন্ন আন্তর্জাতিক প্রতিযোগিতায় অংশগ্রহণ করে থাকেন।",bn:তেল ফেরে,https://bn.wikipedia.org/wiki/তেল_ফেরে
Bengali,"ফেরে স্পেনের হয়ে ২০২৪ গ্রীষ্মকালীন অলিম্পিকে অংশগ্রহণ করেছেন, যেখানে তিনি একটি ব্রোঞ্জ পদক জয়লাভ করেছেন।",bn:তেল ফেরে,https://bn.wikipedia.org/wiki/তেল_ফেরে
Bengali,বাড়িয়া গণহত্যা হল ১৯৭১ সালের ১৪ই মে পাকিস্তান সেনাবাহিনী কর্তৃক বাংলাদেশের বর্তমান গাজীপুর সদর উপজেলার বড়িয়া গ্রামে নিরস্ত্র বাঙালি হিন্দুদের উপর পরিচালিত নির্মম গণহত্যা।,bn:বাড়িয়া গণহত্যা,https://bn.wikipedia.org/wiki/বাড়িয়া_গণহত্যা
Bengali,"এই গণহত্যায় বাড়িয়া এবং নিকটবর্তী কামারিয়া থেকে প্রায় ২০০ বাঙালি হিন্দু নিহত হয়, এবং আরও কয়েক শতাধিক আহত হয়।",bn:বাড়িয়া গণহত্যা,https://bn.wikipedia.org/wiki/বাড়িয়া_গণহত্যা
Bengali,তারীখে দাঊদী (ফার্সি: تاریخِ داوودی) ষোড়শ শতকের একটি ফার্সি ভাষার বই যা দক্ষিণ এশিয়ার বিভিন্ন পাঠান রাজবংশের প্রশাসনের নথিভুক্ত করে।,bn:তারীখে দাঊদী,https://bn.wikipedia.org/wiki/তারীখে_দাঊদী
Bengali,এটি আব্দুল্লাহ নামে একজন ইতিহাসবিদ লিখেছেন।,bn:তারীখে দাঊদী,https://bn.wikipedia.org/wiki/তারীখে_দাঊদী
Bengali,বইটি দিল্লির লোদী রাজবংশের সুলতান বাহলুল লোদীর সাথে শুরু হয় এবং বাংলার কররানী রাজবংশের সুলতান দাঊদ খাঁন কররানীর সাথে শেষ হয়।,bn:তারীখে দাঊদী,https://bn.wikipedia.org/wiki/তারীখে_দাঊদী
Bengali,পাঠান সূরী রাজবংশ সম্পর্কিত তথ্যও বইটিতে পাওয়া যায়।,bn:তারীখে দাঊদী,https://bn.wikipedia.org/wiki/তারীখে_দাঊদী
Bengali,কারৌলি-ঢোলপুর লোকসভা কেন্দ্রটি রাজস্থান রাজ্যের ২৫ টি লোকসভা কেন্দ্রের একটি এবং ২০০৯ সালের লোকসভা কেন্দ্রটি প্রতিষ্ঠিত হয়।,bn:কারৌলি-ঢোলপুর লোকসভা কেন্দ্র,https://bn.wikipedia.org/wiki/কারৌলি-ঢোলপুর_লোকসভা_কেন্দ্র
Bengali,এই কেন্দ্রটি তফসিলী জাতিদের জন্য সংরক্ষিত এবং মোট ৮ টি বিধানসভা কেন্দ্র নিয়ে গঠিত।,bn:কারৌলি-ঢোলপুর লোকসভা কেন্দ্র,https://bn.wikipedia.org/wiki/কারৌলি-ঢোলপুর_লোকসভা_কেন্দ্র
Bengali,লোকসভা কেন্দ্রের অন্তর্গত এলাকার সরকারি ভাষা হল হিন্দি।,bn:কারৌলি-ঢোলপুর লোকসভা কেন্দ্র,https://bn.wikipedia.org/wiki/কারৌলি-ঢোলপুর_লোকসভা_কেন্দ্র
Bengali,এই লোকসভা কেন্দ্র থেকে নির্বাচিত সদস্য ভারতীয় সংসদের লোকসভাতে প্রতিনিধিত্ব।,bn:কারৌলি-ঢোলপুর লোকসভা কেন্দ্র,https://bn.wikipedia.org/wiki/কারৌলি-ঢোলপুর_লোকসভা_কেন্দ্র
Bengali,"সুধনওয়া দেববর্মা (সুধন্য দেববর্মাও বানান) (২৬ ফেব্রুয়ারি ১৯১৮ - ১৯৯৯) একজন ভারতীয় ককবরক লেখক, রাজনৈতিক নেতা এবং ভারতের কমিউনিস্ট পার্টি (মার্কসবাদী) এর সদস্য ছিলেন।",bn:সুধন্য দেববর্মা,https://bn.wikipedia.org/wiki/সুধন্য_দেববর্মা
Bengali,তিনি ত্রিপুরা বিধানসভার প্রাক্তন স্পিকার ছিলেন।,bn:সুধন্য দেববর্মা,https://bn.wikipedia.org/wiki/সুধন্য_দেববর্মা
Bengali,তিনি গণমুক্তি পরিষদের প্রবীণ নেতা ছিলেন।,bn:সুধন্য দেববর্মা,https://bn.wikipedia.org/wiki/সুধন্য_দেববর্মা
Bengali,তিনি টাকারজলা (বিধানসভা কেন্দ্র) (১৯৭৭-১৯৮৮) থেকে ত্রিপুরা বিধানসভার সদস্য ছিলেন।,bn:সুধন্য দেববর্মা,https://bn.wikipedia.org/wiki/সুধন্য_দেববর্মা
Bengali,শহীদুল ইসলাম খোকন (১৫ মে ১৯৫৭ - ৪ এপ্রিল ২০১৬) একজন বাংলাদেশী চলচ্চিত্র পরিচালক।,bn:শহীদুল ইসলাম খোকন,https://bn.wikipedia.org/wiki/শহীদুল_ইসলাম_খোকন
Bengali,পরিচালনার পাশাপাশি তিনি চলচ্চিত্র প্রযোজনা ও অভিনয় করেছেন।,bn:শহীদুল ইসলাম খোকন,https://bn.wikipedia.org/wiki/শহীদুল_ইসলাম_খোকন
Bengali,"জেনারেল উইলিয়াম মাউল, প্রথম আর্ল পানমুর (১৭০০–১৭৮২) ছিলেন একজন স্কটিশ সৈনিক এবং রাজনীতিবিদ যিনি ১৭৩৫ থেকে ১৭৮২ সাল পর্যন্ত ৪৭ বছর ধরে হাউস অফ কমন্সে ছিলেন।","bn:উইলিয়াম মাউল, প্রথম আর্ল পানমুর","https://bn.wikipedia.org/wiki/উইলিয়াম_মাউল,_প্রথম_আর্ল_পানমুর"
Bengali,"নলিনীধর ভট্টাচার্য (জন্ম: ৪ ডিসেম্বর ১৯২১ — মৃত্যু: ১ সেপ্টেম্বর ২০১৬) (ইংরেজি: Nalinidhar Bhattacharya; অসমীয়া: নলিনীধৰ ভট্টাচার্য) অসমের একজন কবি, প্রবন্ধকার, সমালোচক ও অনুবাদক।",bn:নলিনীধর ভট্টাচার্য,https://bn.wikipedia.org/wiki/নলিনীধর_ভট্টাচার্য
Bengali,নলিনীধর ভট্টাচার্য রামধেনু নামক পুস্তক অনুবাদ করে তিনি সাহিত্য জগতে প্রবেশ করেন।,bn:নলিনীধর ভট্টাচার্য,https://bn.wikipedia.org/wiki/নলিনীধর_ভট্টাচার্য
Bengali,ননী আছনে ঘরত নামক কবিতাটি তার রচিত অন্যন্য কৃতি হিসেবে গণ্য করা হয়।,bn:নলিনীধর ভট্টাচার্য,https://bn.wikipedia.org/wiki/নলিনীধর_ভট্টাচার্য
Bengali,তিনি ১৯৮২ সনে অসম সাহিত্য সভার ডিফু অধিবেশনের কবি সন্মিলনে সভাপতিত্ব করেছিলেন।,bn:নলিনীধর ভট্টাচার্য,https://bn.wikipedia.org/wiki/নলিনীধর_ভট্টাচার্য
Bengali,"ন্যাশনাল সেফ প্লেস (ন্যাশনাল সেফ প্লেস নেটওয়ার্ক নামেও পরিচিত) হল লুভল, কেন্টাকিতে অবস্থিত একটি অলাভজনক সংস্থা।",bn:ন্যাশনাল সেফ প্লেস,https://bn.wikipedia.org/wiki/ন্যাশনাল_সেফ_প্লেস
Bengali,"এটি ১৯৮৩ সালে ""প্রজেক্ট সেফ প্লেস"" নামে পরিচিত একটি উদ্যোগ থেকে শুরু হয়েছিল এবং ১২ থেকে ১৭ বছর বয়সী তরুণদের জন্য একটি স্বল্পমেয়াদী আবাসিক এবং পরামর্শ কেন্দ্র দ্বারা প্রতিষ্ঠিত হয়েছিল।",bn:ন্যাশনাল সেফ প্লেস,https://bn.wikipedia.org/wiki/ন্যাশনাল_সেফ_প্লেস
Bengali,সেফ প্লেস উদ্যোগটি ঝুঁকিপূর্ণ বা সংকটময় পরিস্থিতিতে থাকা শিশু ও কিশোর-কিশোরীদের জন্য তাৎক্ষণিক সহায়তা প্রদানের উদ্দেশ্যে তৈরি করা হয়েছিল।,bn:ন্যাশনাল সেফ প্লেস,https://bn.wikipedia.org/wiki/ন্যাশনাল_সেফ_প্লেস
Bengali,"উদাহরণস্বরূপ যেসব শিশু বাড়ি থেকে পালিয়ে গেছে বা যারা গৃহহীনতার শিকার, তারা এর মধ্যে অন্তর্ভুক্ত রয়েছে।",bn:ন্যাশনাল সেফ প্লেস,https://bn.wikipedia.org/wiki/ন্যাশনাল_সেফ_প্লেস
Bengali,"মাতেউচি পদক পদার্থবিজ্ঞানীদের একটি ইতালীয় পুরস্কার, নামকরণ করা হয় ফোর্লি থেকে আগত কার্লো মাতেউচি এর নামে।",bn:মাতেউচি পদক,https://bn.wikipedia.org/wiki/মাতেউচি_পদক
Bengali,এটা প্রতিষ্ঠা করা হয় পদার্থবিদগণের মৌলিক অবদানের জন্য পুরস্কৃত করার জন্য।,bn:মাতেউচি পদক,https://bn.wikipedia.org/wiki/মাতেউচি_পদক
Bengali,"ইতালীয় রয়াল ডিক্রি অনুসারে ১০ জুলাই ১৮৪০ সালে, ইতালিয়ান সোসাইটি অব সাইন্স এই পুরস্কার প্রতিষ্ঠিত করার জন্য কার্লো মাতেউচির থেকে অনুদান গ্রহণের জন্য অনুমোদিত হয়েছিল।",bn:মাতেউচি পদক,https://bn.wikipedia.org/wiki/মাতেউচি_পদক
Bengali,মাতেউচি পদকপ্রাপ্ত উৎস: ইটালিয়ান সোসাইটি অব সায়েন্সেস,bn:মাতেউচি পদক,https://bn.wikipedia.org/wiki/মাতেউচি_পদক
Bengali,"সত্যপাল ডাং (১৯২০-২০১৩) ছিলেন একজন ভারতীয় স্বাধীনতা কর্মী, লেখক এবং পাঞ্জাবের পরবর্তী দিনের রাজনীতিবিদ।",bn:সত্যপাল ডাং,https://bn.wikipedia.org/wiki/সত্যপাল_ডাং
Bengali,"তিনি পাঞ্জাব বিধানসভার বিধায়ক ছিলেন, যিনি চার মেয়াদে ভারতের কমিউনিস্ট পার্টির প্রতিনিধিত্ব করেছিলেন এবং বিচারপতি গুরনাম সিংয়ের নেতৃত্বে যুক্তফ্রন্ট মন্ত্রণালয়ে খাদ্য ও নাগরিক সরবরাহ মন্ত্রী ছিলেন।",bn:সত্যপাল ডাং,https://bn.wikipedia.org/wiki/সত্যপাল_ডাং
Bengali,তিনি অল ইন্ডিয়া ট্রেড ইউনিয়ন কংগ্রেস (এআইটিইউসি) এর সাথে জোট বদ্ধ হয়ে ভারতে ট্রেড ইউনিয়ন আন্দোলনেও জড়িত ছিলেন।,bn:সত্যপাল ডাং,https://bn.wikipedia.org/wiki/সত্যপাল_ডাং
Bengali,সমাজে অবদানের জন্য ১৯৯৮ সালে ভারত সরকার তাকে তৃতীয় সর্বোচ্চ বেসামরিক সম্মাননা পদ্মভূষণ প্রদান করে।,bn:সত্যপাল ডাং,https://bn.wikipedia.org/wiki/সত্যপাল_ডাং
Bengali,বসন্তপুর ইউনিয়ন বাংলাদেশের ঢাকা বিভাগের রাজবাড়ী জেলার রাজবাড়ী সদর উপজেলার অন্তর্গত একটি ইউনিয়ন।,bn:বসন্তপুর ইউনিয়ন,https://bn.wikipedia.org/wiki/বসন্তপুর_ইউনিয়ন
Bengali,জাভাই হলো একটি ইউনিকোড ব্লক যাতে থাকা জাভা বর্ণগুলো জাভাই ভাষা লেখার জন্য ঐতিহ্যগতভাবে ব্যবহৃত হয়।,bn:ইউনিকোডে জাভাই লিপি,https://bn.wikipedia.org/wiki/ইউনিকোডে_জাভাই_লিপি
Bengali,ইউনিকোড স্ট্যান্ডার্ডে ২০০৯ সালের অক্টোবরে সংস্করণ ৫.২ প্রকাশের সাথে জাভাই লিপি যুক্ত করা হয়েছিল।,bn:ইউনিকোডে জাভাই লিপি,https://bn.wikipedia.org/wiki/ইউনিকোডে_জাভাই_লিপি
Bengali,"বক্ষগহ্বর বলতে মেরুদণ্ডী প্রাণীদের একটি দেহগহ্বরকে বোঝায়, যা বক্ষ প্রাচীর (পাঁজরের খাঁচা এবং এর সঙ্গে যুক্ত ত্বক, পেশী ও আস্তবি/ফ্যাশা) দ্বারা সুরক্ষিত।",bn:বক্ষগহ্বর,https://bn.wikipedia.org/wiki/বক্ষগহ্বর
Bengali,বক্ষগহ্বরের কেন্দ্রীয় অংশ হলো বক্ষের মধ্যপ্রকোষ্ঠ (মিডিয়াস্টিনাম)।,bn:বক্ষগহ্বর,https://bn.wikipedia.org/wiki/বক্ষগহ্বর
Bengali,বক্ষগহ্বরের দুটি উন্মুক্তি রয়েছে—উপরেরটি বক্ষীয় প্রবেশপথ নামে পরিচিত এবং নিচেরটি বক্ষীয় নির্গমপথ নামে পরিচিত।,bn:বক্ষগহ্বর,https://bn.wikipedia.org/wiki/বক্ষগহ্বর
Bengali,বক্ষগহ্বরের মধ্যে হৃৎ-সংবহন তন্ত্র ও কণ্ডরাও (টেন্ডন) অবস্থিত।,bn:বক্ষগহ্বর,https://bn.wikipedia.org/wiki/বক্ষগহ্বর
Bengali,"আচকান (হিন্দি: अचकन) 'বাঘল বান্দি' নামেও পরিচিত, একটি হাঁটু পর্যন্ত দৈর্ঘ্যের জ্যাকেট যেটি ভারতীয় উপমহাদেশের বেশিরভাগ পুরুষেরা আংরাখার মত পরেন।",bn:আচকান,https://bn.wikipedia.org/wiki/আচকান
Bengali,নন্দিত নরকে এটি ২০০৬-এর একটি বাংলাদেশী নাট্য চলচ্চিত্র।,bn:নন্দিত নরকে (চলচ্চিত্র),https://bn.wikipedia.org/wiki/নন্দিত_নরকে_(চলচ্চিত্র)
Bengali,এটি পরিচালনা করেন বাংলাদেশের খ্যাতনামা চলচ্চিত্রকার বেলাল আহমেদ।,bn:নন্দিত নরকে (চলচ্চিত্র),https://bn.wikipedia.org/wiki/নন্দিত_নরকে_(চলচ্চিত্র)
Bengali,হুমায়ুন আহমেদ এর জনপ্রিয় উপন্যাস নন্দিত নরকে অবলম্বনে নির্মাণ করা হয় চলচ্চিত্রটি।,bn:নন্দিত নরকে (চলচ্চিত্র),https://bn.wikipedia.org/wiki/নন্দিত_নরকে_(চলচ্চিত্র)
Bengali,এটি ছিল হুমায়ূন আহমেদের প্রথম প্রকাশিত উপন্যাস।,bn:নন্দিত নরকে (চলচ্চিত্র),https://bn.wikipedia.org/wiki/নন্দিত_নরকে_(চলচ্চিত্র)
Bengali,বারমুলা লোকসভা কেন্দ্রটি জম্মু ও কাশ্মীর কেন্দ্রশাসিত অঞ্চলের ৫টি লোকসভা কেন্দ্রের একটি এবং ১৯৫৭ সালের লোকসভা কেন্দ্রটি প্রতিষ্ঠিত হয়।,bn:বারমুলা লোকসভা কেন্দ্র,https://bn.wikipedia.org/wiki/বারমুলা_লোকসভা_কেন্দ্র
Bengali,এটি একটি অসংরক্ষিত আসন এবং মোট ১৫ টি বিধানসভা কেন্দ্র নিয়ে গঠিত।,bn:বারমুলা লোকসভা কেন্দ্র,https://bn.wikipedia.org/wiki/বারমুলা_লোকসভা_কেন্দ্র
Bengali,লোকসভা কেন্দ্রের অন্তর্গত এলাকার সরকারি ভাষা হল উর্দু।,bn:বারমুলা লোকসভা কেন্দ্র,https://bn.wikipedia.org/wiki/বারমুলা_লোকসভা_কেন্দ্র
Bengali,"এই লোকসভা কেন্দ্রে ২০১৯ সালে মোট ভোটার সংখ্যা ছিলো ১,১৯০,৭৬৬ জন।",bn:বারমুলা লোকসভা কেন্দ্র,https://bn.wikipedia.org/wiki/বারমুলা_লোকসভা_কেন্দ্র
Bengali,"২০২৬ ফিফা বিশ্বকাপ বাছাইপর্ব (ক্যাফ) ছিল ২০২৬ ফিফা বিশ্বকাপের বাছাইপর্বের প্রক্রিয়ার আফ্রিকান বিভাগ, যা যুক্তরাষ্ট্র, কানাডা ও মেক্সিকোতে অনুষ্ঠিত হয়।",bn:২০২৬ ফিফা বিশ্বকাপ বাছাইপর্ব (ক্যাফ),https://bn.wikipedia.org/wiki/২০২৬_ফিফা_বিশ্বকাপ_বাছাইপর্ব_(ক্যাফ)
Bengali,চূড়ান্ত প্রতিযোগিতায় মোট ৯টি স্লট এবং ১টি আন্তঃ-কনফেডারেশন প্লে-অফ স্লট ক্যাফ দলগুলির জন্য সংরক্ষিত রাখা হয়।,bn:২০২৬ ফিফা বিশ্বকাপ বাছাইপর্ব (ক্যাফ),https://bn.wikipedia.org/wiki/২০২৬_ফিফা_বিশ্বকাপ_বাছাইপর্ব_(ক্যাফ)
Bengali,টঙ্গী পূর্ব থানা বাংলাদেশের গাজীপুর জেলার অন্তর্গত গাজীপুর সিটি কর্পোরেশনের একটি থানা।,bn:টঙ্গী পূর্ব থানা,https://bn.wikipedia.org/wiki/টঙ্গী_পূর্ব_থানা
Bengali,টি স্পোর্টস বা তিতাস স্পোর্টস হচ্ছে উপগ্রহ ভিত্তিক একটি ক্রীড়া টিভি চ্যানেল।,bn:টি স্পোর্টস,https://bn.wikipedia.org/wiki/টি_স্পোর্টস
Bengali,এটি বাংলাদেশের প্রথম ক্রীড়া টিভি চ্যানেল।,bn:টি স্পোর্টস,https://bn.wikipedia.org/wiki/টি_স্পোর্টস
Bengali,"চ্যানেলটির মালিক ইস্ট ওয়েস্ট মিডিয়া গ্রুপ লিমিটেড, যা বসুন্ধরা গ্রুপের একটি সহায়ক প্রতিষ্ঠান।",bn:টি স্পোর্টস,https://bn.wikipedia.org/wiki/টি_স্পোর্টস
Bengali,বাংলাদেশ-নেপালের আন্তর্জাতিক ফুটবল ম্যাচ দিয়ে চ্যানেলটি সরাসরি সম্প্রচার শুরু করে।,bn:টি স্পোর্টস,https://bn.wikipedia.org/wiki/টি_স্পোর্টস
Bengali,জাতীয় সড়ক ৩২৭ হল ভারতের একটি জাতীয় মহাসড়ক।,bn:জাতীয় সড়ক ৩২৭ (ভারত),https://bn.wikipedia.org/wiki/জাতীয়_সড়ক_৩২৭_(ভারত)
Bengali,"সড়কটি সংক্ষেপে ""এনএইচ ৩২৭"" নামে পরিচিত।",bn:জাতীয় সড়ক ৩২৭ (ভারত),https://bn.wikipedia.org/wiki/জাতীয়_সড়ক_৩২৭_(ভারত)
Bengali,এটি জাতীয় সড়ক ২৭-এর একটি পার্শ্ব শাখা সড়ক।,bn:জাতীয় সড়ক ৩২৭ (ভারত),https://bn.wikipedia.org/wiki/জাতীয়_সড়ক_৩২৭_(ভারত)
Bengali,এনএইচ ৩২৭ পশ্চিমবঙ্গের গালগালিয়া থেকে শুরু হয়ে বিহারের বনগাঁ পর্যন্ত বিস্তৃত।,bn:জাতীয় সড়ক ৩২৭ (ভারত),https://bn.wikipedia.org/wiki/জাতীয়_সড়ক_৩২৭_(ভারত)
Bengali,"উর্বশী বুটালিয়া (জন্ম ১৯৫২) একজন ভারতীয় নারীবাদী লেখক, প্রকাশক এবং কর্মী।",bn:উর্বর্শী বুটালিয়া,https://bn.wikipedia.org/wiki/উর্বর্শী_বুটালিয়া
Bengali,"তিনি ভারতের নারী আন্দোলনের ক্ষেত্রে তার অবদানের জন্য পরিচিত, পাশাপাশি তিনি দ্য আদার সাইড অব সাইলেন্স: ভয়েসেস ফ্রম অ্যান্ড দ্য পার্টিশন অব ইন্ডিয়া এবং স্পিকিং পিস: উইমেন’স ভয়েসেস ফ্রম কাশ্মীর বইগুলোর লেখক।",bn:উর্বর্শী বুটালিয়া,https://bn.wikipedia.org/wiki/উর্বর্শী_বুটালিয়া
Bengali,ঋতু মেনন-এর সঙ্গে তিনি ১৯৮৪ সালে ভারতের প্রথম নারীবাদী প্রকাশনা সংস্থা কালি ফর উইমেন প্রতিষ্ঠা করেন।,bn:উর্বর্শী বুটালিয়া,https://bn.wikipedia.org/wiki/উর্বর্শী_বুটালিয়া
Bengali,"২০০৩ সালে, তিনি জুবান বুকস প্রতিষ্ঠা করেন, যা কালী ফর উইমেন-এর একটি শাখা প্রকাশনা।",bn:উর্বর্শী বুটালিয়া,https://bn.wikipedia.org/wiki/উর্বর্শী_বুটালিয়া
Bengali,অনরণ্য ইক্ষ্বাকুবংশ সূর্যবংশের বিখ্যাত রাজা।,bn:অনরণ্য,https://bn.wikipedia.org/wiki/অনরণ্য
Bengali,ইনি শ্রীরামচন্দ্রের পূর্বপুরুষ।,bn:অনরণ্য,https://bn.wikipedia.org/wiki/অনরণ্য
Bengali,"রামায়ণ এবং অন্যান্য পুরাণগুলোতে ইক্ষ্বাকুবংশের যে কুলপঞ্জিকা পাওয়া যায়,তাতে রাজর্ষি অনরণ্যের সঠিক পরিচয় নিয়ে অনেক মতভেদ রয়েছে।",bn:অনরণ্য,https://bn.wikipedia.org/wiki/অনরণ্য
Bengali,"রামায়ণ মতে, মহাতেজস্বী রাজা বাণের পুত্র অনরণ্য।",bn:অনরণ্য,https://bn.wikipedia.org/wiki/অনরণ্য
Bengali,সরকারি সুন্দরবন আদর্শ কলেজ বাংলাদেশের খুলনা জেলায় অবস্থিত একটি শিক্ষাপ্রতিষ্ঠান যা ১৯৬৯ সালে ০১ জুলাই প্রতিষ্ঠিত হয়।,bn:সরকারি সুন্দরবন আদর্শ কলেজ,https://bn.wikipedia.org/wiki/সরকারি_সুন্দরবন_আদর্শ_কলেজ
Bengali,"কলেজটিতে বর্তমানে যশোর শিক্ষা বোর্ড ও জাতীয় বিশ্ববিদ্যালয়ের অধীনে উচ্চ মাধ্যমিক, স্নাতক ও স্নাতকোত্তর পর্যায়ে শিক্ষা প্রদান করা হয়।",bn:সরকারি সুন্দরবন আদর্শ কলেজ,https://bn.wikipedia.org/wiki/সরকারি_সুন্দরবন_আদর্শ_কলেজ
Bengali,একাত্তরের গণহত্যা ও মুক্তিযুদ্ধের প্রস্তুতি হলো বাংলাদেশের একমাত্র গুচ্ছ ভাস্কর্য।,bn:একাত্তরের গণহত্যা ও মুক্তিযুদ্ধের প্রস্তুতি (ভাস্কর্য),https://bn.wikipedia.org/wiki/একাত্তরের_গণহত্যা_ও_মুক্তিযুদ্ধের_প্রস্তুতি_(ভাস্কর্য)
Bengali,এই ভাস্কর্যটি বাংলাদেশের স্বাধীনতা যুদ্ধের স্মরণে নিবেদিত।,bn:একাত্তরের গণহত্যা ও মুক্তিযুদ্ধের প্রস্তুতি (ভাস্কর্য),https://bn.wikipedia.org/wiki/একাত্তরের_গণহত্যা_ও_মুক্তিযুদ্ধের_প্রস্তুতি_(ভাস্কর্য)
Bengali,এটি জগন্নাথ বিশ্ববিদ্যালয়ের নতুন ভবনের সামনে স্থাপিত হয়েছে।,bn:একাত্তরের গণহত্যা ও মুক্তিযুদ্ধের প্রস্তুতি (ভাস্কর্য),https://bn.wikipedia.org/wiki/একাত্তরের_গণহত্যা_ও_মুক্তিযুদ্ধের_প্রস্তুতি_(ভাস্কর্য)
Bengali,এতে একাত্তরের গণহত্যা ও মুক্তিযুদ্ধের প্রস্তুতি তুলে ধরা হয়েছে।,bn:একাত্তরের গণহত্যা ও মুক্তিযুদ্ধের প্রস্তুতি (ভাস্কর্য),https://bn.wikipedia.org/wiki/একাত্তরের_গণহত্যা_ও_মুক্তিযুদ্ধের_প্রস্তুতি_(ভাস্কর্য)
Bengali,২০২৬ এশিয়ান গেমসে ৩x৩ বাস্কেটবল হল উক্ত প্রতিযোগিতার মোট ৪৩টি ইভেন্টের একটি ইভেন্ট।,bn:২০২৬ এশিয়ান গেমসে ৩x৩ বাস্কেটবল,https://bn.wikipedia.org/wiki/২০২৬_এশিয়ান_গেমসে_৩x৩_বাস্কেটবল
Bengali,এই ইভেন্টে পুরুষদের ও মহিলাদের প্রতিযোগিতায় ষোলটি করে দল অংশগ্রহণ করেছে।,bn:২০২৬ এশিয়ান গেমসে ৩x৩ বাস্কেটবল,https://bn.wikipedia.org/wiki/২০২৬_এশিয়ান_গেমসে_৩x৩_বাস্কেটবল
Bengali,এটি একটি বাধ্যতামূলক অনূর্ধ্ব-২৩ ইভেন্ট ছিল ও প্রতি দলে চারজন করে ক্রীড়াবিদ রাখার অনুমতি ছিল।,bn:২০২৬ এশিয়ান গেমসে ৩x৩ বাস্কেটবল,https://bn.wikipedia.org/wiki/২০২৬_এশিয়ান_গেমসে_৩x৩_বাস্কেটবল
Bengali,৪ জুন গ্রেগরীয় বর্ষপঞ্জী অনুসারে বছরের ১৫৫তম (অধিবর্ষে ১৫৬তম) দিন।,bn:৪ জুন,https://bn.wikipedia.org/wiki/৪_জুন
Bengali,বছর শেষ হতে আরো ২১০ দিন বাকি রয়েছে।,bn:৪ জুন,https://bn.wikipedia.org/wiki/৪_জুন
Bengali,"বিজয়া চক্রবর্তী (জন্ম ৭ অক্টোবর ১৯৩৯), ভারতীয় জনতা পার্টির একজন ভারতীয় রাজনীতিবিদ।",bn:বিজয়া চক্রবর্তী,https://bn.wikipedia.org/wiki/বিজয়া_চক্রবর্তী
Bengali,তিনি ২০০৮ থেকে ২০১৯ এবং ১৯৯৯ থেকে ২০০৪ পর্যন্ত গৌহাটি থেকে লোকসভার সদস্য হিসাবে দায়িত্ব পালন করেছিলেন।,bn:বিজয়া চক্রবর্তী,https://bn.wikipedia.org/wiki/বিজয়া_চক্রবর্তী
Bengali,তিনি ১৯৯৯ থেকে ২০০৪ সাল পর্যন্ত কেন্দ্রীয় জলসম্পদ প্রতিমন্ত্রী ছিলেন।,bn:বিজয়া চক্রবর্তী,https://bn.wikipedia.org/wiki/বিজয়া_চক্রবর্তী
Bengali,তিনি অসম গণ পরিষদের সদস্য হিসাবে ১৯৮৬ থেকে ১৯৯২ সাল পর্যন্ত রাজ্যসভার সদস্য ছিলেন।,bn:বিজয়া চক্রবর্তী,https://bn.wikipedia.org/wiki/বিজয়া_চক্রবর্তী
Bengali,দর্গাযোগীহাল্লি (ইংরেজি: Dargajogihalli) ভারতের কর্ণাটক রাজ্যের বেঙ্গালুরু গ্রামীণ জেলার একটি শহর।,bn:দর্গাযোগীহাল্লি,https://bn.wikipedia.org/wiki/দর্গাযোগীহাল্লি
Bengali,"কঠিন পৃথিবী বলতে ""আমাদের পায়ের নিচের পৃথিবী""-কে (terra firma, তেররা ফির্মা) বোঝায়, অর্থাৎ গ্রহটির কঠিন পৃষ্ঠ ও এর অভ্যন্তরভাগকে বোঝায়।",bn:কঠিন পৃথিবী,https://bn.wikipedia.org/wiki/কঠিন_পৃথিবী
Bengali,"এটিকে পৃথিবীর প্রবাহী আবরণসমূহ (বায়ুমণ্ডল ও জলমণ্ডল, তবে মহাসাগরীয় দ্রোণী কঠিন পৃথিবীর অন্তর্ভুক্ত), জীবমণ্ডল এবং সূর্যের সঙ্গে পৃথিবীর আন্তঃক্রিয়াগুলি থেকে পৃথকভাবে আলোচনা করা হয়।",bn:কঠিন পৃথিবী,https://bn.wikipedia.org/wiki/কঠিন_পৃথিবী
Bengali,"কঠিন-পৃথিবী বিজ্ঞান বলতে কঠিন পৃথিবী-সংশ্লিষ্ট গবেষণাগুলিকে বোঝায়, যা ভূবিজ্ঞানের একটি অংশ গঠন করেছে; এর প্রধান ক্ষেত্র ভূ-পদার্থবিজ্ঞান ও ভূতত্ত্ব কঠিন পৃথিবী নিয়ে কাজ করে।",bn:কঠিন পৃথিবী,https://bn.wikipedia.org/wiki/কঠিন_পৃথিবী
Bengali,"এর বিপরীতে ঊর্ধ্ববায়ুমণ্ডলীয় বিজ্ঞান, বায়ুমণ্ডলীয় বিজ্ঞান, সমুদ্রবিজ্ঞান, জলবিজ্ঞান ও বাস্তুবিজ্ঞান এর অন্তর্ভুক্ত নয়।",bn:কঠিন পৃথিবী,https://bn.wikipedia.org/wiki/কঠিন_পৃথিবী
Bengali,মাহমুদ খান আছকজাই (পশতু : মাহমুদ খান আছকজী) ১৪ ডিসেম্বর ১৯৪৮ সালে জন্মগ্রহণ করেছেন।,bn:মাহমুদ খান আছকজাই,https://bn.wikipedia.org/wiki/মাহমুদ_খান_আছকজাই
Bengali,তিনি একজন পশতুন রাজনীতিবিদ যিনি পাকিস্তানের জাতীয় পরিষদের সদস্য ছিলেন।,bn:মাহমুদ খান আছকজাই,https://bn.wikipedia.org/wiki/মাহমুদ_খান_আছকজাই
Bengali,২০২১ ভাল্লেত্তা কাপ ছিল একটি টোয়েন্টি২০ আন্তর্জাতিক (টি২০আই) ক্রিকেট টুর্নামেন্ট যেটি ২০২১ সালের অক্টোবর মাসে মাল্টায় অনুষ্ঠিত হয়।,bn:২০২১ ভাল্লেত্তা কাপ,https://bn.wikipedia.org/wiki/২০২১_ভাল্লেত্তা_কাপ
Bengali,ম্যাচগুলো মার্সার মার্সা স্পোর্টস ক্লাব মাঠে অনুষ্ঠিত হয়।,bn:২০২১ ভাল্লেত্তা কাপ,https://bn.wikipedia.org/wiki/২০২১_ভাল্লেত্তা_কাপ
Bengali,"টুর্নামেন্টটিতে স্বাগতিক মাল্টার সঙ্গে অংশগ্রহণ করে জিব্রাল্টার, বুলগেরিয়া ও সুইজারল্যান্ড।",bn:২০২১ ভাল্লেত্তা কাপ,https://bn.wikipedia.org/wiki/২০২১_ভাল্লেত্তা_কাপ
Bengali,টুর্নামেন্টটির পরে মাল্টা ও জিব্রাল্টার নিজেদের মধ্যে দুই ম্যাচের একটি দ্বিপাক্ষিক সিরিজ খেলে।,bn:২০২১ ভাল্লেত্তা কাপ,https://bn.wikipedia.org/wiki/২০২১_ভাল্লেত্তা_কাপ
Bengali,মঙ্গোলিয়ায় যৌন উদ্দেশ্যে মানব পাচার হল যৌন শোষণ ও যৌন দাসত্বের উদ্দেশ্যে মঙ্গোলিয়ায় সংঘটিত মানব পাচার।,bn:মঙ্গোলিয়ায় যৌন উদ্দেশ্যে মানব পাচার,https://bn.wikipedia.org/wiki/মঙ্গোলিয়ায়_যৌন_উদ্দেশ্যে_মানব_পাচার
Bengali,"মঙ্গোলিয়া দেশটি যৌন উদ্দেশ্যে মানব পাচারের একটি উৎস, অতিক্রমণ স্থল এবং সেইসঙ্গে গন্তব্য দেশ।",bn:মঙ্গোলিয়ায় যৌন উদ্দেশ্যে মানব পাচার,https://bn.wikipedia.org/wiki/মঙ্গোলিয়ায়_যৌন_উদ্দেশ্যে_মানব_পাচার
Bengali,"মঙ্গোলীয় নাগরিকরা, প্রধানত নারী ও মেয়েরা, মঙ্গোলিয়ার মধ্যে এবং এশিয়ার অন্যান্য দেশে ও বিভিন্ন মহাদেশে যৌন উদ্দেশ্যে পাচার হয়েছে।",bn:মঙ্গোলিয়ায় যৌন উদ্দেশ্যে মানব পাচার,https://bn.wikipedia.org/wiki/মঙ্গোলিয়ায়_যৌন_উদ্দেশ্যে_মানব_পাচার
Bengali,বিদেশি নাগরিকদের দেশের মধ্যে যৌন উদ্দেশ্যে পাচার করে আনা হয়।,bn:মঙ্গোলিয়ায় যৌন উদ্দেশ্যে মানব পাচার,https://bn.wikipedia.org/wiki/মঙ্গোলিয়ায়_যৌন_উদ্দেশ্যে_মানব_পাচার
Bengali,মিস্টার এক্স ইন বম্বে (হিন্দি: मिस्टर एक्स इन बॉम्बे; বাংলা: জনাব এক্স বম্বেতে) হচ্ছে ১৯৬৪ সালে মুক্তিপ্রাপ্ত একটি হিন্দি চলচ্চিত্র।,bn:মিস্টার এক্স ইন বম্বে,https://bn.wikipedia.org/wiki/মিস্টার_এক্স_ইন_বম্বে
Bengali,"শান্তিলাল সোনির পরিচালনা এবং সিএম ঠাক্কারের প্রযোজনায় চলচ্চিত্রটিতে নায়ক-নায়িকার ভূমিকায় ছিলেন কিশোর কুমার এবং কুমকুম, এছাড়াও মদন পুরী একটি গুরুত্বপূর্ণ চরিত্রে অভিনয় করেছিলেন।",bn:মিস্টার এক্স ইন বম্বে,https://bn.wikipedia.org/wiki/মিস্টার_এক্স_ইন_বম্বে
Bengali,এই চলচ্চিত্রটিতে নায়ক-গায়ক কিশোর কুমারের গাওয়া গান 'মেরে মেহবুব কায়ামাত হোগি' কালজয়ী গান হিসেবে পরিচিত।,bn:মিস্টার এক্স ইন বম্বে,https://bn.wikipedia.org/wiki/মিস্টার_এক্স_ইন_বম্বে
Bengali,রংপুরী (ভারতে কামতাপুরী বা রাজবংশী) একটি ইন্দো-আর্য পরিবারভুক্ত বাংলার ভাষা।,bn:রংপুরী ভাষা,https://bn.wikipedia.org/wiki/রংপুরী_ভাষা
Bengali,"এ ভাষায় বাংলাদেশের রংপুরের রাজবংশী সম্প্রদায়, ভারতের রাজবংশী, নস্যশেখ, নাথ-যোগী, খেন সম্প্রদায়ের লোকেরা কথা বলে।",bn:রংপুরী ভাষা,https://bn.wikipedia.org/wiki/রংপুরী_ভাষা
Bengali,"বাংলা ভাষার প্রমিত রীতির ভিত্তি নদীয়া তথা পশ্চিমাঞ্চলীয় আঞ্চলিক বাংলা হওয়ায়, বাংলা ভাষার প্রমিত রীতির সাথে এর কিছু পার্থক্য দেখা যায়।",bn:রংপুরী ভাষা,https://bn.wikipedia.org/wiki/রংপুরী_ভাষা
Bengali,তবে এই ভাষাভাষী জনগণ কার্যত দ্বিভাষী।,bn:রংপুরী ভাষা,https://bn.wikipedia.org/wiki/রংপুরী_ভাষা
Bengali,ফিনাইল অ্যাসিটাইলিন একটি অ্যালকাইলিন হাইড্রোকার্বন যেখানে একটি ফিনাইল মূলক উপস্থিত থাকে।,bn:ফিনাইল অ্যাসিটাইলিন,https://bn.wikipedia.org/wiki/ফিনাইল_অ্যাসিটাইলিন
Bengali,গ্যসীয় অবস্থার তুলনায় তরল অবস্থায় ফিনাইল অ্যাসিটাইলিন ব্যবহার সহজ।,bn:ফিনাইল অ্যাসিটাইলিন,https://bn.wikipedia.org/wiki/ফিনাইল_অ্যাসিটাইলিন
Bengali,রোজা সেলভামণি একজন ভারতীয় রাজনীতিবিদ এবং চলচ্চিত্র অভিনেত্রী।,bn:রোজা (অভিনেত্রী),https://bn.wikipedia.org/wiki/রোজা_(অভিনেত্রী)
Bengali,তিনি ১৯৯১ থেকে ২০০২ পর্যন্ত শীর্ষস্থানীয় অভিনেত্রী ছিলেন।,bn:রোজা (অভিনেত্রী),https://bn.wikipedia.org/wiki/রোজা_(অভিনেত্রী)
Bengali,"তিনি তামিল, তেলুগু, কন্নড় এবং মালয়ালম ভাষায় শীর্ষস্থানীয় অভিনেত্রী ছিলেন।",bn:রোজা (অভিনেত্রী),https://bn.wikipedia.org/wiki/রোজা_(অভিনেত্রী)
Bengali,তিনি শ্রেষ্ঠ অভিনেত্রী বিভাগে ১ নন্দী পুরস্কার এবং শ্রেষ্ঠ অভিনেত্রী বিভাগে তামিলনাড়ু রাজ্য চলচ্চিত্র পুরস্কার লাভ করেন।,bn:রোজা (অভিনেত্রী),https://bn.wikipedia.org/wiki/রোজা_(অভিনেত্রী)
Bengali,"ভুবন গাম হলেন ভারতীয় জনতা পার্টির একজন ভারতীয় রাজনীতিবিদ যিনি ২০২২ সাল থেকে মাজুলী নির্বাচনী এলাকা থেকে পুনঃনির্বাচনের মাধ্যমে আসাম বিধানসভার সদস্য ছিলেন, যখন সর্বানন্দ সানোয়াল কেন্দ্রীয় মন্ত্রী হওয়ার জন্য পদত্যাগ করেন।",bn:ভুবন গাম,https://bn.wikipedia.org/wiki/ভুবন_গাম
Bengali,আবু মুহাম্মদ মুসা ইবনু উকবা ইবনু আবী ‘ইয়্যাশ আল-কুরাশি (আরবি: موسى بن عقبة) মদিনায় জন্মগ্রহণ করেন এবং সেখানেই ১৪১ হিজরি সালে ইন্তিকাল করেন।,bn:মুসা ইবনে উকবা,https://bn.wikipedia.org/wiki/মুসা_ইবনে_উকবা
Bengali,তিনি একজন সিরাহ ও মাগাযি বিশেষজ্ঞ ছিলেন এবং হাদিসের বিশ্বস্ত রাবি হিসেবে গণ্য হতেন।,bn:মুসা ইবনে উকবা,https://bn.wikipedia.org/wiki/মুসা_ইবনে_উকবা
Bengali,তিনি মূসা ইবনে উকবা নামেই লোক সমাজে অধিক পরিচিত ছিলেন।,bn:মুসা ইবনে উকবা,https://bn.wikipedia.org/wiki/মুসা_ইবনে_উকবা
Bengali,তিনি ছিলেন একজন প্রাথমিক যুগের মদিনাবাসী ইতিহাসবিদ ও হাদিস বিশারদ।,bn:মুসা ইবনে উকবা,https://bn.wikipedia.org/wiki/মুসা_ইবনে_উকবা
Bengali,ক্রিস্টোফার গ্রান্ট উড (জন্ম ৭ ডিসেম্বর 1991) হলেন একজন নিউজিল্যান্ড পেশাদার ফুটবলার যিনি প্রিমিয়ার লিগ ক্লাব নটিংহাম ফরেস্টের হয়ে একজন ফরোয়ার্ড হিসেবে খেলেন এবং নিউজিল্যান্ড জাতীয় দলের অধিনায়ক।,bn:ক্রিস উড,https://bn.wikipedia.org/wiki/ক্রিস_উড
Bengali,"প্রিমিয়ার লিগ ক্লাব ওয়েস্ট ব্রমউইচ অ্যালবিয়নের হয়ে ইংল্যান্ডে যাওয়ার আগে উড কেমব্রিজ, ওয়াইকাটো এবং হ্যামিল্টন ওয়ান্ডারার্সের সাথে তার সিনিয়র ক্যারিয়ার শুরু করেন।",bn:ক্রিস উড,https://bn.wikipedia.org/wiki/ক্রিস_উড
Bengali,২০১৩ সালে লিসেস্টার সিটিতে যোগ দেওয়ার আগে তিনি ছয়টি ভিন্ন ক্লাবে ঋণ নিয়ে তার সময় কাটিয়েছিলেন।,bn:ক্রিস উড,https://bn.wikipedia.org/wiki/ক্রিস_উড
Bengali,"২০১৫ সালে ইপসউইচ টাউনের সাথে একটি লোন স্পেলের পরে, তিনি চ্যাম্পিয়নশিপ ক্লাব লিডস ইউনাইটেডের জন্য চুক্তিবদ্ধ হন যেখানে তিনি 27 গোল সহ ২০১৬-১৭ মৌসুমে শীর্ষ স্কোরার হন।",bn:ক্রিস উড,https://bn.wikipedia.org/wiki/ক্রিস_উড
Bengali,লাইট অব হোপ (এল.ও.এইচ) এমন একটি প্রকল্প যা বাংলাদেশের গ্রামীণ স্কুলগুলিতে ই-লার্নিং সুবিধা সরবরাহ করার লক্ষ্যে কাজ করে।,bn:লাইট অব হোপ,https://bn.wikipedia.org/wiki/লাইট_অব_হোপ
Bengali,"এলওএইচ প্রত্যন্ত অঞ্চলের স্কুলগুলিতে ল্যাপটপ, প্রজেক্টর, অডিও ভিজ্যুয়াল ই-লার্নিং উপকরণ এবং সোলার এনার্জি সিস্টেম সরবরাহ করে।",bn:লাইট অব হোপ,https://bn.wikipedia.org/wiki/লাইট_অব_হোপ
Bengali,যেখানে পর্যাপ্ত অবকাঠামো নেই বা সীমাবদ্ধ রয়েছে কিংবা বিদ্যুৎ পরিষেবা নেই এলওএইচ সেই প্রত্যন্ত অঞ্চলের শিক্ষার্থীদের বই ও শিক্ষার উপকরণ সরবরাহ করে।,bn:লাইট অব হোপ,https://bn.wikipedia.org/wiki/লাইট_অব_হোপ
Bengali,এল.ও.এইচের প্রতিষ্ঠাতা হলেন ব্রাকের ম্যানেজার ওয়ালিউল্লাহ ভূঁইয়া এবং আমেরিকান ইন্টারন্যাশনাল ইউনিভার্সিটির সহকারী অধ্যাপক নাসিমুল ইসলাম মারুফ এবং আসাদুজ্জামান শোয়েব।,bn:লাইট অব হোপ,https://bn.wikipedia.org/wiki/লাইট_অব_হোপ
Bengali,"টেমপ্লেট:তথ্যছক ধর্মীয় প্রতীক শিখা (সংস্কৃত: শিখা; অর্থাৎ ""চূড়া"" বা ""শিখর"") বা প্রচলিত বাংলায় টিকি হলো হিন্দুধর্মে ব্যবহৃত মস্তকের উপরিভাগের একগুচ্ছ অবিন্যস্ত কেশ।",bn:টিকি,https://bn.wikipedia.org/wiki/টিকি
Bengali,সাধারণত মস্তক মুণ্ডন করার সময় ব্রহ্মতালুর ওপরে একটি নির্দিষ্ট অংশে চুল রেখে দেওয়া হয়।,bn:টিকি,https://bn.wikipedia.org/wiki/টিকি
Bengali,"হিন্দু সংস্কার অনুযায়ী, শিখা ধারণ করা কেবল একটি বাহ্যিক চিহ্ন নয়, এটি আধ্যাত্মিক ও শারীরবৃত্তীয় সুরক্ষার একটি মাধ্যম।",bn:টিকি,https://bn.wikipedia.org/wiki/টিকি
Bengali,কালবেলিয়া হল ভারতের রাজস্থানের থর মরুভূমির একটি সাপুড়ে উপজাতি।,bn:কালবেলিয়া,https://bn.wikipedia.org/wiki/কালবেলিয়া
Bengali,নৃত্য তাদের সংস্কৃতির একটি অবিচ্ছেদ্য অংশ এবং পুরুষ ও মহিলা দ্বারা পরিবেশিত হয়।,bn:কালবেলিয়া,https://bn.wikipedia.org/wiki/কালবেলিয়া
Bengali,মহাভারতে বর্ণিত হস্তিনাপুরের রাজা।,bn:পাণ্ডু,https://bn.wikipedia.org/wiki/পাণ্ডু
Bengali,বিচিত্রবীর্যের কনিষ্ঠ সন্তান।,bn:পাণ্ডু,https://bn.wikipedia.org/wiki/পাণ্ডু
Bengali,অভিশপ্ত জীবনের কারণে স্ত্রী সহবাসের পর দেহ ত্যাগ করেন।,bn:পাণ্ডু,https://bn.wikipedia.org/wiki/পাণ্ডু
Bengali,পাণ্ডু একজন বীর হিসাবে চিত্রিত করা হয়েছে।,bn:পাণ্ডু,https://bn.wikipedia.org/wiki/পাণ্ডু
Bengali,বহুবিবাহ মালিতে বৈধ এবং প্রায়শই অনুশীলন করা হয়।,bn:মালিতে বহুবিবাহ,https://bn.wikipedia.org/wiki/মালিতে_বহুবিবাহ
Bengali,ফ্রান্সের মতো পশ্চিমা দেশগুলিতে মালিয়ান অভিবাসীরা এই জাতীয় ইউনিয়নগুলির উপর ভিত্তি করে মুষ্টিমেয় সমস্যার সম্মুখীন হয়েছে এবং বহুবিবাহের বিরুদ্ধে কঠোর আইন আনতে ফ্রান্সে রাজনৈতিক বিতর্কের জন্ম দিয়েছে।,bn:মালিতে বহুবিবাহ,https://bn.wikipedia.org/wiki/মালিতে_বহুবিবাহ
Bengali,মহাখালী বাংলাদেশের রাজধানী ঢাকার একটি গুরুত্বপূর্ণ এলাকা।,bn:মহাখালী,https://bn.wikipedia.org/wiki/মহাখালী
Bengali,ঢাকা শহরের অন্যতম ব্যস্ত স্থান মহাখালী।,bn:মহাখালী,https://bn.wikipedia.org/wiki/মহাখালী
Bengali,"উত্তরে বনানী এবং তেজগাঁও শিল্প এলাকা দক্ষিণে এবং গুলশান ও নিকেতন পূর্বে এবং ঢাকা সেনানিবাস, টিএন্ডটি কলেজ এবং টিএন্ডটি স্যাটেলাইট অফিস বস্তির পশ্চিমে অবস্থিত।",bn:মহাখালী,https://bn.wikipedia.org/wiki/মহাখালী
Bengali,মহাখালীতে অনেক গুরুত্বপূর্ণ অফিস ও প্রতিষ্ঠান রয়েছে।,bn:মহাখালী,https://bn.wikipedia.org/wiki/মহাখালী
Bengali,সূর্য থেকে দূরত্বের নিরিখে চতুর্থ গ্রহ মঙ্গল অন্ততপক্ষে সপ্তদশ শতকের মধ্যভাগ থেকে কথাসাহিত্যে একটি প্রেক্ষাপট হিসেবে ব্যবহৃত হয়ে আসছে।,bn:কথাসাহিত্যে মঙ্গল গ্রহ,https://bn.wikipedia.org/wiki/কথাসাহিত্যে_মঙ্গল_গ্রহ
Bengali,গ্রহবিজ্ঞানের উন্নতিও কথাসাহিত্যে এই গ্রহের চিত্রণকে ব্যাপকভাবে প্রভাবিত করে।,bn:কথাসাহিত্যে মঙ্গল গ্রহ,https://bn.wikipedia.org/wiki/কথাসাহিত্যে_মঙ্গল_গ্রহ
Bengali,"উনিশ শতকের শেষভাগে যখন চাঁদে প্রাণের অনুপস্থিতি সম্পর্কে বিজ্ঞানীরা নিঃসংশয় হন, তখন এই গ্রহ কথাসাহিত্যে সর্বাধিক জনপ্রিয় মহাজাগতিক বস্তুতে পরিণত হয়।",bn:কথাসাহিত্যে মঙ্গল গ্রহ,https://bn.wikipedia.org/wiki/কথাসাহিত্যে_মঙ্গল_গ্রহ
Bengali,সেই যুগে সাহিত্যের যে ধারায় প্রধানত এই গ্রহ চিত্রিত হতে শুরু করে সেটি ছিল ইউটোপীয় কথাসাহিত্য।,bn:কথাসাহিত্যে মঙ্গল গ্রহ,https://bn.wikipedia.org/wiki/কথাসাহিত্যে_মঙ্গল_গ্রহ
Bengali,বাবরি মসজিদ (মুর্শিদাবাদ) হল পশ্চিমবঙ্গের মুর্শিদাবাদ জেলার বেলডাঙ্গা–রেজিনগর এলাকায় প্রস্তাবিত একটি মসজিদ কমপ্লেক্স।,bn:মুর্শিদাবাদের বাবরি মসজিদ,https://bn.wikipedia.org/wiki/মুর্শিদাবাদের_বাবরি_মসজিদ
Bengali,এই মসজিদটি ১৯৯২ সালে ধ্বংসপ্রাপ্ত ঐতিহাসিক বাবরি মসজিদ (অযোধ্যা)–এর আদলে নির্মাণের প্রস্তাব করা হয়েছে।,bn:মুর্শিদাবাদের বাবরি মসজিদ,https://bn.wikipedia.org/wiki/মুর্শিদাবাদের_বাবরি_মসজিদ
Bengali,৬ ডিসেম্বর ২০২৫ তারিখে প্রস্তাবিত এই মসজিদের ভিত্তিপ্রস্তর স্থাপন করেন প্রাক্তন তৃণমূল কংগ্রেস বিধায়ক হুমায়ুন কবির।,bn:মুর্শিদাবাদের বাবরি মসজিদ,https://bn.wikipedia.org/wiki/মুর্শিদাবাদের_বাবরি_মসজিদ
Bengali,ধর্মীয় ও রাজনৈতিক সংবেদনশীলতার কারণে অনুষ্ঠানকে কেন্দ্র করে এলাকায় নিরাপত্তা ব্যবস্থা জোরদার করা হয়।,bn:মুর্শিদাবাদের বাবরি মসজিদ,https://bn.wikipedia.org/wiki/মুর্শিদাবাদের_বাবরি_মসজিদ
Bengali,বোগোব জও লেরোটসে বা বোগোবে জাভা লেরোটসে বতসোয়ানার একটি জনপ্রিয় পোরিজ এবং এটি দেশটির অন্যতম জাতীয় খাবার।,bn:বোগোবে জাভা লেরোটসে,https://bn.wikipedia.org/wiki/বোগোবে_জাভা_লেরোটসে
Bengali,এটি লেরোটসে নামক একটি তরমুজ জাতীয় ফল থেকে তৈরি হয়।,bn:বোগোবে জাভা লেরোটসে,https://bn.wikipedia.org/wiki/বোগোবে_জাভা_লেরোটসে
Bengali,এটি সূক্ষ্ম গন্ধযুক্ত ও হালকা মিষ্টি।,bn:বোগোবে জাভা লেরোটসে,https://bn.wikipedia.org/wiki/বোগোবে_জাভা_লেরোটসে
Bengali,কাঁচা অবস্থায় এর স্বাদ নিরপেক্ষ হলেও রান্নার পর এটি খাবারে একটি স্বতন্ত্র স্বাদ যোগ করে।,bn:বোগোবে জাভা লেরোটসে,https://bn.wikipedia.org/wiki/বোগোবে_জাভা_লেরোটসে
Bengali,"কবিসুর্যনগর (ইংরেজি: Kavisuryanagar), ভারতের ওড়িশা রাজ্যের গঞ্জাম জেলার একটি শহর।",bn:কবিসুর্যনগর,https://bn.wikipedia.org/wiki/কবিসুর্যনগর
Bengali,তিনি ছিলেন প্রসিদ্ধ হাদিস ও রিজাল শাস্ত্র বিশেষজ্ঞ ।,bn:আবু নুয়া'ঈম আল-ইসফাহানি,https://bn.wikipedia.org/wiki/আবু_নুয়া'ঈম_আল-ইসফাহানি
Bengali,একজন ইতিহাসবিদ এবং তিনি ফিকহ ও তাসাউফ উভয়েরই গভীর জ্ঞানের অধিকারী ছিলেন ।,bn:আবু নুয়া'ঈম আল-ইসফাহানি,https://bn.wikipedia.org/wiki/আবু_নুয়া'ঈম_আল-ইসফাহানি
Bengali,"পাখিফুল (বৈজ্ঞানিক নাম: Brownea Coccinea) একটি ফুল গাছ, ভেনেজুয়েলায় এ ফুল গোলাপ নামে পরিচিত।",bn:পাখিফুল,https://bn.wikipedia.org/wiki/পাখিফুল
Bengali,"প্রজাতিটি গায়ানা, ভেনেজুয়েলা, ব্রাজিল এবং ত্রিনিদাদ ও টোবাগো স্থানীয়।",bn:পাখিফুল,https://bn.wikipedia.org/wiki/পাখিফুল
Bengali,"এটি সাধারণত জায়ারে, মরিশাস ও সেশেল সহ অন্যান্য দেশে চাষ করা হয়।",bn:পাখিফুল,https://bn.wikipedia.org/wiki/পাখিফুল
Bengali,১২ থেকে ১৫ ফুট উঁচু।দেখতে ছোটখাটো অশোক গাছের মত।,bn:পাখিফুল,https://bn.wikipedia.org/wiki/পাখিফুল
Bengali,"গুগলবুক (ইংরেজি: Googlebook) গুগলের তৈরি একটি ল্যাপটপ মানদণ্ড, যা ""অ্যালুমিনিয়াম ওএস"" কোডনামের একটি অ্যান্ড্রয়েড ও ক্রোমওএস-ভিত্তিক অপারেটিং সিস্টেমে চলে।",bn:গুগলবুক,https://bn.wikipedia.org/wiki/গুগলবুক
Bengali,এটি ক্রোমবুক এবং পিক্সেলবুক গো-এর উত্তরসূরি হিসেবে ২০২৬ সালের মে মাসে ঘোষণা করা হয়েছিল।,bn:গুগলবুক,https://bn.wikipedia.org/wiki/গুগলবুক
Bengali,প্রথম গুগলবুক ২০২৬ সালেই বাজারে আসবে।,bn:গুগলবুক,https://bn.wikipedia.org/wiki/গুগলবুক
Bengali,"এলজিবিটিকিউ সম্প্রদায় (যা এলজিবিটি, এলজিবিটি+, এলজিবিটিকিউ+, এলজিবিটিকিউআইএ, এলজিবিটিকিউআইএ+, অথবা ক্যুয়ার সম্প্রদায় নামেও পরিচিত) একটি সাধারণ সংস্কৃতি এবং সামাজিক আন্দোলন দ্বারা একত্রিত এলজিবিটিকিউ ব্যক্তি নিয়ে গঠিত।",bn:এলজিবিটিকিউ সম্প্রদায়,https://bn.wikipedia.org/wiki/এলজিবিটিকিউ_সম্প্রদায়
Bengali,"এই সম্প্রদায়গুলি সাধারণত গর্ব, বৈচিত্র্য, ব্যক্তিত্ব, এবং যৌনতা উদযাপন করে।",bn:এলজিবিটিকিউ সম্প্রদায়,https://bn.wikipedia.org/wiki/এলজিবিটিকিউ_সম্প্রদায়
Bengali,"এলজিবিটিকিউ কর্মীরা এবং সমাজবিজ্ঞানীরা এলজিবিটিকিউ সম্প্রদায়-নির্মাণকে বৃহত্তর সমাজে বিদ্যমান বিষমকামীতা, সমকামীতা, বাইফোবিয়া, ট্রান্সফোবিয়া, যৌনতা, এবং অনুসারী চাপের প্রতিকূলতা হিসেবে দেখেন।",bn:এলজিবিটিকিউ সম্প্রদায়,https://bn.wikipedia.org/wiki/এলজিবিটিকিউ_সম্প্রদায়
Bengali,গর্ব বা কখনও কখনও সমকামী গর্ব শব্দটি এলজিবিটিকিউ সম্প্রদায়ের পরিচয় এবং সম্মিলিত শক্তি প্রকাশ করে; গৌরব পদযাত্রা শব্দটি ব্যবহারের একটি প্রধান উদাহরণ এবং এর সাধারণ অর্থের প্রদর্শন উভয়ই প্রদান করে।,bn:এলজিবিটিকিউ সম্প্রদায়,https://bn.wikipedia.org/wiki/এলজিবিটিকিউ_সম্প্রদায়
Bengali,সত্যপ্রিয় রায় (১৯০৭-১৯৭৮) ভারতের কমিউনিস্ট পার্টি (মার্ক্সবাদী) এর একজন রাজনীতিবিদ ছিলেন।,bn:সত্যপ্রিয় রায়,https://bn.wikipedia.org/wiki/সত্যপ্রিয়_রায়
Bengali,শিক্ষক আন্দোলনের একজন বিশিষ্ট নেতা ড.,bn:সত্যপ্রিয় রায়,https://bn.wikipedia.org/wiki/সত্যপ্রিয়_রায়
Bengali,তিনি ১৯৫৩ থেকে ১৯৬৪ সাল পর্যন্ত অল বেঙ্গল টিচার্স অ্যাসোসিয়েশনের সাধারণ সম্পাদক ছিলেন দ্বিতীয় মুখার্জি মন্ত্রিসভার সময় তিনি পশ্চিমবঙ্গ সরকারের শিক্ষামন্ত্রী ছিলেন।,bn:সত্যপ্রিয় রায়,https://bn.wikipedia.org/wiki/সত্যপ্রিয়_রায়
Bengali,"ফ্রেড টয়োসাবুরু কোরমাতসু (是 松 豊 三郎, ৩০ জানুয়ারি ১৯১৯ - ৩০ মার্চ ২০০৫) ছিলেন দ্বিতীয় বিশ্বযুদ্ধের সূত্রপাতের সময় মার্কিন যুক্তরাষ্ট্রের পশ্চিম উপকূলীয় অঞ্চলে বসবাসকারী একজন জাপানি বংশোদ্ভূত আমেরিকান নাগরিক।",bn:ফ্রেড কোরমাতসু,https://bn.wikipedia.org/wiki/ফ্রেড_কোরমাতসু
Bengali,ফ্রেড কোরমাতসু এই যুদ্ধকালীন আদেশ মান্য করতে অস্বীকার করে তার নিজের বাড়ি ছেড়ে জাপানি আমেরিকানদের জন্য নির্ধারিত অন্তরীণ ক্যাম্পে রিপোর্ট করতে অস্বীকার করেন; ফলশ্রুতিতে তিনি গ্রেফতার এবং দোষী সাব্যস্ত হোন।,bn:ফ্রেড কোরমাতসু,https://bn.wikipedia.org/wiki/ফ্রেড_কোরমাতসু
Bengali,মামলায় তিনি আপীল আদালতে হেরে যাবার পর অন্তরীন আদেশের 'সাংবিধানিক' যৌক্তিকতা চ্যালেঞ্জ করে মার্কিন যুক্তরাষ্ট্রের সুপ্রিম কোর্টে পুনরায় আপিল করেন; কিন্তু সেখানে তিনি ৬-৩ ভোটে পরাজিত হোন।,bn:ফ্রেড কোরমাতসু,https://bn.wikipedia.org/wiki/ফ্রেড_কোরমাতসু
Bengali,জয় বাংলা ১৯৭১ সালে মুক্তিপ্রাপ্ত একটি ভারতীয় বাংলা চলচ্চিত্র।,bn:জয় বাংলা (চলচ্চিত্র),https://bn.wikipedia.org/wiki/জয়_বাংলা_(চলচ্চিত্র)
Bengali,কলকাতার উমাপ্রসাদ মৈত্র চলচ্চিত্রটি পরিচালনা করেন।,bn:জয় বাংলা (চলচ্চিত্র),https://bn.wikipedia.org/wiki/জয়_বাংলা_(চলচ্চিত্র)
Bengali,১৯৭১ এ বাংলাদেশের স্বাধীনতা যুদ্ধকে অবলম্বন করে সেসময় কলকাতায় অবস্থানরত বাংলাদেশী কলাকুশলীদের দিয়ে ছবিটি নির্মিত হয়।,bn:জয় বাংলা (চলচ্চিত্র),https://bn.wikipedia.org/wiki/জয়_বাংলা_(চলচ্চিত্র)
Bengali,"ছবিটিতে অভিনয় করেন এসএম আলাউদ্দিন, আব্দুল হক, লোকমান হোসেন, গোলাম মুস্তফা, অরবিন্দু কুণ্ডু, মোহাম্মদ বাবর, আলী আবদুল হামিদ, নুরুল আলম, মোহাম্মদ ইউসুফ, কোরবান আলী ও মোহাম্মদ রহমান প্রমুখ।",bn:জয় বাংলা (চলচ্চিত্র),https://bn.wikipedia.org/wiki/জয়_বাংলা_(চলচ্চিত্র)
Bengali,মুরগির মাংসের তরকারি দক্ষিণ এশিয়ার একটি খাবার যা ভারতীয় উপমহাদেশ থেকে উদ্ভূত হয়েছে।,bn:মুরগির মাংসের তরকারি,https://bn.wikipedia.org/wiki/মুরগির_মাংসের_তরকারি
Bengali,"এটি ভারতীয় উপমহাদেশের রান্না, ক্যারিবিয়ান, দক্ষিণ-পূর্ব এশিয়া, ব্রিটেন এবং দক্ষিণ আফ্রিকার রান্নায় বেশ প্রচলিত।",bn:মুরগির মাংসের তরকারি,https://bn.wikipedia.org/wiki/মুরগির_মাংসের_তরকারি
Bengali,"ভারতীয় উপমহাদেশের একটি সাধারণ তরকারিতে পেঁয়াজ এবং টমেটো ভিত্তিক চাটনি দিয়ে মুরগিরমাংস কষানো বা রান্না করা হয়, যা আদা, রসুন, টমেটো পিউরি, কাঁচামরিচ এবং বিভিন্ন ধরণের মসলা দিয়ে সুস্বাদু করা হয়, যার মধ্যে প্রায়শই হলুদ, জিরা, ধনে, দারুচিনি এবং এলাচ অন্তর্ভুক্ত থাকে।",bn:মুরগির মাংসের তরকারি,https://bn.wikipedia.org/wiki/মুরগির_মাংসের_তরকারি
Bengali,"দক্ষিণ এশিয়ার বাইরে, চিকেন কারি প্রায়শই কারি পাউডার নামে পরিচিত এটি পূর্ব-প্রস্তুত মসলার মিশ্রণ দিয়ে তৈরি করা হয়।",bn:মুরগির মাংসের তরকারি,https://bn.wikipedia.org/wiki/মুরগির_মাংসের_তরকারি
Bengali,আচেহ সুনামি জাদুঘর(ইংরেজি: Aceh Tsunami Museum) ইন্দোনেশিয়ার আচেহ প্রদেশের রাজধানী বান্দা আচেহতে অবস্থিত।,bn:আচেহ সুনামি জাদুঘর,https://bn.wikipedia.org/wiki/আচেহ_সুনামি_জাদুঘর
Bengali,২০০৪ সালে ভারত মহাসাগরের ভূমিকম্প ও সুনামির বিপর্যয়ের প্রতীকী স্মারক হিসাবে তৈরি একটি সংগ্রহশালা।,bn:আচেহ সুনামি জাদুঘর,https://bn.wikipedia.org/wiki/আচেহ_সুনামি_জাদুঘর
Bengali,পাশাপাশি এটি একটি শিক্ষাকেন্দ্র।,bn:আচেহ সুনামি জাদুঘর,https://bn.wikipedia.org/wiki/আচেহ_সুনামি_জাদুঘর
Bengali,একটি জরুরী দুর্যোগ আশ্রয়স্থলও এটি যদি অঞ্চলটি কখনও আবার সুনামির আঘাতের শিকার হয়।,bn:আচেহ সুনামি জাদুঘর,https://bn.wikipedia.org/wiki/আচেহ_সুনামি_জাদুঘর
Marathi,जनगणना स्थल निर्देशांक ५३८८९० असलेले सुरसुंडी हे गडचिरोली जिल्ह्यातील ६४७.० हेक्टर क्षेत्राचे गाव असून २०११ च्या जनगणनेनुसार या गावात १५१ कुटुंबे आहेत व एकूण लोकसंख्या ६४० आहे.ह्याच्या सर्वात जवळचे शहर गडचिरोली हे ५५ किलोमीटर अंतरावर आहे.,mr:सुरसुंडी,https://mr.wikipedia.org/wiki/सुरसुंडी
Marathi,त्यानी मॉर्गन हायस्कूलमध्ये आपले शिक्षण घेतले.,mr:अली शाह,https://mr.wikipedia.org/wiki/अली_शाह
Marathi,मागासवर्गीयांना शिवणयंत्र पुरवणे.,mr:समाजकल्याण विभाग योजना,https://mr.wikipedia.org/wiki/समाजकल्याण_विभाग_योजना
Marathi,मागासवर्गीय महिला व पुरुषांना असाध्य रोगावरील औषधोपचारांसाठी अर्थसहाय्य देणे.,mr:समाजकल्याण विभाग योजना,https://mr.wikipedia.org/wiki/समाजकल्याण_विभाग_योजना
Marathi,मागासवर्गीय विद्यार्थ्यांना सायकल पुरवणे.,mr:समाजकल्याण विभाग योजना,https://mr.wikipedia.org/wiki/समाजकल्याण_विभाग_योजना
Marathi,मागासवर्गीयांना बँजो साहित्य पुरवणे.,mr:समाजकल्याण विभाग योजना,https://mr.wikipedia.org/wiki/समाजकल्याण_विभाग_योजना
Marathi,"शिंजरा तिसा (इंग्लिश: White eyed buzzard; हिंदी: तीसा, श्वेतनेत्र गरुड; संस्कृत: द्रोनक, पुण्डरीकाक्ष, पुण्डरीकाक्ष सरटसुपर्ण; गुजराती: टीसो; तेलुगू: बोडूमली गड्ड) हा एक पक्षी आहे.",mr:शिंजरा तिसा (पक्षी),https://mr.wikipedia.org/wiki/शिंजरा_तिसा_(पक्षी)
Marathi,सुहासिनी कोरटकर (जन्म : ३० नोव्हेंबर इ.स.,mr:सुहासिनी कोरटकर,https://mr.wikipedia.org/wiki/सुहासिनी_कोरटकर
Marathi,२०१७) या भेंडीबाजार घराण्यातल्या शास्त्रीय संगीत गायिका होत्या.,mr:सुहासिनी कोरटकर,https://mr.wikipedia.org/wiki/सुहासिनी_कोरटकर
Marathi,यांचा जन्म कलाप्रेमी सुधारक विचारांच्या कुटुंबात झाला.,mr:सुहासिनी कोरटकर,https://mr.wikipedia.org/wiki/सुहासिनी_कोरटकर
Marathi,सुहासिनी कोरटकरांवर लहानपणापासूनच संगीताचे संस्कार झाले.,mr:सुहासिनी कोरटकर,https://mr.wikipedia.org/wiki/सुहासिनी_कोरटकर
Marathi,मंकीपॉक्स हा एक संसर्गजन्य विषाणूजन्य रोग आहे जो मानव आणि काही प्राण्यांमध्ये होऊ शकतो.,mr:मंकीपॉक्स,https://mr.wikipedia.org/wiki/मंकीपॉक्स
Marathi,"ताप, सुजलेल्या लिम्फ नोड्स आणि फोड येणे आणि नंतर खपली पडणे या लक्षणांचा यात समावेश होतो.",mr:मंकीपॉक्स,https://mr.wikipedia.org/wiki/मंकीपॉक्स
Marathi,या आजाराची लक्षणे दिसू लागण्यासाठीचा कालावधी हा पाच ते एकवीस दिवसांचा असतो.,mr:मंकीपॉक्स,https://mr.wikipedia.org/wiki/मंकीपॉक्स
Marathi,तर लक्षणांचा कालावधी साधारणपणे दोन ते चार आठवडे असतो.,mr:मंकीपॉक्स,https://mr.wikipedia.org/wiki/मंकीपॉक्स
Marathi,माइनर काउंटी (साउथ डकोटा) ही अमेरिकेच्या साउथ डकोटा राज्यातील ६६ पैकी एक काउंटी आहे.,mr:माइनर काउंटी (साउथ डकोटा),https://mr.wikipedia.org/wiki/माइनर_काउंटी_(साउथ_डकोटा)
Marathi,याचे प्रशासकीय केन्द्र येथे आहे.,mr:माइनर काउंटी (साउथ डकोटा),https://mr.wikipedia.org/wiki/माइनर_काउंटी_(साउथ_डकोटा)
Marathi,२०२० च्या जनगणनेनुसार येथील लोकसंख्या इतकी होती.,mr:माइनर काउंटी (साउथ डकोटा),https://mr.wikipedia.org/wiki/माइनर_काउंटी_(साउथ_डकोटा)
Marathi,माइनर काउंटी (साउथ डकोटा)ची रचना रोजी झाली.,mr:माइनर काउंटी (साउथ डकोटा),https://mr.wikipedia.org/wiki/माइनर_काउंटी_(साउथ_डकोटा)
Marathi,मांजरे हे भारताच्या महाराष्ट्र राज्यातील नंदुरबार जिल्ह्यातील नंदुरबार तालुक्यातील एक गाव आहे.,mr:मांजरे (नंदुरबार),https://mr.wikipedia.org/wiki/मांजरे_(नंदुरबार)
Marathi,"बर्नार्दिनो माचादो (पोर्तुगीज: Bernardino Luís Machado Guimarães; २८ मार्च १८५१, रियो दि जानेरो, ब्राझील − २९ एप्रिल १९४४, पोर्तुगाल) हा पोर्तुगालमधील एक राजकारणी व देशाचा तिसरा व आठवा राष्ट्राध्यक्ष होता.",mr:बर्नार्दिनो माचादो,https://mr.wikipedia.org/wiki/बर्नार्दिनो_माचादो
Marathi,पूर्व भारतीय कॅथलिक हे मराठी भाषा बोलणारे लोक आहेत व रोमन कॅथलिक पंथाचे अनुयायी आहेत.,mr:ईस्ट इंडियन,https://mr.wikipedia.org/wiki/ईस्ट_इंडियन
Marathi,"ते प्रामुख्याने मुंबई, ठाणे, रायगड येथील मूळ निवासी आहेत.",mr:ईस्ट इंडियन,https://mr.wikipedia.org/wiki/ईस्ट_इंडियन
Marathi,"ईस्ट इंडियन्स हे पोर्तुगीजांच्या धर्म प्रचाराने प्रेरित आहेत, म्हणून त्यांच्या संस्कृतीत पोर्तुगीजाचांही थोडा प्रभाव आढळतो, परंतु त्यांनी आपली मराठी परंपरा व भाषा कायम ठेवली.",mr:ईस्ट इंडियन,https://mr.wikipedia.org/wiki/ईस्ट_इंडियन
Marathi,"माजिद माजिदी (फारसी: مجید مجیدی ; रोमन लिपी: Majid Majidi ;) (एप्रिल १७, इ.स.",mr:माजिद माजिदी,https://mr.wikipedia.org/wiki/माजिद_माजिदी
Marathi,"१९५९ - हयात) हा आंतरराष्ट्रीय स्तरावर गाजलेला इराणी चित्रपटदिग्दर्शक, चित्रपटनिर्माता आणि पटकथाकार आहे.",mr:माजिद माजिदी,https://mr.wikipedia.org/wiki/माजिद_माजिदी
Marathi,माजिदीच्या वैविध्यपूर्ण चित्रपटांना आंतरराष्ट्रीय स्तरावर अनेक पुरस्कारही मिळाले आहेत.,mr:माजिद माजिदी,https://mr.wikipedia.org/wiki/माजिद_माजिदी
Marathi,"चंद्रशेखर नार्वेकर (जन्म: ४ एप्रिल १९५२, एन.",mr:एन. चंद्रा,https://mr.wikipedia.org/wiki/एन._चंद्रा
Marathi,"चंद्रा म्हणून प्रसिद्ध.) हे एक भारतीय निर्माता, लेखक आणि दिग्दर्शक आहेत, जे त्यांच्या सुरुवातीच्या गडद छटांच्या जोरदार चित्रपटांमध्ये वास्तववादासाठी ओळखले जातात.",mr:एन. चंद्रा,https://mr.wikipedia.org/wiki/एन._चंद्रा
Marathi,"अंकुश (१९८६), प्रतिघात (१९८७), तेजाब (१९८८) आणि नरसिंहा (१९९१) हे त्यांचे सर्वात यशस्वी व्यावसायिक चित्रपट आहेत.",mr:एन. चंद्रा,https://mr.wikipedia.org/wiki/एन._चंद्रा
Marathi,चंद्राने मध्यम प्रमाणात यशस्वी पण टीकाकारांनी नाकारलेला स्टाईल (२००१) आणि त्याचा सिक्वेल एक्सक्यूज मी (२००३) देखील बनवला.,mr:एन. चंद्रा,https://mr.wikipedia.org/wiki/एन._चंद्रा
Marathi,पाडळी हे भारतातील महाराष्ट्र राज्यातील सातारा जिल्ह्यातील खंडाळा तालुक्यातील एक गाव आहे.,mr:पडाळी (खंडाळा),https://mr.wikipedia.org/wiki/पडाळी_(खंडाळा)
Marathi,"महाराष्ट्र विधानपरिषदेचे विरोधी पक्षनेते हे महाराष्ट्र विधानपरिषदेचा निवडून आलेला सदस्य असतो, जो महाराष्ट्र विधानमंडळाच्या वरिष्ठ सभागृहात अधिकृत विरोधी पक्षाचे नेतृत्व करतो.",mr:महाराष्ट्र विधान परिषदेच्या विरोधी पक्षनेत्यांची यादी,https://mr.wikipedia.org/wiki/महाराष्ट्र_विधान_परिषदेच्या_विरोधी_पक्षनेत्यांची_यादी
Marathi,"महाराष्ट्र विधानपरिषदेचा विरोधी-पक्षनेते हे सरकारी पक्षानंतर सर्वाधिक जागा असलेल्या पक्षाचे ""विधिमंडळ गटप्रमुख"" देखील असतात.",mr:महाराष्ट्र विधान परिषदेच्या विरोधी पक्षनेत्यांची यादी,https://mr.wikipedia.org/wiki/महाराष्ट्र_विधान_परिषदेच्या_विरोधी_पक्षनेत्यांची_यादी
Marathi,सोनू निगम हा हिंदी चित्रपटसृष्टीतील एक लोकप्रिय पार्श्वगायक आहे.,mr:सोनू निगम,https://mr.wikipedia.org/wiki/सोनू_निगम
Marathi,"सोनू निगमचा जन्म ३० जुलै १९७३ रोजी फरिदाबाद, हरयाणा येथे झाला.",mr:सोनू निगम,https://mr.wikipedia.org/wiki/सोनू_निगम
Marathi,चित्रपटांसोबतच त्याने स्वतःचे स्वतंत्र अल्बमही केले आहेत.,mr:सोनू निगम,https://mr.wikipedia.org/wiki/सोनू_निगम
Marathi,सचिन पिळगावकरच्या एका मराठी चित्रपटात त्याने गाणे व पाहुण्या कलाकाराची भूमिका केली होती.,mr:सोनू निगम,https://mr.wikipedia.org/wiki/सोनू_निगम
Marathi,"सिद्धेश्वर वर्मा (३ नोव्हेंबर, १८८७ – १७ ऑगस्ट १९८५) हे एक भारतीय भाषातज्ज्ञ होते.",mr:सिद्धेश्वर वर्मा,https://mr.wikipedia.org/wiki/सिद्धेश्वर_वर्मा
Marathi,त्यांचा जन्म रावळपिंडीमध्ये (पाकिस्तान) झाल्यामुळे त्यांचे लहानपणीचे नाव पिंडीदास होते.,mr:सिद्धेश्वर वर्मा,https://mr.wikipedia.org/wiki/सिद्धेश्वर_वर्मा
Marathi,त्यांचे वडील रामदास नंदा व आई जमनादेवी होते.,mr:सिद्धेश्वर वर्मा,https://mr.wikipedia.org/wiki/सिद्धेश्वर_वर्मा
Marathi,त्यांनी रावळपिंडी येथे उर्दूमधून शालेय शिक्षण आणि बी.ए.पर्यंतचे शिक्षण घेतले व नंतर ते लाहोरच्या पंजाब विश्वविद्यालय येथून १९११ मध्ये इतिहास विषय घेऊन एम्.ए.,mr:सिद्धेश्वर वर्मा,https://mr.wikipedia.org/wiki/सिद्धेश्वर_वर्मा
Marathi,खालसा हा शिख धर्माचा एक संप्रदाय आहे.,mr:खालसा पंथ,https://mr.wikipedia.org/wiki/खालसा_पंथ
Marathi,"मार्च ३०, १६९९ रोजी शिख धार्मियांचे १०वे गुरू गोविंद सिंग यांनी खालसा पंथाची स्थापना केली.",mr:खालसा पंथ,https://mr.wikipedia.org/wiki/खालसा_पंथ
Marathi,महाराष्ट्र औद्योगिक विकास महामंडळ तथा एम.आय.डी.सी.,mr:महाराष्ट्र औद्योगिक विकास महामंडळ,https://mr.wikipedia.org/wiki/महाराष्ट्र_औद्योगिक_विकास_महामंडळ
Marathi,भारताच्या महाराष्ट्र राज्यातील औद्योगिक विकाससंस्था आहे.,mr:महाराष्ट्र औद्योगिक विकास महामंडळ,https://mr.wikipedia.org/wiki/महाराष्ट्र_औद्योगिक_विकास_महामंडळ
Marathi,ही संस्था राज्यात औद्योगिक विकासाची वृद्धी व्हावी या करता महाराष्ट्र शासनाने स्थापन केली आहे.,mr:महाराष्ट्र औद्योगिक विकास महामंडळ,https://mr.wikipedia.org/wiki/महाराष्ट्र_औद्योगिक_विकास_महामंडळ
Marathi,"महाराष्ट्र राज्य औद्योगिक विकास महामंडळ (एम् आय डी सी) : महाराष्ट्रामध्ये उद्योगांची शीघ्र व सुव्यवस्थित प्रस्थापना तसेच वाढ व्हावी, या हेतूंनी महाराष्ट्र सरकारने महाराष्ट्र औद्योगिक विकास विधी, १९६१ नुसार १ ऑगस्ट १९६२ रोजी महाराष्ट्र राज्य औद्योगिक विकास महामंडळ उभारले.",mr:महाराष्ट्र औद्योगिक विकास महामंडळ,https://mr.wikipedia.org/wiki/महाराष्ट्र_औद्योगिक_विकास_महामंडळ
Marathi,गँगस्टर: अ लव्ह स्टोरी हा २००६ चा अनुराग बसू दिग्दर्शित भारतीय हिंदी भाषेतील रोमँटिक थ्रिलर चित्रपट आहे.,mr:गँगस्टर: अ लव्ह स्टोरी,https://mr.wikipedia.org/wiki/गँगस्टर:_अ_लव्ह_स्टोरी
Marathi,"यात कंगना राणावत, इमरान हाशमी आणि शायनी आहुजा यांच्या प्रमुख भूमिका आहेत.",mr:गँगस्टर: अ लव्ह स्टोरी,https://mr.wikipedia.org/wiki/गँगस्टर:_अ_लव्ह_स्टोरी
Marathi,या चित्रपटाची निर्मिती विशेष फिल्म्सचे महेश भट्ट आणि मुकेश भट्ट यांनी केली होती.,mr:गँगस्टर: अ लव्ह स्टोरी,https://mr.wikipedia.org/wiki/गँगस्टर:_अ_लव्ह_स्टोरी
Marathi,"५२ व्या फिल्मफेर पुरस्कारांमध्ये, गँगस्टरला १० नामांकने मिळाली, ज्यात सर्वोत्कृष्ट खलनायक (हाशमी) आणि सर्वोत्कृष्ट पुरुष पार्श्वगायिका (""या अली"" साठी झुबीन गर्ग) यांचा समावेश होता, आणि सर्वोत्कृष्ट महिला पदार्पण (रणावत) हा पुरस्कार जिंकली.",mr:गँगस्टर: अ लव्ह स्टोरी,https://mr.wikipedia.org/wiki/गँगस्टर:_अ_लव्ह_स्टोरी
Marathi,कावासाकी (जपानी: 川崎) हे जपानच्या कनागावा प्रांतामधील एक शहर आहे.,mr:कावासाकी,https://mr.wikipedia.org/wiki/कावासाकी
Marathi,हे शहर जपानच्या होन्शू बेटावर प्रशांत महासागराच्या किनाऱ्यावर वसले असून ते तोक्यो महानगराचा भाग आहे.,mr:कावासाकी,https://mr.wikipedia.org/wiki/कावासाकी
Marathi,२०१२ साली १४.३७ लाख लोकसंख्या असलेले कावासाकी हे जपानमधील नवव्या क्रमांकाचे सर्वाधिक लोकसंख्येचे शहर आहे,mr:कावासाकी,https://mr.wikipedia.org/wiki/कावासाकी
Marathi,श्रीरंगपट्टण विधानसभा मतदारसंघ कर्नाटक विधानसभेचा मतदारसंघ आहे.,mr:श्रीरंगपट्टण विधानसभा मतदारसंघ,https://mr.wikipedia.org/wiki/श्रीरंगपट्टण_विधानसभा_मतदारसंघ
Marathi,हा मतदारसंघ मंड्या लोकसभा मतदारसंघात असून मंड्या जिल्ह्यात मोडतो.,mr:श्रीरंगपट्टण विधानसभा मतदारसंघ,https://mr.wikipedia.org/wiki/श्रीरंगपट्टण_विधानसभा_मतदारसंघ
Marathi,अमेरिकेचे कॉलोराडो राज्य ६४ काउंट्यांमध्ये विभागलेले आहे.,mr:कॉलोराडोमधील काउंटी,https://mr.wikipedia.org/wiki/कॉलोराडोमधील_काउंटी
Marathi,या प्रत्येक काउंट्या राज्यातील प्रशासनाचे सगळ्यात छोटे एकक आहे.,mr:कॉलोराडोमधील काउंटी,https://mr.wikipedia.org/wiki/कॉलोराडोमधील_काउंटी
Marathi,शहरे व गावांना स्वतःचे प्रशासन असले तरी अशी प्रशासने स्वतंत्र असतात.,mr:कॉलोराडोमधील काउंटी,https://mr.wikipedia.org/wiki/कॉलोराडोमधील_काउंटी
Marathi,या ६४ काउंट्यांपैकी डेन्व्हर आणि ब्रूमफील्ड या दोन काउंट्या शहरवजा काउंट्या आहेत.,mr:कॉलोराडोमधील काउंटी,https://mr.wikipedia.org/wiki/कॉलोराडोमधील_काउंटी
Marathi,"१९३०:फ्रानवर्थ, लॅंकेशायर, इंग्लंड - ) हा इंग्लंडकडून १७ कसोटी सामने खेळलेला क्रिकेट खेळाडू आहे.",mr:फ्रँक टायसन,https://mr.wikipedia.org/wiki/फ्रँक_टायसन
Marathi,याने अतिवेगवान गोलंदाजी करीत प्रत्येकी १८.५६ धावा देउन ७६ बळी मिळवले.,mr:फ्रँक टायसन,https://mr.wikipedia.org/wiki/फ्रँक_टायसन
Marathi,याला क्रिकेटमधील सर्वात वेगवान गोलंदाजांपैकी एक समजतात.,mr:फ्रँक टायसन,https://mr.wikipedia.org/wiki/फ्रँक_टायसन
Marathi,लक्षणगीत हे काव्याच्या रचनेमध्येच रागाची (किंवा चालीची)थोडीफार माहिती सांगितलेली काव्यरचना होय.,mr:लक्षणगीत,https://mr.wikipedia.org/wiki/लक्षणगीत
Marathi,नावाप्रमाणे गीताच्या लक्षणांचे वर्णनही केले जाते.,mr:लक्षणगीत,https://mr.wikipedia.org/wiki/लक्षणगीत
Marathi,"त्याचप्रमाण रागाला लागणारे स्वर, वयं स्वर, वर्जावर्जादी नियम, वादी, संवादी, राग समय, रागाची जाती, रागाचे चलन इत्यादींची माहिती देणारे आणि त्याच रागामध्ये जे गीत गायले जाते त्या गीतालाच लक्षणगीत’ असे ओळखले जाते.",mr:लक्षणगीत,https://mr.wikipedia.org/wiki/लक्षणगीत
Marathi,"लक्षणगीतामधील रचना शब्द, स्वर, ताल, लय यांनी गुंफलेली असते.",mr:लक्षणगीत,https://mr.wikipedia.org/wiki/लक्षणगीत
Marathi,"आंतोन ब्रुकनर (जर्मन: Anton Bruckner; सप्टेंबर ४, इ.स.",mr:आंतोन ब्रुकनर,https://mr.wikipedia.org/wiki/आंतोन_ब्रुकनर
Marathi,१८९६) हा एक ऑस्ट्रियन संगीतकार होता.,mr:आंतोन ब्रुकनर,https://mr.wikipedia.org/wiki/आंतोन_ब्रुकनर
Marathi,सिंफनी रचनांमध्ये त्याचे योगदान मौल्यवान मानले जाते.,mr:आंतोन ब्रुकनर,https://mr.wikipedia.org/wiki/आंतोन_ब्रुकनर
Marathi,त्याच्या कारकीर्दीत ब्रुकनरला अनेक टीकाकारांनी निंदले होते परंतु त्याच्या मृत्यूनंतर त्याच्या रचनांना प्रसिद्धी मिळाली.,mr:आंतोन ब्रुकनर,https://mr.wikipedia.org/wiki/आंतोन_ब्रुकनर
Marathi,सुहिता थत्ते ह्या एक भारतीय मराठी अभिनेत्री आहेत ज्या प्रामुख्याने मराठी चित्रपट आणि दूरचित्रवाणी मालिकांमध्ये काम करतात.,mr:सुहिता थत्ते,https://mr.wikipedia.org/wiki/सुहिता_थत्ते
Marathi,"मॅकूपिन काउंटी, इलिनॉय ही अमेरिकेच्या इलिनॉय राज्यातील १०२ पैकी एक काउंटी आहे.","mr:मॅकूपिन काउंटी, इलिनॉय","https://mr.wikipedia.org/wiki/मॅकूपिन_काउंटी,_इलिनॉय"
Marathi,याचे प्रशासकीय केन्द्र येथे आहे.,"mr:मॅकूपिन काउंटी, इलिनॉय","https://mr.wikipedia.org/wiki/मॅकूपिन_काउंटी,_इलिनॉय"
Marathi,२०२० च्या जनगणनेनुसार येथील लोकसंख्या इतकी होती.,"mr:मॅकूपिन काउंटी, इलिनॉय","https://mr.wikipedia.org/wiki/मॅकूपिन_काउंटी,_इलिनॉय"
Marathi,"मॅकूपिन काउंटी, इलिनॉय काउंटीची रचना रोजी झाली.","mr:मॅकूपिन काउंटी, इलिनॉय","https://mr.wikipedia.org/wiki/मॅकूपिन_काउंटी,_इलिनॉय"
Marathi,निमगव्हाण हे भारतातील महाराष्ट्र राज्यातील वर्धा जिल्ह्यातील देवळी तालुक्यातील एक गाव आहे.,mr:निमगव्हाण (देवळी),https://mr.wikipedia.org/wiki/निमगव्हाण_(देवळी)
Marathi,कारखेळी हे भारताच्या महाराष्ट्र राज्यातील नांदेड जिल्ह्यातील धर्माबाद तालुक्यातील एक गाव आहे.,mr:करखेली,https://mr.wikipedia.org/wiki/करखेली
Marathi,गुरबक्ष सिंह (१८९५-१९७७) हे एक भारतीय कादंबरीकार आणि लघुकथा लेखक होते ज्यांनी पंजाबी भाषेत पन्नासहून अधिक पुस्तके लिहिली होती.,mr:गुरबक्ष सिंह,https://mr.wikipedia.org/wiki/गुरबक्ष_सिंह
Marathi,त्यांना आधुनिक पंजाबी गद्याचे जनक देखील मानले जाते.,mr:गुरबक्ष सिंह,https://mr.wikipedia.org/wiki/गुरबक्ष_सिंह
Marathi,१९७१ मध्ये त्यांना साहित्य अकादमी फेलोशिप मिळाली.,mr:गुरबक्ष सिंह,https://mr.wikipedia.org/wiki/गुरबक्ष_सिंह
Marathi,ऋणानुबंध ह्या पुस्तकामधे यशवंतराव चव्हाणांचा लेखसंग्रह आहे.,mr:ऋणानुबंध,https://mr.wikipedia.org/wiki/ऋणानुबंध
Marathi,त्यामध्ये त्यांनी वेगवेगळ्या पेपरमध्ये दिलेल्या मुलाखती व लेखांचा संग्रह आहे.,mr:ऋणानुबंध,https://mr.wikipedia.org/wiki/ऋणानुबंध
Marathi,"बोलिव्हार काउंटी, मिसिसिपी ही अमेरिकेच्या मिसिसिपी राज्यातील ८२ पैकी एक काउंटी आहे.","mr:बोलिव्हार काउंटी, मिसिसिपी","https://mr.wikipedia.org/wiki/बोलिव्हार_काउंटी,_मिसिसिपी"
Marathi,याचे प्रशासकीय केन्द्र येथे आहे.,"mr:बोलिव्हार काउंटी, मिसिसिपी","https://mr.wikipedia.org/wiki/बोलिव्हार_काउंटी,_मिसिसिपी"
Marathi,२०२० च्या जनगणनेनुसार येथील लोकसंख्या इतकी होती.,"mr:बोलिव्हार काउंटी, मिसिसिपी","https://mr.wikipedia.org/wiki/बोलिव्हार_काउंटी,_मिसिसिपी"
Marathi,"बोलिव्हार काउंटी, मिसिसिपी काउंटीची रचना रोजी झाली.","mr:बोलिव्हार काउंटी, मिसिसिपी","https://mr.wikipedia.org/wiki/बोलिव्हार_काउंटी,_मिसिसिपी"
Marathi,म्हासर बुद्रुक हे भारताच्या महाराष्ट्र राज्यातील पुणे जिल्ह्यातील भोर तालुक्यातील एक गाव आहे.,mr:म्हासर बुद्रुक,https://mr.wikipedia.org/wiki/म्हासर_बुद्रुक
Marathi,"बळवंत मोरेश्वर पुरंदरे ऊर्फ बाबासाहेब पुरंदरे (जुलै २९, इ.स.",mr:बळवंत मोरेश्वर पुरंदरे,https://mr.wikipedia.org/wiki/बळवंत_मोरेश्वर_पुरंदरे
Marathi,"१९२२ - १५ नोव्हेंबर २०२१) ह्यांनी आपल्या ओजस्वी वाणीने शिवचरित्र जगातील घराघरांत पोहोचविणारे, 'राजा शिवछत्रपती' या ग्रंथाचे लेखन केले, 'जाणता राजा' या महानाट्याचे लेखन-दिग्दर्शन केले.",mr:बळवंत मोरेश्वर पुरंदरे,https://mr.wikipedia.org/wiki/बळवंत_मोरेश्वर_पुरंदरे
Marathi,"मराठी साहित्यिक, नाटककार, इतिहासकार आणि प्रसिद्ध वक्ते म्हणुन त्यांची ख्याती जगामध्ये होती.",mr:बळवंत मोरेश्वर पुरंदरे,https://mr.wikipedia.org/wiki/बळवंत_मोरेश्वर_पुरंदरे
Marathi,बळवंत मोरेश्वर पुरंदरे म्हणजेच बाबासाहेब पुरंदरे यांचा २९ जुलै २०२१ रोजी १०० वा वाढदिवस झाला होता.,mr:बळवंत मोरेश्वर पुरंदरे,https://mr.wikipedia.org/wiki/बळवंत_मोरेश्वर_पुरंदरे
Marathi,माघे संक्रांती हा सूर्याच्या उत्तरायणाशी संबंधित सण नेपाळ येथे साजरा केला जातो.,mr:माघे संक्रांती,https://mr.wikipedia.org/wiki/माघे_संक्रांती
Marathi,नेपाली भाषेत या सणाला घ्यःचाकु संल्हु म्हणले जाते.,mr:माघे संक्रांती,https://mr.wikipedia.org/wiki/माघे_संक्रांती
Marathi,विक्रम संवताच्या माघ महिन्यात आणि ग्रोगोरीयन तारखेनुसार १४ जानेवारी या दिवशी हा सण साजरा होतो.,mr:माघे संक्रांती,https://mr.wikipedia.org/wiki/माघे_संक्रांती
Marathi,हा दिवस नूतन वर्षाचा प्रारंभ दिवस म्हणून साजरा होतो.,mr:माघे संक्रांती,https://mr.wikipedia.org/wiki/माघे_संक्रांती
Marathi,७४-चिमूर विधानसभा मतदारसंघ हा महाराष्ट्र राज्य विधानसभेच्या २८८ मतदारसंघांपैकी एक आहे.,mr:चिमूर विधानसभा मतदारसंघ,https://mr.wikipedia.org/wiki/चिमूर_विधानसभा_मतदारसंघ
Marathi,"लोकसभा आणि विधानसभा मतदारसंघ परिसीमन आदेश, २००८ नुसार केलेल्या मतदारसंघांच्या रचनेनुसार चिमूर मतदारसंघात चंद्रपूर जिल्ह्यातील चिमूर व नागभीड ही २ तालुके आणि ब्रह्मपुरी तालुक्यातील अहेर नवरगांव महसूल मंडळ यांचा समावेश होतो.",mr:चिमूर विधानसभा मतदारसंघ,https://mr.wikipedia.org/wiki/चिमूर_विधानसभा_मतदारसंघ
Marathi,चिमूर हा विधानसभा मतदारसंघ गडचिरोली-चिमूर लोकसभा मतदारसंघात मोडतो.,mr:चिमूर विधानसभा मतदारसंघ,https://mr.wikipedia.org/wiki/चिमूर_विधानसभा_मतदारसंघ
Marathi,भारतीय जनता पक्षाचे पक्षाचे जितेश कुमार भांगडिया हे चिमूर विधानसभा मतदारसंघाचे विद्यमान आमदार आहेत.,mr:चिमूर विधानसभा मतदारसंघ,https://mr.wikipedia.org/wiki/चिमूर_विधानसभा_मतदारसंघ
Marathi,"लक्ष्मीनिवास मित्तल ऊर्फ लक्ष्मी मित्तल (जून १५, इ.स.",mr:लक्ष्मी मित्तल,https://mr.wikipedia.org/wiki/लक्ष्मी_मित्तल
Marathi,१९५० - ) हा लंडन येथील उद्योजक व सर्वांत श्रीमंत अनिवासी भारतीय आहे.,mr:लक्ष्मी मित्तल,https://mr.wikipedia.org/wiki/लक्ष्मी_मित्तल
Marathi,गडदेवधरी हे भारताच्या महाराष्ट्र राज्यातील उस्मानाबाद जिल्ह्यातील उस्मानाबाद तालुक्यातील एक गाव आहे.,mr:गडदेवधरी (उस्मानाबाद),https://mr.wikipedia.org/wiki/गडदेवधरी_(उस्मानाबाद)
Marathi,हिमावत हा हिंदू धर्मातील हिमालय पर्वतांचे अवतार/मानवीकरण आहे.,mr:हिमावत,https://mr.wikipedia.org/wiki/हिमावत
Marathi,तो हिमालयाचा संरक्षक देव आहे आणि महाभारत आणि इतर हिंदू धर्मग्रंथांमध्ये त्याचा उल्लेख आढळतो.,mr:हिमावत,https://mr.wikipedia.org/wiki/हिमावत
Marathi,"विविध हिंदू धर्मग्रंथांमध्ये हिमालयाच्या व्यक्तिरेखेचा वेगवेगळ्या नावांनी उल्लेख आहे, आणि म्हणूनच हिमावतला हिमवंत, हिमवान, हिमराज, आणि पर्वतेश्वर असेही म्हणतात.",mr:हिमावत,https://mr.wikipedia.org/wiki/हिमावत
Marathi,कळंभोण हे भारताच्या महाराष्ट्र राज्यातील उत्तर कोकणातील पालघर जिल्ह्यातील वसई तालुक्यातील एक गाव आहे.,mr:कळंभोण,https://mr.wikipedia.org/wiki/कळंभोण
Marathi,"एच."" रझा (२२ फेब्रुवारी, १९२२ - २३ जुलै, २०१६) हे एक भारतीय चित्रकार होते जे मार्च २००५ पासून फ्रान्समध्ये राहत व काम करत होते.",mr:एस.एच. रझा,https://mr.wikipedia.org/wiki/एस.एच._रझा
Marathi,ते बॉम्बे प्रोग्रेसिव्ह आर्टीस्ट ग्रुपशी संबंधित होता जसे की एम.एफ.,mr:एस.एच. रझा,https://mr.wikipedia.org/wiki/एस.एच._रझा
Marathi,"२०१० मध्ये त्यांच्या ""सौराष्ट्र"" या चित्राने क्रिस्टीस येथे १६ करोड रुपये मिलवले.",mr:एस.एच. रझा,https://mr.wikipedia.org/wiki/एस.एच._रझा
Marathi,टीव्ही टुडे नेटवर्क हे भारतातील इंग्रजी-हिंदी भारतीय बातम्यांचे दूरदर्शन नेटवर्क आहे.,mr:टीव्ही टुडे नेटवर्क,https://mr.wikipedia.org/wiki/टीव्ही_टुडे_नेटवर्क
Marathi,हे बीएसई आणि एनएसईवर सूचीबद्ध आहे.,mr:टीव्ही टुडे नेटवर्क,https://mr.wikipedia.org/wiki/टीव्ही_टुडे_नेटवर्क
Marathi,"त्यात आजतक (हिंदी), इंडिया टुडे टेलिव्हिजन (इंग्रजी), आजतक तेज (हिंदी), आज तक एचडी (हिंदी) आणि आजतक देश नावाच्या मान्यताप्राप्त चॅनेलचा समावेश आहे.",mr:टीव्ही टुडे नेटवर्क,https://mr.wikipedia.org/wiki/टीव्ही_टुडे_नेटवर्क
Marathi,हे पूर्वीचे दिल्ली आज तक (हिंदी) नावाचे एक चॅनेल आहे आणि बिझनेस टुडे (इंग्रजी) नावाचे मान्यताप्राप्त चॅनेल आहे जे कधीही लाँच झाले नाही.,mr:टीव्ही टुडे नेटवर्क,https://mr.wikipedia.org/wiki/टीव्ही_टुडे_नेटवर्क
Marathi,बॉस्निया आणि हर्झगोव्हिना फुटबॉल संघ (बॉस्नियन/क्रोएशियन/सर्बियन: Nogometna/Fudbalska reprezentacija Bosne i Hercegovine; सिरिलिक वर्णमाला: Ногометна/Фудбалска репрезентација Боснe и Херцеговинe) हा फुटबॉल खेळात बॉस्निया आणि हर्झगोव्हिना देशाचे प्रतिनिधित्व करतो.,mr:बॉस्निया आणि हर्झगोव्हिना राष्ट्रीय फुटबॉल संघ,https://mr.wikipedia.org/wiki/बॉस्निया_आणि_हर्झगोव्हिना_राष्ट्रीय_फुटबॉल_संघ
Marathi,बॉस्निया आणि हर्झगोव्हिनाने २०१४ फिफा विश्वचषकासाठी पात्रता मिळवली आहे.,mr:बॉस्निया आणि हर्झगोव्हिना राष्ट्रीय फुटबॉल संघ,https://mr.wikipedia.org/wiki/बॉस्निया_आणि_हर्झगोव्हिना_राष्ट्रीय_फुटबॉल_संघ
Marathi,गांधीनगर विधानसभा मतदारसंघ हा दिल्लीमधील एक विधानसभा मतदारसंघ आहे.,mr:गांधी नगर विधानसभा मतदारसंघ (दिल्ली),https://mr.wikipedia.org/wiki/गांधी_नगर_विधानसभा_मतदारसंघ_(दिल्ली)
Marathi,हा विधानसभा मतदारसंघ पूर्व दिल्ली लोकसभा मतदारसंघाच्या क्षेत्रांतर्गत येतो.,mr:गांधी नगर विधानसभा मतदारसंघ (दिल्ली),https://mr.wikipedia.org/wiki/गांधी_नगर_विधानसभा_मतदारसंघ_(दिल्ली)
Marathi,जनार्दन जगन्नाथ शिंकरे हे १९६७ लोकसभा निवडणुकीत विजयी होऊन उत्तर गोवा मतदारसंघातून ४ थ्या लोकसभेचे सदस्य होते.,mr:जनार्दन शिंकरे,https://mr.wikipedia.org/wiki/जनार्दन_शिंकरे
Marathi,सांगदरी हे भारतातील महाराष्ट्र राज्यातील सोलापूर जिल्ह्यातील दक्षिण सोलापूर तालुक्यातील एक गाव आहे.,mr:सांगदरी,https://mr.wikipedia.org/wiki/सांगदरी
Marathi,चुंबकी तीव्रता (ह्यालाच कधीकधी चुंबकी क्षेत्रही म्हणले जाते.) हे अवकाशातील एका चुंबकी प्रभारबिंदूवर एखाद्या चुंबकी प्रभारबिंदूने प्रयुक्त केलेले बलाचे मापन आहे.,mr:चुंबकी तीव्रता,https://mr.wikipedia.org/wiki/चुंबकी_तीव्रता
Marathi,तथापि त्याचे गणिती रूप B-क्षेत्राच्या संज्ञेत केले जाते.,mr:चुंबकी तीव्रता,https://mr.wikipedia.org/wiki/चुंबकी_तीव्रता
Marathi,"पिंजारा, गवळण किंवा चहाड (इंग्लिश:Central indian Collared Scops) हा एक पक्षी आहे.",mr:पिंजरा (पक्षी),https://mr.wikipedia.org/wiki/पिंजरा_(पक्षी)
Marathi,हा पक्षी आकाराने अंदाजे मैनेएवढी असतो.पिसांची शिंगे असलेले घुबडया पक्ष्यासारखा हा पक्षी दिसतो.,mr:पिंजरा (पक्षी),https://mr.wikipedia.org/wiki/पिंजरा_(पक्षी)
Marathi,तो वरून राखी तपकिरी किंवा तांबूस रंगाचा असतो.त्यावर पांढुरके पट्टे असतात.पाठीवर पिवळट रंगाचा अर्धा पट्टा व हनुवट व गळा बदामी पांढरा असतो.गळ्यावर काळ्या रंगाचे पट्टे असतात.खालील भागावर काळ्या काड्या व वेड्यावाकड्या तांबूस तपकिरी रेघोट्या असतात.नर-मादी दिसायला सारखेच असतात.,mr:पिंजरा (पक्षी),https://mr.wikipedia.org/wiki/पिंजरा_(पक्षी)
Marathi,"डेव्हिड अँथनी किंग (२५ जुलै, १९९० - ) हा एक ऑस्ट्रेलियन क्रिकेट खेळाडू आहे.",mr:डेव्हिड किंग,https://mr.wikipedia.org/wiki/डेव्हिड_किंग
Marathi,हा व्हिक्टोरिया संघातर्फे देशांतर्गत क्रिकेट खेळतो.,mr:डेव्हिड किंग,https://mr.wikipedia.org/wiki/डेव्हिड_किंग
Marathi,तो डाव्या हाताने फलंदाजी आणि उजव्या हाताने मध्यमगती गोलंदाजी करतो.,mr:डेव्हिड किंग,https://mr.wikipedia.org/wiki/डेव्हिड_किंग
Marathi,डेव्हिड किंगने आपल्या क्रिकेट कारकीर्दीची सुरुवात कनिष्ठ स्तरावर व्हिक्टोरियाच्या १७ वर्षांखालील आणि १९ वर्षांखालील संघातून केली.,mr:डेव्हिड किंग,https://mr.wikipedia.org/wiki/डेव्हिड_किंग
Marathi,उमरगा हे भारताच्या महाराष्ट्र राज्यातील उस्मानाबाद जिल्ह्यातील तुळजापूर तालुक्यातील एक गाव आहे.,mr:उमरगा (तुळजापूर),https://mr.wikipedia.org/wiki/उमरगा_(तुळजापूर)
Marathi,वावरहिरे हे भारतातील महाराष्ट्र राज्यातील सातारा जिल्ह्यातील माण तालुक्यातील एक गाव आहे.,mr:वावरहिरे,https://mr.wikipedia.org/wiki/वावरहिरे
Marathi,मराठी भाषेचा विकास आणि संवर्धन करण्यासाठी मरीन ड्राईव्ह येथील प्रस्तावित मराठी भाषा भवन चर्नी रोडला समुद्र किनारी उभे राहणार आहे.,mr:मराठी भाषा भवन,https://mr.wikipedia.org/wiki/मराठी_भाषा_भवन
Marathi,प्रकल्पाची जागा चर्नी रोड येथील समुद्राभिमुख भूखंडावर असेल.,mr:मराठी भाषा भवन,https://mr.wikipedia.org/wiki/मराठी_भाषा_भवन
Marathi,हे स्थळ मरीन ड्राइव्हच्या समोर आहे आणि पश्चिमेला महाराष्ट्र प्राथमिक शिक्षण परिषद आणि पूर्वेला सावित्रीदेवी फुले महिला वसतीगृहाने वेढलेले आहे.,mr:मराठी भाषा भवन,https://mr.wikipedia.org/wiki/मराठी_भाषा_भवन
Marathi,जागेची लांबी अंदाजे 54 मीटर आणि रुंदी सरासरी 32 मीटर असेल.,mr:मराठी भाषा भवन,https://mr.wikipedia.org/wiki/मराठी_भाषा_भवन
Marathi,रत्‍नाकर बापूराव मंचरकर तथा र.,mr:रत्‍नाकर बापूराव मंचरकर,https://mr.wikipedia.org/wiki/रत्‍नाकर_बापूराव_मंचरकर
Marathi,"२०१२, अहमदनगर, महाराष्ट्र) हे मराठी साहित्याचे समीक्षक व संत साहित्याचे अभ्यासक होते.",mr:रत्‍नाकर बापूराव मंचरकर,https://mr.wikipedia.org/wiki/रत्‍नाकर_बापूराव_मंचरकर
Marathi,अहमदनगर येथील रयत शिक्षण संस्थेच्या राधाबाई काळे महिला महाविद्यालयातून ते उपप्राचार्य म्हणून निवृत्त झाले.,mr:रत्‍नाकर बापूराव मंचरकर,https://mr.wikipedia.org/wiki/रत्‍नाकर_बापूराव_मंचरकर
Marathi,राजस्थानी ही भारत देशामधील एक भाषा आहे.,mr:राजस्थानी भाषा,https://mr.wikipedia.org/wiki/राजस्थानी_भाषा
Marathi,हिंद-आर्य भाषासमूहामधील एक असलेली राजस्थानी भाषा प्रामुख्याने भारताच्या राजस्थान राज्यात तसेच पाकिस्तानच्या सिंध व पंजाब प्रांतांमध्ये वापरली जाते.,mr:राजस्थानी भाषा,https://mr.wikipedia.org/wiki/राजस्थानी_भाषा
Marathi,मारवाडी ही भाषा अनेकदा राजस्थानीचीच उपभाषा मानली जाते.,mr:राजस्थानी भाषा,https://mr.wikipedia.org/wiki/राजस्थानी_भाषा
Marathi,मारवाडी व राजस्थानी भाषांचे एकूण ५ कोटी भाषिक आहेत.,mr:राजस्थानी भाषा,https://mr.wikipedia.org/wiki/राजस्थानी_भाषा
Marathi,"पीटर शेमस ओ'टूल (२ ऑगस्ट, १९३२ - १४ डिसेंबर, २०१३) एक इंग्रजी अभिनेता होता.",mr:पीटर ओ'टूल,https://mr.wikipedia.org/wiki/पीटर_ओ'टूल
Marathi,"रंगमंचावर आणि पडद्यावर प्रमुख भूमिकांसाठी ओळखल्या जाणाऱ्या, त्याला ऑस्कर मानद पुरस्कार, एक बाफ्टा पुरस्कार, एक प्राइमटाइम एमी पुरस्कार, आणि चार गोल्डन ग्लोब पुरस्कार तसेच ग्रॅमी पुरस्कार आणि लॉरेन्स ऑलिव्हिये पुरस्कारांसाठी नामांकन मिळाले होते.",mr:पीटर ओ'टूल,https://mr.wikipedia.org/wiki/पीटर_ओ'टूल
Marathi,ओ'टूलने लंडनमधील रॉयल ॲकॅडमी ऑफ ड्रॅमॅटिक आर्ट येथे प्रशिक्षण सुरू केले आणि नाटकांमध्ये काम करण्यास सुरुवात केली.,mr:पीटर ओ'टूल,https://mr.wikipedia.org/wiki/पीटर_ओ'टूल
Marathi,"१९५९ मध्ये, त्याने वेस्ट एंड द लाँग अँड द शॉर्ट अँड द टॉलमध्ये पदार्पण केले आणि १९६३ मध्ये नॅशनल थिएटरच्या पहिल्या निर्मितीमध्ये हॅम्लेटमध्ये मुख्य भूमिका केली.",mr:पीटर ओ'टूल,https://mr.wikipedia.org/wiki/पीटर_ओ'टूल
Marathi,"लोहाणा ही एक हिंदू जात आहे, एक व्यापारी किंवा व्यापारी समुदाय आहे जो बहुतेक भारतात आणि काही पाकिस्तानमध्ये देखील राहतो.",mr:लोहाणा,https://mr.wikipedia.org/wiki/लोहाणा
Marathi,वेगवेगळ्या प्रदेशांमध्ये शतकानुशतके विलग राहिल्यामुळे लोहाणा समाज अनेक स्वतंत्र सांस्कृतिक गटांमध्ये विभागला गेला आहे.,mr:लोहाणा,https://mr.wikipedia.org/wiki/लोहाणा
Marathi,"त्यामुळेच, भारत-गुजरात येथील गुजराती व कच्छी लोहाणा आणि पाकिस्तान-सिंध येथील सिंधी लोहाणा (ज्यांपैकी बहुसंख्य लोकांनी भारतात स्थलांतर केले आहे) यांच्या संस्कृती, भाषा, व्यवसाय आणि सामाजिक जीवनशैली यामध्ये लक्षणीय फरक आढळतात.",mr:लोहाणा,https://mr.wikipedia.org/wiki/लोहाणा
Marathi,अहमदाबाद मेट्रो ही भारतातील गुजरात राज्यातील अहमदाबाद आणि गांधीनगर शहरांसाठी जलद वाहतूक व्यवस्था आहे.,mr:अहमदाबाद मेट्रो,https://mr.wikipedia.org/wiki/अहमदाबाद_मेट्रो
Marathi,गुजरात मेट्रो रेल कॉर्पोरेशन लिमिटेडची स्थापना फेब्रुवारी २०१० मध्ये झाली आणि साचा:Cvt प्रकल्पाचा लांब टप्पा-१ ऑक्टोबर २०१३ मध्ये उत्तर-दक्षिण आणि पूर्व-पश्चिम अशा दोन कॉरिडॉरसह मंजूर करण्यात आला.,mr:अहमदाबाद मेट्रो,https://mr.wikipedia.org/wiki/अहमदाबाद_मेट्रो
Marathi,१४ मार्च २०१५ रोजी बांधकामाला सुरुवात झाली.,mr:अहमदाबाद मेट्रो,https://mr.wikipedia.org/wiki/अहमदाबाद_मेट्रो
Marathi,अ साचा:Cvt पूर्व-पश्चिम कॉरिडॉरच्या विभागाचे उद्घाटन ४ मार्च २०१९ रोजी करण्यात आले आणि ६ मार्च २०१९ रोजी लोकांसाठी खुले करण्यात आले.,mr:अहमदाबाद मेट्रो,https://mr.wikipedia.org/wiki/अहमदाबाद_मेट्रो
Marathi,"डोनी नदी किंवा दोनी नदी ही कर्नाटक सीमेजवळील महाराष्ट्रातील सांगलीच्या आसपासच्या भागातून पूर्वेकडे वाहते आणि तिचा बहुतेक प्रवाह उत्तर कर्नाटकात बेळगाव, विजापूर आणि कलबुर्गी जिल्ह्यांमध्ये आहे.",mr:डोनी नदी,https://mr.wikipedia.org/wiki/डोनी_नदी
Marathi,ही कृष्णा नदीची उपनदी आहे आणि तिचा कृष्णा नदीशी संगम तालीकोट शहराच्या नैऋत्येस आहे.,mr:डोनी नदी,https://mr.wikipedia.org/wiki/डोनी_नदी
Marathi,येथे अचानक आणि अनिर्बंध पूर येण्याची शक्यता असते.,mr:डोनी नदी,https://mr.wikipedia.org/wiki/डोनी_नदी
Marathi,२००९ मध्ये द टाईम्स ऑफ इंडियाने हे पाणी धुण्यासाठी देखील वापरण्यास योग्य नाही असे नोंदवले.,mr:डोनी नदी,https://mr.wikipedia.org/wiki/डोनी_नदी
Marathi,सेंदाई (जपानी: 青森市) ही जपान देशाच्या उत्तर भागातील मियागी प्रांताची राजधानी व सर्वात मोठे शहर आहे.,mr:सेंदाई,https://mr.wikipedia.org/wiki/सेंदाई
Marathi,सेंदाई तोक्योच्या ३७० किमी उत्तरेस प्रशांत महासागराच्या किनाऱ्यावर वसले आहे.,mr:सेंदाई,https://mr.wikipedia.org/wiki/सेंदाई
Marathi,२०२० साली सुमारे ११ लाख लोकसंख्या असलेले सेंदाई हे जपानच्या तोहोकू प्रदेशामधील सर्वात मोठे शहर आहे.,mr:सेंदाई,https://mr.wikipedia.org/wiki/सेंदाई
Marathi,११ मार्च २०११ रोजी आलेल्या प्रलयंकारी भूकंपामध्ये सेंदाई व परिसराचे मोठ्या प्रमाणावर नुकसान झाले.,mr:सेंदाई,https://mr.wikipedia.org/wiki/सेंदाई
Marathi,करणपूर विधानसभा मतदारसंघ भारताच्या राजस्थान राज्यातील विधानसभा मतदारसंघ आहे.,mr:करणपूर विधानसभा मतदारसंघ,https://mr.wikipedia.org/wiki/करणपूर_विधानसभा_मतदारसंघ
Marathi,यातून एक प्रतिनिधी राजस्थान विधानसभेवर निवडला जातो.,mr:करणपूर विधानसभा मतदारसंघ,https://mr.wikipedia.org/wiki/करणपूर_विधानसभा_मतदारसंघ
Marathi,हा मतदारसंघ श्री गंगानगर जिल्ह्यात असून गंगानगर लोकसभा मतदारसंघाचा भाग आहे.,mr:करणपूर विधानसभा मतदारसंघ,https://mr.wikipedia.org/wiki/करणपूर_विधानसभा_मतदारसंघ
Marathi,सावटा हे भारतातील महाराष्ट्र राज्यातील उत्तर कोकणातील पालघर जिल्ह्यातील डहाणू तालुक्यातील एक गाव आहे.,mr:सावटा,https://mr.wikipedia.org/wiki/सावटा
Marathi,"गेन्स काउंटी, टेक्सास ही अमेरिकेच्या टेक्सास राज्यातील २५४ पैकी एक काउंटी आहे.","mr:गेन्स काउंटी, टेक्सास","https://mr.wikipedia.org/wiki/गेन्स_काउंटी,_टेक्सास"
Marathi,याचे प्रशासकीय केन्द्र येथे आहे.,"mr:गेन्स काउंटी, टेक्सास","https://mr.wikipedia.org/wiki/गेन्स_काउंटी,_टेक्सास"
Marathi,२०२० च्या जनगणनेनुसार येथील लोकसंख्या इतकी होती.,"mr:गेन्स काउंटी, टेक्सास","https://mr.wikipedia.org/wiki/गेन्स_काउंटी,_टेक्सास"
Marathi,"गेन्स काउंटी, टेक्सासची रचना रोजी झाली.","mr:गेन्स काउंटी, टेक्सास","https://mr.wikipedia.org/wiki/गेन्स_काउंटी,_टेक्सास"
Marathi,"१३६४) हे जवानी जुन्या पांडुलिपि, कविता व पौराणिक कथा, महासभातील हिंदू साम्राज्याचे एक शक्तिशाली सैन्य नेते आणि मजपहीत किंवा (पंतप्रधान) पंतप्रधान यांच्यासमान हुद्द्यावर होते.",mr:गजह मद,https://mr.wikipedia.org/wiki/गजह_मद
Marathi,मजपहीत साम्राज्याला त्याच्या वैभवाच्या शिखरावर आणण्याचे श्रेय यांना देण्यात येते.,mr:गजह मद,https://mr.wikipedia.org/wiki/गजह_मद
Marathi,":234,239 त्याने सौमपा पालपा नावाची शपथ दिली, ज्यात त्याने मजपहीत साम्राज्यासाठी दक्षिणपूर्व आशियाई द्वीपसमूहापर्यंत विजय मिळवेपर्य्ंत तपस्वी (अन्नात मसाल्यांच्या उपभोग न घेण्याचे व्रत) बनून जगण्याची शपथ घेतली होती.",mr:गजह मद,https://mr.wikipedia.org/wiki/गजह_मद
Marathi,आधुनिक इंडोनेशियामध्ये तो एक महत्त्वाचा राष्ट्रीय नायक मानला जातो.,mr:गजह मद,https://mr.wikipedia.org/wiki/गजह_मद
Marathi,ग्रीक संस्कृतीचा उदय इ.स.पूर्व १५०० च्या सुमारास युरोप खंडाच्या आग्नेय दिशेला असणाऱ्या लहान-लहान बेटांमध्ये झाला.,mr:ग्रीक संस्कृती,https://mr.wikipedia.org/wiki/ग्रीक_संस्कृती
Marathi,येथील लोक 'ग्रीक' म्हणून ओळखले जातात आणि त्यांची संस्कृती म्हणजे 'ग्रीक संस्कृती' होय.,mr:ग्रीक संस्कृती,https://mr.wikipedia.org/wiki/ग्रीक_संस्कृती
Marathi,ग्रीसमध्ये विशिष्ट प्रकारची संस्कृती उदयास येण्यास तेथील भौगोलिक परिस्थिती कारणीभूत ठरली.,mr:ग्रीक संस्कृती,https://mr.wikipedia.org/wiki/ग्रीक_संस्कृती
Marathi,ग्रीसच्या उत्तरेला पर्वतांच्या रांगा आहेत.,mr:ग्रीक संस्कृती,https://mr.wikipedia.org/wiki/ग्रीक_संस्कृती
Marathi,२००८ विश्व साखळी क्रिकेट स्पर्धा विभाग ४ ही टांझानियाच्या दार एस सलाम शहरात खेळली गेलेली क्रिकेट स्पर्धा होती.,mr:२००८ विश्व साखळी क्रिकेट स्पर्धा विभाग ४,https://mr.wikipedia.org/wiki/२००८_विश्व_साखळी_क्रिकेट_स्पर्धा_विभाग_४
Marathi,"ही स्पर्धा ४-११ ऑक्टोबर, २००८ दरम्यान खेळली गेली.",mr:२००८ विश्व साखळी क्रिकेट स्पर्धा विभाग ४,https://mr.wikipedia.org/wiki/२००८_विश्व_साखळी_क्रिकेट_स्पर्धा_विभाग_४
Marathi,आयसीसीच्या चौथ्या विभागातील संघांना २०११ क्रिकेट विश्वचषकात भाग घेण्यासाठी ही पात्रता फेरी होती.,mr:२००८ विश्व साखळी क्रिकेट स्पर्धा विभाग ४,https://mr.wikipedia.org/wiki/२००८_विश्व_साखळी_क्रिकेट_स्पर्धा_विभाग_४
Marathi,आंबेघर हे भारताच्या महाराष्ट्र राज्यातील उत्तर कोकणातील पालघर जिल्ह्यातील विक्रमगड तालुक्यातील एक गाव आहे.,mr:आंबेघर (विक्रमगड),https://mr.wikipedia.org/wiki/आंबेघर_(विक्रमगड)
Marathi,"इंद्राणी रॉय (५ सप्टेंबर, १९९७ - ) ही एक भारतीय क्रिकेट खेळाडू आहे.",mr:इंद्राणी रॉय,https://mr.wikipedia.org/wiki/इंद्राणी_रॉय
Marathi,ती स्पर्धांमध्ये झारखंड महिला क्रिकेट संघाकडून देशांतर्गत क्रिकेट खेळते.,mr:इंद्राणी रॉय,https://mr.wikipedia.org/wiki/इंद्राणी_रॉय
Marathi,रॉयने वयाच्या १५ व्या वर्षी क्रिकेट खेळायला सुरुवात केली.,mr:इंद्राणी रॉय,https://mr.wikipedia.org/wiki/इंद्राणी_रॉय
Marathi,ती महेंद्रसिंग धोनीला तिचे प्रेरणास्थान मानते.,mr:इंद्राणी रॉय,https://mr.wikipedia.org/wiki/इंद्राणी_रॉय
Marathi,ते द्रविड मुन्नेत्र कळघम पक्षाचे उमेदवार म्हणून इ.स.,mr:आंदिमुथू राजा,https://mr.wikipedia.org/wiki/आंदिमुथू_राजा
Marathi,२००४ च्या लोकसभा निवडणुकांमध्ये तमिळनाडू राज्यातील पेरांबालूर लोकसभा मतदारसंघातून तर इ.स.,mr:आंदिमुथू राजा,https://mr.wikipedia.org/wiki/आंदिमुथू_राजा
Marathi,२००९ च्या लोकसभा निवडणुकांमध्ये तमिळनाडू राज्यातीलच निलगिरीस लोकसभा मतदारसंघातून लोकसभेवर निवडून गेले.,mr:आंदिमुथू राजा,https://mr.wikipedia.org/wiki/आंदिमुथू_राजा
Marathi,मनमोहनसिंग सरकारमध्ये ते मे इ.स.,mr:आंदिमुथू राजा,https://mr.wikipedia.org/wiki/आंदिमुथू_राजा
Marathi,"अवाचे मातीचे स्तंभ, ज्याला अवा सँड पिलर किंवा अवा नो डबान असेही म्हणतात.",mr:अवा वाळूचे स्तंभ,https://mr.wikipedia.org/wiki/अवा_वाळूचे_स्तंभ
Marathi,"हे जपानमधील अवा, टोकुशिमा प्रांतात वाळूचा खडक आणि खडी या पासून बनलेला एक प्रकार आहे.",mr:अवा वाळूचे स्तंभ,https://mr.wikipedia.org/wiki/अवा_वाळूचे_स्तंभ
Marathi,ही रचना त्सुचिया ताकाकोशी प्रांतातील नैसर्गिक उद्यानात आहे.,mr:अवा वाळूचे स्तंभ,https://mr.wikipedia.org/wiki/अवा_वाळूचे_स्तंभ
Marathi,अंदाजे १.२ दशलक्ष वर्षांपूर्वी त्याची निर्मिती झाली असावी.,mr:अवा वाळूचे स्तंभ,https://mr.wikipedia.org/wiki/अवा_वाळूचे_स्तंभ
Marathi,घारफळ हे भारतातील महाराष्ट्र राज्यातील यवतमाळ जिल्ह्यातील बाभुळगाव तालुक्यातील एक गाव आहे.,mr:घारफळ,https://mr.wikipedia.org/wiki/घारफळ
Marathi,"एस.), किंवा संत टैरेसा विद्यामंदिर, किंवा संत टैरेसा प्रशाळा ही एक सरकारी अनुदानित, खाजगी सह-शैक्षणिक, दिवस शाळा आहे, जी मुंबई, भारतातील चर्नी रोड येथे आहे.",mr:सेंट तेरेसा हायस्कूल (चर्नी रोड),https://mr.wikipedia.org/wiki/सेंट_तेरेसा_हायस्कूल_(चर्नी_रोड)
Marathi,या संस्थेची स्थापना १८४३ मध्ये झाली आणि आजची शाळा इमारत १९२४ मध्ये स्थापन झाली.,mr:सेंट तेरेसा हायस्कूल (चर्नी रोड),https://mr.wikipedia.org/wiki/सेंट_तेरेसा_हायस्कूल_(चर्नी_रोड)
Marathi,शाळा बालवाडी ते इयत्ता दहावीपर्यंतच्या विद्यार्थ्यांना शिक्षण दिले जाते; आणि शिक्षणाचे माध्यम इंग्रजी आहे.,mr:सेंट तेरेसा हायस्कूल (चर्नी रोड),https://mr.wikipedia.org/wiki/सेंट_तेरेसा_हायस्कूल_(चर्नी_रोड)
Marathi,"ही शाळा आर्कडिओसेसन बोर्ड ऑफ एज्युकेशन, मुंबईशी संलग्न आहे, जी दहावीच्या शेवटी महाराष्ट्र राज्य माध्यमिक आणि उच्च माध्यमिक शिक्षण मंडळाच्या परीक्षा घेते.",mr:सेंट तेरेसा हायस्कूल (चर्नी रोड),https://mr.wikipedia.org/wiki/सेंट_तेरेसा_हायस्कूल_(चर्नी_रोड)
Marathi,"जॅस्पर काउंटी, इलिनॉय ही अमेरिकेच्या इलिनॉय राज्यातील १०२ पैकी एक काउंटी आहे.","mr:जॅस्पर काउंटी, इलिनॉय","https://mr.wikipedia.org/wiki/जॅस्पर_काउंटी,_इलिनॉय"
Marathi,याचे प्रशासकीय केन्द्र येथे आहे.,"mr:जॅस्पर काउंटी, इलिनॉय","https://mr.wikipedia.org/wiki/जॅस्पर_काउंटी,_इलिनॉय"
Marathi,२०२० च्या जनगणनेनुसार येथील लोकसंख्या इतकी होती.,"mr:जॅस्पर काउंटी, इलिनॉय","https://mr.wikipedia.org/wiki/जॅस्पर_काउंटी,_इलिनॉय"
Marathi,"जॅस्पर काउंटी, इलिनॉय काउंटीची रचना रोजी झाली.","mr:जॅस्पर काउंटी, इलिनॉय","https://mr.wikipedia.org/wiki/जॅस्पर_काउंटी,_इलिनॉय"
Marathi,वेल (दागिना) वेल (वनस्पती) - वनस्पतीचा एक प्रकार.,mr:वेल (निःसंदिग्धीकरण),https://mr.wikipedia.org/wiki/वेल_(निःसंदिग्धीकरण)
Marathi,वेल (२००७ तमिळ चित्रपट)- तमिळ भाषेतील एक चित्रपट.,mr:वेल (निःसंदिग्धीकरण),https://mr.wikipedia.org/wiki/वेल_(निःसंदिग्धीकरण)
Marathi,१२७२ ते मृत्यूपर्यंत इंग्लंडचा राजा होता.,mr:इंग्लंडचा पहिला एडवर्ड,https://mr.wikipedia.org/wiki/इंग्लंडचा_पहिला_एडवर्ड
Marathi,हा हेन्री तिसरा व प्रोव्हेन्सच्या एलिनोरचा पहिला मुलगा होता.,mr:इंग्लंडचा पहिला एडवर्ड,https://mr.wikipedia.org/wiki/इंग्लंडचा_पहिला_एडवर्ड
Marathi,१२५९मध्ये हेन्री विरुद्ध झालेल्या उठावास त्याने साथ दिली परंतु त्यानंतर तो आपल्या वडिलांच्या बाजूने अखेरपर्यंत राहिला.,mr:इंग्लंडचा पहिला एडवर्ड,https://mr.wikipedia.org/wiki/इंग्लंडचा_पहिला_एडवर्ड
Marathi,त्याने वेल्स व स्कॉटलंड जिंकून आपल्या राज्यात समाविष्ट केले.,mr:इंग्लंडचा पहिला एडवर्ड,https://mr.wikipedia.org/wiki/इंग्लंडचा_पहिला_एडवर्ड
Marathi,डोंगरगाव हे भारताच्या महाराष्ट्र राज्यातील नाशिक जिल्ह्यातील चांदवड तालुक्यातील एक गाव आहे.,mr:डोंगरगाव (चांदवड),https://mr.wikipedia.org/wiki/डोंगरगाव_(चांदवड)
Marathi,"तेजोमेघ (इंग्लिश: Nebula; नेब्युला) हा धूळ, हायड्रोजन, हेलियम व आयनित वायूंपासून बनलेला आंतरतारकीय मेघ असतो.",mr:तेजोमेघ,https://mr.wikipedia.org/wiki/तेजोमेघ
Marathi,"सुरुवातीला हे नाव कोणत्याही मोठ्या अवकाशीय वस्तूस दिले जात असे, उदाहरणार्थ आकाशगंगेच्या पलीकडील दीर्घिका.",mr:तेजोमेघ,https://mr.wikipedia.org/wiki/तेजोमेघ
Marathi,(देवयानी दीर्घिका ही एडविन हबल याने दीर्घिकांचा शोध लावण्यापूर्वी अँड्रोमेडा तेजोमेघ म्हणून ओळखली जाई.) तेजोमेघ बऱ्याचदा ताऱ्यांच्या निर्मितीची ठिकाणे बनतात.,mr:तेजोमेघ,https://mr.wikipedia.org/wiki/तेजोमेघ
Marathi,"ईगल तेजोमेघाचे छायाचित्र हे नासाच्या सर्वांत लोकप्रिय छायाचित्रांपैकी एक आहे, ""पिलर्स ऑफ क्रिएशन"" (नवनिर्मितीचे स्तंभ).",mr:तेजोमेघ,https://mr.wikipedia.org/wiki/तेजोमेघ
Marathi,आंजणी हे भारताच्या महाराष्ट्र राज्यातील नांदेड जिल्ह्यातील माहूर तालुक्यातील एक गाव आहे.,mr:आंजणी (माहूर),https://mr.wikipedia.org/wiki/आंजणी_(माहूर)
Marathi,"शिवराज विश्वनाथ पाटील (१२ ऑक्टोबर १९३५ - १२ डिसेंबर २०२५)ते महाराष्ट्रातील भारतीय राष्ट्रीय काँग्रेस पक्षाचे ज्येष्ठ नेते, विधानसभेचे माजी अध्यक्ष, भारताचे माजी गृहमंत्री आणि १० व्या लोकसभेचे सदस्य होते.",mr:शिवराज पाटील,https://mr.wikipedia.org/wiki/शिवराज_पाटील
Marathi,२०१० ते २०१५ दरम्यान ते पंजाब राज्याचे राज्यपाल व चंदिगढ केंद्रशासित प्रदेशाचे प्रचालक होते.,mr:शिवराज पाटील,https://mr.wikipedia.org/wiki/शिवराज_पाटील
Marathi,१९७३ साली लातूर ग्रामीण विधानसभा मतदारसंघामधून विधानसभेवर प्रथम निवडून आलेल्या पाटील ह्यांनी महाराष्ट्र शासनामध्ये अनेक मंत्रीपदे भुषवली.,mr:शिवराज पाटील,https://mr.wikipedia.org/wiki/शिवराज_पाटील
Marathi,"१९८० साली ते प्रथम लातूर लोकसभा मतदारसंघामधून लोकसभेवर निवडून गेले, पुढे सलग ६ निवडणुकांमध्ये त्यांनी येथून विजय मिळवला.",mr:शिवराज पाटील,https://mr.wikipedia.org/wiki/शिवराज_पाटील
Marathi,पलक्कीळील उन्नीकृष्णन चित्रा (किंवा पी.,mr:पलक्कीळील उन्नीकृष्णन चित्रा,https://mr.wikipedia.org/wiki/पलक्कीळील_उन्नीकृष्णन_चित्रा
Marathi,चित्रा) ही मध्यम पल्ल्याची भारतीय धावपटू आहे.,mr:पलक्कीळील उन्नीकृष्णन चित्रा,https://mr.wikipedia.org/wiki/पलक्कीळील_उन्नीकृष्णन_चित्रा
Marathi,तिने १५०० मीटर आंतरराष्ट्रीय स्पर्धांमध्ये पदके जिंकली आहेत.,mr:पलक्कीळील उन्नीकृष्णन चित्रा,https://mr.wikipedia.org/wiki/पलक्कीळील_उन्नीकृष्णन_चित्रा
Marathi,भारतीय रेल्वेमध्ये कार्यरत असलेल्या चित्राने २०१७ आणि २०१९ च्या आशियाई ॲथलेटिक्स चॅम्पियनशिपमध्ये सुवर्णपदके जिंकली.,mr:पलक्कीळील उन्नीकृष्णन चित्रा,https://mr.wikipedia.org/wiki/पलक्कीळील_उन्नीकृष्णन_चित्रा
Marathi,पुनाडें हे भारतातील महाराष्ट्र राज्यातील मध्य कोकणातील रायगड जिल्ह्यातील उरण तालुक्यातील एक गाव आहे.,mr:पुनाडें,https://mr.wikipedia.org/wiki/पुनाडें
Marathi,माल्टा राष्ट्रीय महिला क्रिकेट संघ हा आंतरराष्ट्रीय महिला क्रिकेटमध्ये माल्टाचे प्रतिनिधित्व करणारा संघ आहे.,mr:माल्टा राष्ट्रीय महिला क्रिकेट संघ,https://mr.wikipedia.org/wiki/माल्टा_राष्ट्रीय_महिला_क्रिकेट_संघ
Marathi,"एप्रिल २०१८ मध्ये, आंतरराष्ट्रीय क्रिकेट परिषद (आयसीसी) ने तिच्या सर्व सदस्यांना पूर्ण महिला ट्वेंटी-२० आंतरराष्ट्रीय (मटी२०आ) दर्जा दिला.",mr:माल्टा राष्ट्रीय महिला क्रिकेट संघ,https://mr.wikipedia.org/wiki/माल्टा_राष्ट्रीय_महिला_क्रिकेट_संघ
Marathi,"त्यामुळे, १ जुलै २०१८ नंतर माल्टा महिला आणि इतर आयसीसी सदस्यांमध्ये खेळले जाणारे सर्व ट्वेंटी-२० सामने पूर्ण महिला टी२०आ दर्जासाठी पात्र आहेत.",mr:माल्टा राष्ट्रीय महिला क्रिकेट संघ,https://mr.wikipedia.org/wiki/माल्टा_राष्ट्रीय_महिला_क्रिकेट_संघ
Marathi,कोप्पळ भारतातील कर्नाटक राज्यातील एक शहर आहे.,mr:कोप्पळ,https://mr.wikipedia.org/wiki/कोप्पळ
Marathi,हे शहर कोप्पळ जिल्ह्याचे प्रशासकीय केंद्र आहे.,mr:कोप्पळ,https://mr.wikipedia.org/wiki/कोप्पळ
Marathi,लिस्बेथ वेरनाउट (१९५८:नेदरलँड्स - हयात) ही नेदरलँड्सच्या महिला क्रिकेट संघाकडून १९८४ ते १९८८ दरम्यान ८ महिला आंतरराष्ट्रीय एकदिवसीय सामने खेळलेली क्रिकेट खेळाडू आहे.,mr:लिस्बेथ वेरनाउट,https://mr.wikipedia.org/wiki/लिस्बेथ_वेरनाउट
Marathi,नवगढ किंवा सिद्धार्थनगर हे भारताच्या उत्तर प्रदेश राज्यातील एक शहर आहे.,mr:नवगढ,https://mr.wikipedia.org/wiki/नवगढ
Marathi,हे शहर सिद्धार्थनगर जिल्ह्याचे प्रशासकीय केंद्र आहे.,mr:नवगढ,https://mr.wikipedia.org/wiki/नवगढ
Marathi,करण अर्जुन हा १९९५ चा भारतीय हिंदी भाषेतील काल्पनिक अ‍ॅक्शन थ्रिलर चित्रपट आहे जो राकेश रोशन दिग्दर्शित आणि निर्मित आहे.,mr:करण अर्जुन,https://mr.wikipedia.org/wiki/करण_अर्जुन
Marathi,"ह्यामध्ये सलमान खान, शाहरुख खान, राखी गुलजार, ममता कुलकर्णी आणि काजोल यांच्या प्रमुख भूमिका आहेत.",mr:करण अर्जुन,https://mr.wikipedia.org/wiki/करण_अर्जुन
Marathi,"अमरीश पुरी हे मुख्य खलनायक आहेत, तर जॉनी लिव्हर, अर्जुन, जॅक गौड, रणजीत आणि आसिफ शेख हे सहाय्यक भूमिकेत दिसतात.",mr:करण अर्जुन,https://mr.wikipedia.org/wiki/करण_अर्जुन
Marathi,हा चित्रपट दोन भावांची कथा आहे जे त्यांच्या लोभी काकांकडून आपल्या वडिलांच्या हत्येचा बदला घेण्यासाठी प्रयत्न करतात पण मारले जातात आणि बदला पूर्ण करण्यासाठी त्यांना पुनर्जन्म मिळतो.,mr:करण अर्जुन,https://mr.wikipedia.org/wiki/करण_अर्जुन
Marathi,फ्रीमाँट काउंटी अमेरिकेच्या कॉलोराडो राज्याच्या ६४पैकी एक काउंटी आहे.,"mr:फ्रीमाँट काउंटी, कॉलोराडो","https://mr.wikipedia.org/wiki/फ्रीमाँट_काउंटी,_कॉलोराडो"
Marathi,"या काउंटीची लोकसंख्या २०१० च्या जनगणनेनुसार ४६,८२४ होती.","mr:फ्रीमाँट काउंटी, कॉलोराडो","https://mr.wikipedia.org/wiki/फ्रीमाँट_काउंटी,_कॉलोराडो"
Marathi,कॅन्यन सिटी या काउंटीचे प्रशासकीय केन्द्र आहे.,"mr:फ्रीमाँट काउंटी, कॉलोराडो","https://mr.wikipedia.org/wiki/फ्रीमाँट_काउंटी,_कॉलोराडो"
Marathi,फ्रीमाँट काउंटी कॅन्यन सिटी नगरक्षेत्रात मोडते.,"mr:फ्रीमाँट काउंटी, कॉलोराडो","https://mr.wikipedia.org/wiki/फ्रीमाँट_काउंटी,_कॉलोराडो"
Marathi,"जनगणना स्थल निर्देशांक ५२६७०७ असलेले घाडवेल हे गाव, जळगाव या जिल्ह्यातील ५०९.६९ हेक्टर क्षेत्राचे गाव असून ह्या गावात ३४७ कुटुंबे आहेत व एकूण लोकसंख्या १४४९ आहे.ह्याच्या सर्वात जवळचे शहर जळगाव हे ८४ किलोमीटर अंतरावर आहे.",mr:घाडवेल,https://mr.wikipedia.org/wiki/घाडवेल
Marathi,खांडवळ हे भारतातील महाराष्ट्र राज्यातील ठाणे जिल्ह्यातील भिवंडी तालुक्यातील एक गाव आहे.,mr:खांडवळ,https://mr.wikipedia.org/wiki/खांडवळ
Marathi,खरे बोलण्यात धोका असूनसुद्धा ते बोलणे ही उदात्त गोष्ट आहे हे सांगणारी ही लोककथा आहे.,mr:सत्यवचनाचे फळ (लोककथा),https://mr.wikipedia.org/wiki/सत्यवचनाचे_फळ_(लोककथा)
Marathi,गोकुळ सिंग जाट हे तिलपत गावचे सरदार होते.,mr:गोकुल सिंह जाट,https://mr.wikipedia.org/wiki/गोकुल_सिंह_जाट
Marathi,१० मे १६६६ रोजी तिलपाट येथे जाट आणि औरंगजेबाच्या सैन्यात लढाई झाली.,mr:गोकुल सिंह जाट,https://mr.wikipedia.org/wiki/गोकुल_सिंह_जाट
Marathi,मुघल राजवटीने इस्लामचा प्रचार केला आणि शेतकऱ्यांवरील कर वाढवले.,mr:गोकुल सिंह जाट,https://mr.wikipedia.org/wiki/गोकुल_सिंह_जाट
Marathi,गोकुळने शेतकऱ्यांना संघटित करून कर वसूल करण्यास नकार दिला.,mr:गोकुल सिंह जाट,https://mr.wikipedia.org/wiki/गोकुल_सिंह_जाट
Marathi,"भारत देशातल्या आंध्र प्रदेश राज्याच्या विधानसभेसाठीची निवडणूक, इ.स.","mr:आंध्र प्रदेश विधानसभा निवडणूक, २०१९","https://mr.wikipedia.org/wiki/आंध्र_प्रदेश_विधानसभा_निवडणूक,_२०१९"
Marathi,२०१९ साली ११ ते २९ एप्रिल २०१९ दरम्यान होत आहे.,"mr:आंध्र प्रदेश विधानसभा निवडणूक, २०१९","https://mr.wikipedia.org/wiki/आंध्र_प्रदेश_विधानसभा_निवडणूक,_२०१९"
Marathi,ही निवडणूक विधानसभेच्या १४७ जागांसाठी असेल.,"mr:आंध्र प्रदेश विधानसभा निवडणूक, २०१९","https://mr.wikipedia.org/wiki/आंध्र_प्रदेश_विधानसभा_निवडणूक,_२०१९"
Marathi,चंद्रबाबू नायडू हे सध्या आंध्र प्रदेशचे मुख्यमंत्री आहेत.,"mr:आंध्र प्रदेश विधानसभा निवडणूक, २०१९","https://mr.wikipedia.org/wiki/आंध्र_प्रदेश_विधानसभा_निवडणूक,_२०१९"
Marathi,तुझं नि माझं घर श्रीमंताचं ही स्टार प्रवाह दूरचित्रवाणी वाहिनीवरील एक मालिका आहे.,mr:तुझं नि माझं घर श्रीमंताचं,https://mr.wikipedia.org/wiki/तुझं_नि_माझं_घर_श्रीमंताचं
Marathi,स्कोडा ऑटो (चेक: Škoda Auto) ही चेक प्रजासत्ताकामधील एक वाहन उत्पादक कंपनी आहे.,mr:स्कोडा ऑटो,https://mr.wikipedia.org/wiki/स्कोडा_ऑटो
Marathi,१८९५ साली स्थापन झालेल्या स्कोडाला इ.स.,mr:स्कोडा ऑटो,https://mr.wikipedia.org/wiki/स्कोडा_ऑटो
Marathi,1991 साली फोक्सवागन समूहाने विकत घेतले.,mr:स्कोडा ऑटो,https://mr.wikipedia.org/wiki/स्कोडा_ऑटो
Marathi,सध्या महाराष्ट्रातील छत्रपती संभाजी नगर शहरात मुख्यालय असलेली स्कोडा ऑटो इंडिया ही स्कोडाची पोटकंपनी भारतामध्ये अनेक गाड्यांचे उत्पादन करते.,mr:स्कोडा ऑटो,https://mr.wikipedia.org/wiki/स्कोडा_ऑटो
Marathi,सांजा हे भारताच्या महाराष्ट्र राज्यातील उस्मानाबाद जिल्ह्यातील उस्मानाबाद तालुक्यातील एक गाव आहे.,mr:सांजा (उस्मानाबाद),https://mr.wikipedia.org/wiki/सांजा_(उस्मानाबाद)
Marathi,दिव्या गोकुलनाथ ह्या एक भारतीय उद्योजक आणि शिक्षणतज्ञ आहेत.,mr:दिव्या गोकुळनाथ,https://mr.wikipedia.org/wiki/दिव्या_गोकुळनाथ
Marathi,ज्या बायजू या शैक्षणिक तंत्रज्ञान कंपनीच्या सह-संस्थापक आणि संचालक आहेत.,mr:दिव्या गोकुळनाथ,https://mr.wikipedia.org/wiki/दिव्या_गोकुळनाथ
Marathi,"सहकारी मनोरंजन मंडळ ही परळ येथील एक नाट्यसंस्था आहे' सन १९२० च्या काळात परळ-पोयबावाडी ह्या भागात माडांच्या वाड्या, दारूचे गुत्ते, जुगारांचे अड्डे, तमाशाची थिएटरे होती.",mr:सहकारी मनोरंजन मंडळ,https://mr.wikipedia.org/wiki/सहकारी_मनोरंजन_मंडळ
Marathi,यांच्या विळख्यात बहुजन समाज गुरफटून गेला होता.,mr:सहकारी मनोरंजन मंडळ,https://mr.wikipedia.org/wiki/सहकारी_मनोरंजन_मंडळ
Marathi,दिवसभर कष्ट करणाऱ्या कामगारांचे जीवन सुखी होण्यासाठी जिवाला काहीतरी करमणूक पाहिजे होती.,mr:सहकारी मनोरंजन मंडळ,https://mr.wikipedia.org/wiki/सहकारी_मनोरंजन_मंडळ
Marathi,ती ज्या दर्जाची असेल त्याप्रमाणे समाजाची वृत्ती बनत असते.,mr:सहकारी मनोरंजन मंडळ,https://mr.wikipedia.org/wiki/सहकारी_मनोरंजन_मंडळ
Marathi,नीमच शहराविषयीचा लेख येथे आहे.,mr:नीमच जिल्हा,https://mr.wikipedia.org/wiki/नीमच_जिल्हा
Marathi,नीमच जिल्हा भारतातील मध्य प्रदेश राज्यातील एक जिल्हा आहे.,mr:नीमच जिल्हा,https://mr.wikipedia.org/wiki/नीमच_जिल्हा
Marathi,"सम्राट निंको (जपानी:仁孝天皇) (मार्च १६, इ.स.",mr:निंको,https://mr.wikipedia.org/wiki/निंको
Marathi,"क्वेंटिन जेरोम टारान्टिनो (इंग्लिश: Quentin Jerome Tarantino, २७ मार्च, इ.स.",mr:क्वेंटिन टारान्टिनो,https://mr.wikipedia.org/wiki/क्वेंटिन_टारान्टिनो
Marathi,"१९६३, नॉक्सव्हिल, टेनेसी) हा एक अमेरिकन चित्रपट दिग्दर्शक, निर्माता, पटकथाकार आणि अभिनेता आहे.",mr:क्वेंटिन टारान्टिनो,https://mr.wikipedia.org/wiki/क्वेंटिन_टारान्टिनो
Marathi,"रिझरव्हॉयर डॉग्स, पल्प फिक्शन, किल बिल भाग १, किल बिल भाग २, इनग्लोरियस बास्टर्ड्स आणि जॅंगो अनचेन्ड हे टारान्टिनोच्या अनेक प्रसिद्ध चित्रपटांपैकी काही आहेत.",mr:क्वेंटिन टारान्टिनो,https://mr.wikipedia.org/wiki/क्वेंटिन_टारान्टिनो
Marathi,सन १९९८पासून शुभांगी भडभडे यांची पद्मगंधा प्रतिष्ठान ही संस्था दरवर्षी महिला नाट्य महोत्सव भरवते.,mr:लेखिका नाट्य महोत्सव,https://mr.wikipedia.org/wiki/लेखिका_नाट्य_महोत्सव
Marathi,"२०१२ साली भरलेल्या या नाट्यमहोत्सवात वर्षा देशपांडे लिखित 'दुर्गे दुर्घट भारी', विजया ब्राह्मणकर लिखित 'सोनेरीसांज' आणि सुनंदा साठे लिखित 'एकटा जीव सदाशिव' या नाटकांनी प्रेक्षकांची दाद मिळविली होती.",mr:लेखिका नाट्य महोत्सव,https://mr.wikipedia.org/wiki/लेखिका_नाट्य_महोत्सव
Marathi,खारॉन (खारोन) हा प्लूटोच्या ३ उपग्रहातील एक आहे.,mr:खारॉन (उपग्रह),https://mr.wikipedia.org/wiki/खारॉन_(उपग्रह)
Marathi,याचा शोध १९७८ साली James Christy यांनी लावला.,mr:खारॉन (उपग्रह),https://mr.wikipedia.org/wiki/खारॉन_(उपग्रह)
Marathi,"मरी फ्रांसेस मोराली (२६ जून, १९७१:केंट, इंग्लंड - हयात) ही इंग्लंडच्या महिला क्रिकेट संघाकडून १९९१ मध्ये ३ महिला आंतरराष्ट्रीय एकदिवसीय सामने खेळलेली क्रिकेट खेळाडू आहे.",mr:मरी मोराली,https://mr.wikipedia.org/wiki/मरी_मोराली
Marathi,"रेश्मा माने (जन्म ७ जुलै १९९८ कोल्हापूर , महाराष्ट्र) एक भारतीय महिला कुस्तीगीर आहे.",mr:रेश्मा माने,https://mr.wikipedia.org/wiki/रेश्मा_माने
Marathi,ती फ्रीस्टाइल कुस्तीच्या ६२ किलो गटात स्पर्धा करते.,mr:रेश्मा माने,https://mr.wikipedia.org/wiki/रेश्मा_माने
Marathi,"मेहदी हसन खान (उर्दू : مہدی حسن خان ‎‎; जुलै १८, इ.स.",mr:मेहदी हसन,https://mr.wikipedia.org/wiki/मेहदी_हसन
Marathi,२०१२) हा पाकिस्तानी गझलगायक आणि लॉलिवूडचा भूतपूर्व पार्श्वगायक होता.,mr:मेहदी हसन,https://mr.wikipedia.org/wiki/मेहदी_हसन
Marathi,"""गझलसम्राट"" म्हणून तो प्रसिद्ध आहे.",mr:मेहदी हसन,https://mr.wikipedia.org/wiki/मेहदी_हसन
Marathi,सेहगल संगीत शहेनशहा पुरस्कार दिला होता.,mr:मेहदी हसन,https://mr.wikipedia.org/wiki/मेहदी_हसन
Marathi,गुरसाळे हे भारतातील महाराष्ट्र राज्यातील सोलापूर जिल्ह्यातील पंढरपूर तालुक्यातील एक गाव आहे.,mr:गुरसाळे (पंढरपूर),https://mr.wikipedia.org/wiki/गुरसाळे_(पंढरपूर)
Marathi,१९८४) हे इजिप्तचे पहिले राष्ट्राध्यक्ष होते.,mr:मुहम्मद नागिब,https://mr.wikipedia.org/wiki/मुहम्मद_नागिब
Marathi,गमाल आब्देल नासर आणि नागिब हे इजिप्तच्या क्रांतीचे मुख्य नेते होते.,mr:मुहम्मद नागिब,https://mr.wikipedia.org/wiki/मुहम्मद_नागिब
Marathi,देनिस मुक्वैगी हे व्यवसायाने डॉक्टर असून सामाजिक कार्यकर्तेही आहेत.,mr:देनिस मुक्वैगी,https://mr.wikipedia.org/wiki/देनिस_मुक्वैगी
Marathi,युद्धकाळात बलात्कार झालेल्या स्त्रियांवर उपचार करण्याचे कार्य ते करत असतात.,mr:देनिस मुक्वैगी,https://mr.wikipedia.org/wiki/देनिस_मुक्वैगी
Marathi,"जॉन ब्रायन इव्हरसन (२७ जुलै १९१५ - २३ ऑक्टोबर १९७३), एक ऑस्ट्रेलियन क्रिकेट खेळाडू होता जो १९५० ते १९५१ पर्यंत पाच कसोटी सामने खेळला.",mr:जॅक आयव्हरसन,https://mr.wikipedia.org/wiki/जॅक_आयव्हरसन
Marathi,श्वेता सेहरावत (जन्म २६ फेब्रुवारी २००४) ही एक भारतीय महिला क्रिकेट खेळाडू आहे जी सध्या दिल्ली महिला क्रिकेट संघाकडून खेळते.,mr:श्वेता सेहरावत,https://mr.wikipedia.org/wiki/श्वेता_सेहरावत
Marathi,धोंडवीरनगर हे भारताच्या महाराष्ट्र राज्यातील नाशिक जिल्ह्यातील सिन्नर तालुक्यातील एक गाव आहे.,mr:धोंडवीरनगर,https://mr.wikipedia.org/wiki/धोंडवीरनगर
Marathi,हम हैं राही प्यार के हा १९९१ साली प्रदर्शित झालेला एक हिंदी चित्रपट आहे.,mr:हम हैं राही प्यार के,https://mr.wikipedia.org/wiki/हम_हैं_राही_प्यार_के
Marathi,महेश भट्टचे दिग्दर्शन असलेल्या व १९५८ सालच्या हाउसबोट ह्या हॉलिवूड चित्रपटापासून प्रेरणा घेतला गेलेल्या ह्या चित्रपटामध्ये आमिर खान व जुही चावला ह्यांच्या प्रमुख भूमिका आहेत.,mr:हम हैं राही प्यार के,https://mr.wikipedia.org/wiki/हम_हैं_राही_प्यार_के
Marathi,पूर्णपणे कौटुंबिक व विनोदी कथानक असलेला हा चित्रपट तिकीट खिडकीवर यशस्वी ठरला व त्याला अनेक पुरस्कार मिळाले.,mr:हम हैं राही प्यार के,https://mr.wikipedia.org/wiki/हम_हैं_राही_प्यार_के
Marathi,शिंदेवाडी हे भारतातील महाराष्ट्र राज्यातील सातारा जिल्ह्यातील खटाव तालुक्यातील एक गाव आहे.,mr:शिंदेवाडी (खटाव),https://mr.wikipedia.org/wiki/शिंदेवाडी_(खटाव)
Marathi,२०११ च्या जनगणनेनुसार या गावाचा सेन्सस कोड ५६३४७१ असून या लेखातील माहिती या जनगणनेवर आधारित आहे.,mr:शिंदेवाडी (खटाव),https://mr.wikipedia.org/wiki/शिंदेवाडी_(खटाव)
Marathi,या गावाचे क्षेत्र ७९९.०१ हेक्टर असून येथील लोकसंख्या ६६२ आहे.,mr:शिंदेवाडी (खटाव),https://mr.wikipedia.org/wiki/शिंदेवाडी_(खटाव)
Marathi,जोधपूर लोकसभा मतदारसंघ हा भारत देशाच्या ५४३ लोकसभा मतदारसंघांपैकी एक आहे.,mr:जोधपूर लोकसभा मतदारसंघ,https://mr.wikipedia.org/wiki/जोधपूर_लोकसभा_मतदारसंघ
Marathi,हा मतदारसंघ राजस्थान राज्यातील जोधपूर शहरात स्थित असून येथील सात विधानसभा मतदारसंघ जोधपूर जिल्ह्यात तर उर्वरित एक जैसलमेर जिल्ह्यात आहेत.,mr:जोधपूर लोकसभा मतदारसंघ,https://mr.wikipedia.org/wiki/जोधपूर_लोकसभा_मतदारसंघ
Marathi,आसोळे हे भारतातील महाराष्ट्र राज्यातील ठाणे जिल्ह्यातील मुरबाड तालुक्यातील एक गाव आहे.,mr:आसोळे,https://mr.wikipedia.org/wiki/आसोळे
Marathi,"एखाद्या व्यक्ती किंवा कुटुंबाच्या ऐवजी व्यवसाय, शासन किंवा इतर संस्थेच्या मालकीच्या किंवा भाड्याने घेतलेल्या मोटर वाहनांच्या गटांसाठी जबाबदार असणाऱ्या कंपनीला ताफा परिचालक म्हणतात.",mr:ताफा परिचालक,https://mr.wikipedia.org/wiki/ताफा_परिचालक
Marathi,ताफा परिचालक एक प्लॅटफॉर्म किंवा सेवा आहे जी एकाधिक वैयक्तिक वाहने किंवा वाहतूक पुरवठादारांना एकाच छत्राखाली एकत्र आणते.,mr:ताफा परिचालक,https://mr.wikipedia.org/wiki/ताफा_परिचालक
Marathi,"हे ग्राहक आणि सेवा प्रदाते यांच्यात मध्यस्थ म्हणून काम करते, विविध प्रकारच्या परिवहन सेवांचे आरक्षण आणि व्यवस्थापन करण्यासाठी एकत्रित व्यासपीठ देते.",mr:ताफा परिचालक,https://mr.wikipedia.org/wiki/ताफा_परिचालक
Marathi,"फ्लीट एग्रीगेटर सामान्यतः राइड-हेलिंग उद्योगात पाहिले जातात, जेथे ते मागणीनुसार वाहतूक सेवा प्रदान करण्यासाठी स्वतंत्र ड्रायव्हर्स किंवा कार भाड्याने देणाऱ्या कंपन्यांशी भागीदारी करतात.",mr:ताफा परिचालक,https://mr.wikipedia.org/wiki/ताफा_परिचालक
Marathi,विजय शंकर ( २६ जानेवारी १९९१) हा तमिळनाडू क्रिकेट संघ कडून खेळणारा भारतीय अष्टपैलू क्रिकेट खेळाडू आहे.,mr:विजय शंकर,https://mr.wikipedia.org/wiki/विजय_शंकर
Marathi,विजय हा उजखोरा फलंदाज असून तो मध्यम गतीने गोलंदाजी करतो.,mr:विजय शंकर,https://mr.wikipedia.org/wiki/विजय_शंकर
Marathi,इंडियन प्रीमियर लीग मध्ये तो चेन्नई सुपर किंग्स कडून १ सामना तर सनरायझर्स हैदराबाद कडून ४ सामने खेळला आहे.,mr:विजय शंकर,https://mr.wikipedia.org/wiki/विजय_शंकर
Marathi,कडाव हे भारतातील महाराष्ट्र राज्यातील मध्य कोकणातील रायगड जिल्ह्यातील कर्जत तालुक्यातील एक गाव आहे.,mr:कडाव (कर्जत),https://mr.wikipedia.org/wiki/कडाव_(कर्जत)
Marathi,ऑटॉगा काउंटी ही अमेरिकेच्या अलाबामा राज्यातील ६७ पैकी एक काउंटी आहे.,mr:ऑटॉगा काउंटी (अलाबामा),https://mr.wikipedia.org/wiki/ऑटॉगा_काउंटी_(अलाबामा)
Marathi,याचे प्रशासकीय केन्द्र प्रॅटव्हिल येथे आहे.,mr:ऑटॉगा काउंटी (अलाबामा),https://mr.wikipedia.org/wiki/ऑटॉगा_काउंटी_(अलाबामा)
Marathi,"२०२० च्या जनगणनेनुसार येथील लोकसंख्या ५८,८०५ इतकी होती.",mr:ऑटॉगा काउंटी (अलाबामा),https://mr.wikipedia.org/wiki/ऑटॉगा_काउंटी_(अलाबामा)
Marathi,ऑटॉगा काउंटी माँटगोमरी महानगरक्षेत्राचा भाग आहे.,mr:ऑटॉगा काउंटी (अलाबामा),https://mr.wikipedia.org/wiki/ऑटॉगा_काउंटी_(अलाबामा)
Marathi,"मॉर्गन काउंटी, मिसूरी ही अमेरिकेच्या मिसूरी राज्यातील ११४ पैकी एक काउंटी आहे.","mr:मॉर्गन काउंटी, मिसूरी","https://mr.wikipedia.org/wiki/मॉर्गन_काउंटी,_मिसूरी"
Marathi,याचे प्रशासकीय केन्द्र येथे आहे.,"mr:मॉर्गन काउंटी, मिसूरी","https://mr.wikipedia.org/wiki/मॉर्गन_काउंटी,_मिसूरी"
Marathi,२०२० च्या जनगणनेनुसार येथील लोकसंख्या इतकी होती.,"mr:मॉर्गन काउंटी, मिसूरी","https://mr.wikipedia.org/wiki/मॉर्गन_काउंटी,_मिसूरी"
Marathi,"मॉर्गन काउंटी, मिसूरी काउंटीची रचना रोजी झाली.","mr:मॉर्गन काउंटी, मिसूरी","https://mr.wikipedia.org/wiki/मॉर्गन_काउंटी,_मिसूरी"
Marathi,"अर्विन ब्रुस मॅकस्वीनी ( ८ मार्च १९५७, वेलिंग्टन) हा न्यू झीलँडचा क्रिकेट खेळाडू आहे.",mr:अर्विन मॅकस्वीनी,https://mr.wikipedia.org/wiki/अर्विन_मॅकस्वीनी
Marathi,त्याने १९८० च्या दशकात रिचर्ड हॅडलीच्या क्रिकेट संघातून १६ आंतरराष्ट्रीय एकदिवसीय सामने खेळले.त्यात तो यष्टीरक्षक व फलंदाज राहिला.त्याने कधीही कसोटी सामने खेळले नाहीत.,mr:अर्विन मॅकस्वीनी,https://mr.wikipedia.org/wiki/अर्विन_मॅकस्वीनी
Marathi,चितळी हे महाराष्ट्राच्या सातारा जिल्ह्यातील खटाव तालुक्यातील एक गाव आहे.,mr:चितळी (खटाव),https://mr.wikipedia.org/wiki/चितळी_(खटाव)
Marathi,२०११ च्या जनगणनेनुसार या गावाचा सेन्सस कोड ५६३५७४ असून या लेखातील माहिती या जनगणनेवर आधारित आहे.,mr:चितळी (खटाव),https://mr.wikipedia.org/wiki/चितळी_(खटाव)
Marathi,या गावाचे क्षेत्र ७९९.०१ हेक्टर असून येथील लोकसंख्या ५८०२ आहे.,mr:चितळी (खटाव),https://mr.wikipedia.org/wiki/चितळी_(खटाव)
Marathi,तथा व्हितोरिया दे गिमार्येस हा पोर्तुगालच्या गिमार्येस शहरातील व्यावसायिक फुटबॉल क्लब आहे.,mr:व्हितोरिया एस.सी.,https://mr.wikipedia.org/wiki/व्हितोरिया_एस.सी.
Marathi,"पुलित्झर पुरस्कार हा वृत्तपत्रीय सदरलिखाण, वाङ्मय आणि सांगीतिक रचनेसाठी दिला जातो.",mr:पुलित्झर पुरस्कार,https://mr.wikipedia.org/wiki/पुलित्झर_पुरस्कार
Marathi,१९१७ साली अमेरिकन प्रकाशक जोसेफ पुलित्झर याने हा पुरस्कार सुरू केला.अमेरिकेच्या न्यू यॉर्क शहरातील कोलंबिया विद्यापीठाकडे या पुरस्काराचे व्यवस्थापन आहे.,mr:पुलित्झर पुरस्कार,https://mr.wikipedia.org/wiki/पुलित्झर_पुरस्कार
Marathi,दरवर्षी २१ प्रकारच्या साहित्याला हा पुरस्कार दिला जातो.,mr:पुलित्झर पुरस्कार,https://mr.wikipedia.org/wiki/पुलित्झर_पुरस्कार
Marathi,दहा हजार डॉलर रोख आणि प्रशस्तिपत्र असे या पुरस्काराचे स्वरूप आहे.,mr:पुलित्झर पुरस्कार,https://mr.wikipedia.org/wiki/पुलित्झर_पुरस्कार
Marathi,पेरियार नदी (अर्थ: मोठी नदी ) ही भारतातील केरळ राज्यातील सर्वात लांब आणि सर्वाधिक विसर्ग क्षमता असलेली नदी आहे.,mr:पेरियार नदी,https://mr.wikipedia.org/wiki/पेरियार_नदी
Marathi,ही या प्रदेशातील काही बारमाही वाहणाऱ्या नद्यांपैकी एक आहे आणि अनेक प्रमुख शहरांना पिण्याचे पाणी पुरवते.,mr:पेरियार नदी,https://mr.wikipedia.org/wiki/पेरियार_नदी
Marathi,केरळच्या अर्थव्यवस्थेसाठी पेरियार ही अत्यंत महत्त्वाची आहे.,mr:पेरियार नदी,https://mr.wikipedia.org/wiki/पेरियार_नदी
Marathi,केरळच्या विद्युत उर्जेचा मोठा भाग इडुक्की धरणातून निर्माण होतो आणि औद्योगिक आणि व्यावसायिक क्रियाकलापांच्या प्रदेशातून वाहतो.,mr:पेरियार नदी,https://mr.wikipedia.org/wiki/पेरियार_नदी
Marathi,युक्लिड (Euclid) ऊर्फ युक्लिड ऑफ अलेक्झांड्रिया हे इ.स.पू.,mr:युक्लिड,https://mr.wikipedia.org/wiki/युक्लिड
Marathi,३३० ते २७५ च्या काळातील ग्रीक गणितज्ञ होते.,mr:युक्लिड,https://mr.wikipedia.org/wiki/युक्लिड
Marathi,त्यांना भूमितीचा जनक असेही म्हणले जाते.,mr:युक्लिड,https://mr.wikipedia.org/wiki/युक्लिड
Marathi,एक नामवंत गणिती म्हणून युक्लिड यांचे नाव गणिताच्या क्षेत्रात प्रामुख्याने भूमितीच्या संदर्भात अजरामर आहे.,mr:युक्लिड,https://mr.wikipedia.org/wiki/युक्लिड
Marathi,नथुराम अहिरवार ( १ जुलै १९२३- ५ डिसेंबर २०१३) हे भारतीय राजकारणी होते.ते भारतीय राष्ट्रीय काँग्रेस पक्षाचे उमेदवार म्हणून १९६७ आणि १९७१च्या लोकसभा निवडणुकांमध्ये मध्य प्रदेश राज्यातील टिकमगढ लोकसभा मतदारसंघातून लोकसभेवर निवडून गेले.,mr:नथुराम अहिरवार,https://mr.wikipedia.org/wiki/नथुराम_अहिरवार
Marathi,"हार्डिन काउंटी, टेक्सास ही अमेरिकेच्या टेक्सास राज्यातील २५४ पैकी एक काउंटी आहे.","mr:हार्डिन काउंटी, टेक्सास","https://mr.wikipedia.org/wiki/हार्डिन_काउंटी,_टेक्सास"
Marathi,याचे प्रशासकीय केन्द्र येथे आहे.,"mr:हार्डिन काउंटी, टेक्सास","https://mr.wikipedia.org/wiki/हार्डिन_काउंटी,_टेक्सास"
Marathi,२०२० च्या जनगणनेनुसार येथील लोकसंख्या इतकी होती.,"mr:हार्डिन काउंटी, टेक्सास","https://mr.wikipedia.org/wiki/हार्डिन_काउंटी,_टेक्सास"
Marathi,"हार्डिन काउंटी, टेक्सासची रचना रोजी झाली.","mr:हार्डिन काउंटी, टेक्सास","https://mr.wikipedia.org/wiki/हार्डिन_काउंटी,_टेक्सास"
Marathi,"सुषमा वर्मा (३ नोव्हेंबर, १९९२:शिमला, हिमाचल प्रदेश, भारत - ) ही भारताकडून १ कसोटी, ७ एकदिवसीय तसेच १५ टी२० सामने खेळलेली क्रिकेट खेळाडू आहे.",mr:सुषमा वर्मा,https://mr.wikipedia.org/wiki/सुषमा_वर्मा
Marathi,"२५०) हे भारतीय तत्त्ववेत्ते, खगोलशास्त्रज्ञ, खनिजशास्त्रज्ञ, रसायनशास्त्रज्ञ, वैद्य, शून्यवादाचे उद्गाते व विद्वान बौद्ध भिक्खू होते.",mr:नागार्जुन,https://mr.wikipedia.org/wiki/नागार्जुन
Marathi,ते महायान बौद्ध पंथाचे एक संघटक होते.,mr:नागार्जुन,https://mr.wikipedia.org/wiki/नागार्जुन
Marathi,नागार्जुन हे प्रख्यात बौद्ध आचार्य तसेच बोधिसत्त्व सुद्धा होते.,mr:नागार्जुन,https://mr.wikipedia.org/wiki/नागार्जुन
Marathi,ते एक तांत्रिक होते असे भारतीय व तिबेटी परंपरा सांगतात.,mr:नागार्जुन,https://mr.wikipedia.org/wiki/नागार्जुन
Marathi,ही फिजीच्या ट्वेंटी-२० आंतरराष्ट्रीय क्रिकेट खेळाडूंची यादी आहे.,mr:फिजीच्या ट्वेंटी-२० आंतरराष्ट्रीय क्रिकेट खेळाडूंची यादी,https://mr.wikipedia.org/wiki/फिजीच्या_ट्वेंटी-२०_आंतरराष्ट्रीय_क्रिकेट_खेळाडूंची_यादी
Marathi,"एप्रिल २०१८ मध्ये, आयसीसीने त्याच्या सर्व सदस्यांना पूर्ण ट्वेंटी-२० आंतरराष्ट्रीय (टी२०आ) दर्जा देण्याचा निर्णय घेतला.",mr:फिजीच्या ट्वेंटी-२० आंतरराष्ट्रीय क्रिकेट खेळाडूंची यादी,https://mr.wikipedia.org/wiki/फिजीच्या_ट्वेंटी-२०_आंतरराष्ट्रीय_क्रिकेट_खेळाडूंची_यादी
Marathi,"त्यामुळे, १ जानेवारी २०१९ नंतर फिजी आणि इतर आयसीसी सदस्यांमध्ये खेळलेले सर्व ट्वेंटी-२० सामने टी२०आ दर्जा मिळण्यास पात्र असतील.",mr:फिजीच्या ट्वेंटी-२० आंतरराष्ट्रीय क्रिकेट खेळाडूंची यादी,https://mr.wikipedia.org/wiki/फिजीच्या_ट्वेंटी-२०_आंतरराष्ट्रीय_क्रिकेट_खेळाडूंची_यादी
Marathi,या यादीमध्ये फिजी क्रिकेट संघातील सर्व सदस्यांचा समावेश आहे ज्यांनी किमान एक टी२०आ सामना खेळला आहे.,mr:फिजीच्या ट्वेंटी-२० आंतरराष्ट्रीय क्रिकेट खेळाडूंची यादी,https://mr.wikipedia.org/wiki/फिजीच्या_ट्वेंटी-२०_आंतरराष्ट्रीय_क्रिकेट_खेळाडूंची_यादी
Marathi,पूजा सावंत ही एक भारतीय सिने-अभिनेत्री आहे.,mr:पूजा सावंत,https://mr.wikipedia.org/wiki/पूजा_सावंत
Marathi,प्रामुख्याने मराठी सिनेमामध्ये कार्यरत असणाऱ्या पूजाने २०१० सालच्या क्षणभर विश्रांती ह्या चित्रपटाद्वारे अभिनय कारकिर्दीची सुरुवात केली.,mr:पूजा सावंत,https://mr.wikipedia.org/wiki/पूजा_सावंत
Marathi,तेव्हापासून तिने अनेक चित्रपटांमध्ये भूमिका केल्या आहेत.,mr:पूजा सावंत,https://mr.wikipedia.org/wiki/पूजा_सावंत
Marathi,"कावेरी, कल्याणी तथा कावेरी कल्याणी मुरलीधरन ही दक्षिण भारतीय चित्रपटांतून अभिनय करणारी अभिनेत्री आहे.",mr:कावेरी (अभिनेत्री),https://mr.wikipedia.org/wiki/कावेरी_(अभिनेत्री)
Marathi,हिने अम्मानम किली मल्याळी चित्रपटातून बालकलाकार म्हणून पदार्पण केले होते.,mr:कावेरी (अभिनेत्री),https://mr.wikipedia.org/wiki/कावेरी_(अभिनेत्री)
Marathi,दुष्यंत सिंग (जन्म ११ सप्टेंबर १९७३) हे एक भारतीय राजकारणी उद्योगपती आणि धौलपूर संस्थानातील शाही कुटुंबचे सदस्य आहे.,mr:दुष्यंत सिंह,https://mr.wikipedia.org/wiki/दुष्यंत_सिंह
Marathi,ते लोकसभेत झालावाड-बरानसाठी खासदार म्हणून काम करत आहे.,mr:दुष्यंत सिंह,https://mr.wikipedia.org/wiki/दुष्यंत_सिंह
Marathi,ते चार वेळा निवडून आले आहेत आणि ते भारतीय जनता पक्षाचे सदस्य आहेत.,mr:दुष्यंत सिंह,https://mr.wikipedia.org/wiki/दुष्यंत_सिंह
French,Carrão est un district situé à la zone est de la ville de São Paulo appartenant à la sous-préfecture d'Aricanduva.,fr:Carrão,https://fr.wikipedia.org/wiki/Carrão
French,"Le district est souvent appelé ""Vila Carrão"", qui est en fait le nom d'un des quartiers du district.",fr:Carrão,https://fr.wikipedia.org/wiki/Carrão
French,Le district se prépare à un important développement d'appartements haut de gamme.,fr:Carrão,https://fr.wikipedia.org/wiki/Carrão
French,Les Éditions Ex Æquo sont une maison d'édition française à compte d'éditeur fondée en 2009 par Laurence Schwalm.,fr:Éditions Ex Æquo,https://fr.wikipedia.org/wiki/Éditions_Ex_Æquo
French,"La maison compte aujourd'hui plus de 480 titres au catalogue, répartis dans une dizaine de collections.",fr:Éditions Ex Æquo,https://fr.wikipedia.org/wiki/Éditions_Ex_Æquo
French,"Mary Roach, née le 20 mars 1959, est une écrivaine américaine spécialisée dans la vulgarisation scientifique et l'humour.",fr:Mary Roach,https://fr.wikipedia.org/wiki/Mary_Roach
French,Roach est connue pour sa curiosité et son humour en plus de ses recherches.,fr:Mary Roach,https://fr.wikipedia.org/wiki/Mary_Roach
French,"Ses nombreux articles humoristiques dans diverses publications au cours des décennies comprennent sa chronique mensuelle sur l’humour, « My Planet », dans le Reader's Digest.",fr:Mary Roach,https://fr.wikipedia.org/wiki/Mary_Roach
French,"La Chapelle de la Résurrection (en néerlandais : Verrijzeniskapel), également appelée Chapelle pour l'Europe (Europakapel), est un édifice religieux catholique à vocation œcuménique située 24 rue van Maerlant, au cœur du quartier européen de Bruxelles.",fr:Chapelle de la Résurrection à Bruxelles,https://fr.wikipedia.org/wiki/Chapelle_de_la_Résurrection_à_Bruxelles
French,Ancienne chapelle d'un couvent de religieuses contemplatives l'édifice fut restauré et rouvert en 2001 comme lieu œcuménique européen.,fr:Chapelle de la Résurrection à Bruxelles,https://fr.wikipedia.org/wiki/Chapelle_de_la_Résurrection_à_Bruxelles
French,"Culte et activités sont célébrés en plusieurs langues, mais principalement en anglais et français.",fr:Chapelle de la Résurrection à Bruxelles,https://fr.wikipedia.org/wiki/Chapelle_de_la_Résurrection_à_Bruxelles
French,La responsabilité pastorale de la Chapelle est confiée aux Jésuites.,fr:Chapelle de la Résurrection à Bruxelles,https://fr.wikipedia.org/wiki/Chapelle_de_la_Résurrection_à_Bruxelles
French,"Le pont-aqueduc de la Canaù (ou aqueduc de la Canaou) est un ouvrage du canal Saint-Julien, permettant à celui-ci de franchir la rivière le Coulon, près de Cavaillon, département français du Vaucluse.",fr:Pont-aqueduc de la Canaù (Cavaillon),https://fr.wikipedia.org/wiki/Pont-aqueduc_de_la_Canaù_(Cavaillon)
French,Sa conception technique est unique en Europe.,fr:Pont-aqueduc de la Canaù (Cavaillon),https://fr.wikipedia.org/wiki/Pont-aqueduc_de_la_Canaù_(Cavaillon)
French,"Jyotirindranath Tagore, né le 4 mai 1849 à Calcutta et mort le 4 mars 1925 à Ranchi, est un dramaturge, éditeur, traducteur, peintre et musicien bengali.",fr:Jyotirindranath Tagore,https://fr.wikipedia.org/wiki/Jyotirindranath_Tagore
French,"Il joua un rôle crucial dans l'éclosion de son frère, Rabindranath Tagore, le premier non-européen à remporter un prix Nobel.",fr:Jyotirindranath Tagore,https://fr.wikipedia.org/wiki/Jyotirindranath_Tagore
French,"Le diocèse de Santarém (latin : Dioecesis Santaremensis in Lusitania) est un diocèse de l'Église catholique au Portugal, suffragant du patriarcat de Lisbonne.",fr:Diocèse de Santarém (Portugal),https://fr.wikipedia.org/wiki/Diocèse_de_Santarém_(Portugal)
French,Il est gouverné par l'évêque José Augusto Traquina Maria.,fr:Diocèse de Santarém (Portugal),https://fr.wikipedia.org/wiki/Diocèse_de_Santarém_(Portugal)
French,"Camp Wood est une ville située au sud-ouest du comté de Real, au Texas, aux États-Unis.",fr:Camp Wood,https://fr.wikipedia.org/wiki/Camp_Wood
French,"Iron Harvest est un jeu vidéo de stratégie en temps réel de style dieselpunk, développé par King Art Games et édité par Deep Silver.",fr:Iron Harvest,https://fr.wikipedia.org/wiki/Iron_Harvest
French,"Le jeu est sorti sur Microsoft Windows, PlayStation 4 et Xbox One le 1er septembre 2020.",fr:Iron Harvest,https://fr.wikipedia.org/wiki/Iron_Harvest
French,L' Hotel Emisia Sapporo (ホテルエミシア札幌)) est un gratte-ciel construit à Sapporo en 1996 dans le nord du Japon.,fr:Hotel Emisia Sapporo,https://fr.wikipedia.org/wiki/Hotel_Emisia_Sapporo
French,Il mesure 114 mètres de hauteur pour 32 étages.,fr:Hotel Emisia Sapporo,https://fr.wikipedia.org/wiki/Hotel_Emisia_Sapporo
French,C'est le plus ancien gratte-ciel de Sapporo.,fr:Hotel Emisia Sapporo,https://fr.wikipedia.org/wiki/Hotel_Emisia_Sapporo
French,La surface de plancher de l'immeuble est de 42 000 m2.,fr:Hotel Emisia Sapporo,https://fr.wikipedia.org/wiki/Hotel_Emisia_Sapporo
French,La 180e division de fusiliers motorisés est une division d'infanterie mécanisée de l'Armée soviétique.,fr:180e division de fusiliers motorisés,https://fr.wikipedia.org/wiki/180e_division_de_fusiliers_motorisés
French,"Formée en juin 1942 sous le nom de 180e division de fusiliers, elle combat pendant la Seconde Guerre mondiale contre les Allemands.",fr:180e division de fusiliers motorisés,https://fr.wikipedia.org/wiki/180e_division_de_fusiliers_motorisés
French,"La division devint brièvement la 14e division de fusiliers en 1955, puis la 88e division de fusiliers motorisés en 1957, mais redevient la 180e division de fusiliers motorisés en 1965 et resta sous ce titre jusque dans les années 1990.",fr:180e division de fusiliers motorisés,https://fr.wikipedia.org/wiki/180e_division_de_fusiliers_motorisés
French,"Après 1992, elle est devenue la 27e brigade mécanisée ukrainienne, elle-même dissoute en 2004.",fr:180e division de fusiliers motorisés,https://fr.wikipedia.org/wiki/180e_division_de_fusiliers_motorisés
French,Les Mémoires pour servir à l'histoire des insectes sont une collection d'ouvrages entomologiques écrits par le physicien et naturaliste français René-Antoine Ferchault de Réaumur.,fr:Mémoires pour servir à l'histoire des insectes,https://fr.wikipedia.org/wiki/Mémoires_pour_servir_à_l'histoire_des_insectes
French,"Ma Yanhong, née le 5 juillet 1963 à Pékin (Chine), est une gymnaste artistique chinoise.",fr:Ma Yanhong,https://fr.wikipedia.org/wiki/Ma_Yanhong
French,Paul Aïzpiri né le 14 mai 1919 à Paris et mort dans la même ville le 22 janvier 2016 est un peintre et lithographe français.,fr:Paul Aïzpiri,https://fr.wikipedia.org/wiki/Paul_Aïzpiri
French,Il est rattaché au courant de la Jeune Peinture de l'École de Paris.,fr:Paul Aïzpiri,https://fr.wikipedia.org/wiki/Paul_Aïzpiri
French,"Robert Alan Deal, plus connu sous le pseudonyme de Mick Mars, né le 4 mai 1951 à Terre Haute (Indiana), était le guitariste principal du groupe de hard rock Mötley Crüe.",fr:Mick Mars,https://fr.wikipedia.org/wiki/Mick_Mars
French,Dernier Recours est un épisode de la série télévisée Stargate Atlantis.,fr:Dernier Recours (Stargate Atlantis),https://fr.wikipedia.org/wiki/Dernier_Recours_(Stargate_Atlantis)
French,C'est le second épisode de la saison 4 et le 62e épisode de la série.,fr:Dernier Recours (Stargate Atlantis),https://fr.wikipedia.org/wiki/Dernier_Recours_(Stargate_Atlantis)
French,Le Circuit FIDE 2025 est un classement organisé par la Fédération internationale des échecs (FIDE) qui sert de voie de qualification pour le tournoi des candidats de 2026.,fr:Circuit FIDE 2025,https://fr.wikipedia.org/wiki/Circuit_FIDE_2025
French,Les joueurs reçoivent des points en fonction de leurs performances dans les meilleurs tournois d'échecs qui se terminent en 2025 et qui sont reconnus par la FIDE.,fr:Circuit FIDE 2025,https://fr.wikipedia.org/wiki/Circuit_FIDE_2025
French,Le nombre de points reçus dépend de la force du tournoi.,fr:Circuit FIDE 2025,https://fr.wikipedia.org/wiki/Circuit_FIDE_2025
French,Le score final d'un joueur sur le circuit est la somme de ses sept meilleurs résultats de l'année.,fr:Circuit FIDE 2025,https://fr.wikipedia.org/wiki/Circuit_FIDE_2025
French,"Physostemon est un genre de plantes herbacées, appartenant à la famille des Cleomaceae (anciennement des Capparaceae).",fr:Physostemon,https://fr.wikipedia.org/wiki/Physostemon
French,L'espèce type est Physostemon lanceolatum Mart.,fr:Physostemon,https://fr.wikipedia.org/wiki/Physostemon
French,"Cette liste recense les barons de Vitré, qui régnèrent de 1008 jusqu'à la période révolutionnaire.",fr:Liste des barons de Vitré,https://fr.wikipedia.org/wiki/Liste_des_barons_de_Vitré
French,"Pendant ses sept siècles d'existence, la baronnie fut contrôlée successivement par quatre grandes familles : la famille de Vitré (1008-1254), la maison de Montmorency-Laval (1254-1412), celle de Montfort-Laval (1412-1605) et celle de la Trémoille-Laval (1605-1792).",fr:Liste des barons de Vitré,https://fr.wikipedia.org/wiki/Liste_des_barons_de_Vitré
French,"À celles-ci, peuvent également s'ajouter les familles des Goranton-Hervé (1135-1144), qui occupèrent brièvement Vitré sous le règne de Robert II, des Rieux-Laval (1547 - 1567) et des Coligny (1567 - 1605).",fr:Liste des barons de Vitré,https://fr.wikipedia.org/wiki/Liste_des_barons_de_Vitré
French,La Fédération néerlandaise de rugby à XV (Nederlandse Rugby Bond ou NRB) a la charge d'organiser et de développer le rugby à XV aux Pays-Bas.,fr:Fédération néerlandaise de rugby à XV,https://fr.wikipedia.org/wiki/Fédération_néerlandaise_de_rugby_à_XV
French,"Elle regroupe les fédérations régionales, les clubs, les associations, les sportifs, les entraîneurs, les arbitres, pour contribuer à la pratique et au développement du rugby à XV dans toutes les régions néerlandaises.",fr:Fédération néerlandaise de rugby à XV,https://fr.wikipedia.org/wiki/Fédération_néerlandaise_de_rugby_à_XV
French,Elle est membre de l'International Rugby Board (IRB) depuis 1988.,fr:Fédération néerlandaise de rugby à XV,https://fr.wikipedia.org/wiki/Fédération_néerlandaise_de_rugby_à_XV
French,La Fédération néerlandaise de rugby à XV a été créée en 1932.,fr:Fédération néerlandaise de rugby à XV,https://fr.wikipedia.org/wiki/Fédération_néerlandaise_de_rugby_à_XV
French,Le Ministère de la Justice est un département ministériel du Gouvernement du Mali.,fr:Ministère de la Justice (Mali),https://fr.wikipedia.org/wiki/Ministère_de_la_Justice_(Mali)
French,"Il est communément appelé ""Garde des Sceaux"".",fr:Ministère de la Justice (Mali),https://fr.wikipedia.org/wiki/Ministère_de_la_Justice_(Mali)
French,Le val des Seigneurs (en néerlandais : Herendal) est une voie de communication de Bruxelles capitale de la Belgique.,fr:Val des Seigneurs,https://fr.wikipedia.org/wiki/Val_des_Seigneurs
French,"Dušan Pešić (né le 26 avril 1955 à Kruševac) est un footballeur serbe, international yougoslave.",fr:Dušan Pešić,https://fr.wikipedia.org/wiki/Dušan_Pešić
French,Il dispute son premier match international avec la Yougoslavie le 30 mars 1980 contre la Roumanie à Belgrade.,fr:Dušan Pešić,https://fr.wikipedia.org/wiki/Dušan_Pešić
French,Dušan Pešić était un buteur opportuniste et très agile.,fr:Dušan Pešić,https://fr.wikipedia.org/wiki/Dušan_Pešić
French,"Charles Caffe, dit Karl Ditan, est un chanteur et acteur français, né le 8 juillet 1877 à Paris VIIIe et mort le 23 août 1937 à Puilboreau (Charente-Inférieure).",fr:Karl Ditan,https://fr.wikipedia.org/wiki/Karl_Ditan
French,"Le Takwin, ou science de la génération, est une discipline initiée par le savant islamique Jabir ibn Hayyan visant la génération artificielle d'êtres vivants par l'alchimie.",fr:Takwin,https://fr.wikipedia.org/wiki/Takwin
French,Derek Kelly (né le 15 mars 1964) est un acteur américain surtout connu pour son rôle dans la série télévisée New York 911.,fr:Derek Kelly,https://fr.wikipedia.org/wiki/Derek_Kelly
French,"C'est un véritable pompier de la ville de New York, ayant travaillé dans le Queens.",fr:Derek Kelly,https://fr.wikipedia.org/wiki/Derek_Kelly
French,Sa caserne fut utilisée dans la série pour tourner des scènes extérieures.,fr:Derek Kelly,https://fr.wikipedia.org/wiki/Derek_Kelly
French,"Derek est marié à une actrice de cette série, Molly Price, ils ont eu un fils ensemble né en novembre 2003.",fr:Derek Kelly,https://fr.wikipedia.org/wiki/Derek_Kelly
French,"Lonely Planet est une comédie romantique américaine réalisée par Susannah Grant, sortie le 11 octobre 2024 sur Netflix.",fr:Lonely Planet (film),https://fr.wikipedia.org/wiki/Lonely_Planet_(film)
French,"Saint-Stéphane-d'Aveto (italien : Santo Stefano d'Aveto) est une commune de la ville métropolitaine de Gênes, dans la région Ligurie, en Italie.",fr:Santo Stefano d'Aveto,https://fr.wikipedia.org/wiki/Santo_Stefano_d'Aveto
French,"Franck Michelin, né le 16 décembre 1969 à Issy-les-Moulineaux, est un historien français, professeur à l'université Teikyō (Tokyo, Japon), chercheur associé au Centre Roland Mousnier de Sorbonne Université et à l'Institut français de recherche sur le Japon à la Maison franco-japonaise.",fr:Franck Michelin,https://fr.wikipedia.org/wiki/Franck_Michelin
French,"Il est spécialiste de l’histoire des relations internationales et de celle du Japon contemporain, et notamment des questions militaires, ainsi que des relations entre l’Europe et l’Asie.",fr:Franck Michelin,https://fr.wikipedia.org/wiki/Franck_Michelin
French,Il est lauréat de la 32e édition du prix Shibusawa-Claudel et de la 1re édition du prix d’Encouragement à la recherche de l'Académie des sciences d'outre-mer (2015).,fr:Franck Michelin,https://fr.wikipedia.org/wiki/Franck_Michelin
French,"Après avoir travaillé pendant sept ans au sein de l’équipe des relations internationales de l’Université Meiji, il est, depuis 2017, professeur au département des sciences économiques de l'université Teikyô.",fr:Franck Michelin,https://fr.wikipedia.org/wiki/Franck_Michelin
French,"Camille, reine des Volsques est un opéra du compositeur français André Campra, d'abord jouée à l'Académie Royale de Musique (l'Opéra de Paris) le 9 novembre 1717.","fr:Camille, reine des Volsques","https://fr.wikipedia.org/wiki/Camille,_reine_des_Volsques"
French,Il a la forme d'une tragédie en musique en un prologue et cinq actes.,"fr:Camille, reine des Volsques","https://fr.wikipedia.org/wiki/Camille,_reine_des_Volsques"
French,"Le livret, d'Antoine Danchet, est basé sur l’Énéide de Virgile et concerne Camille, la reine des Volsques.","fr:Camille, reine des Volsques","https://fr.wikipedia.org/wiki/Camille,_reine_des_Volsques"
French,"Le Canavais (en piémontais : Canavèis, en italien : Canavese) est une région historique et géographique située dans le nord de la région du Piémont, dans la province de Turin, au nord-est de la ville de Turin au débouché de la Vallée d'Aoste.",fr:Canavais,https://fr.wikipedia.org/wiki/Canavais
French,"Le Canavais tire son nom de la ville de Cuorgnè, l’antique Canava située sur la rivière de montagne Orco.",fr:Canavais,https://fr.wikipedia.org/wiki/Canavais
French,Les habitants de cette région sont nommés ij canavzan (terme piémontais).,fr:Canavais,https://fr.wikipedia.org/wiki/Canavais
French,"Le Canavais s'étend entre l'Amphithéâtre morainique d'Ivrée, le Pô, la Stura di Lanzo et les Alpes grées, c'est-à-dire le territoire compris entre Turin et la Vallée d'Aoste.",fr:Canavais,https://fr.wikipedia.org/wiki/Canavais
French,"Jacopo Chiavistelli ou Giacomo (né le 2 juin 1621 à Florence et mort le 27 avril 1698 dans la même ville) est un peintre italien actif pendant la période baroque, principalement dans sa ville natale de Florence et spécialisé dans la quadratura et la perspective illusionniste.",fr:Jacopo Chiavistelli,https://fr.wikipedia.org/wiki/Jacopo_Chiavistelli
French,"Saint-Gerlac (en néerlandais et limbourgeois : Sint Gerlach ou Sint-Gerlach) est un hameau néerlandais d'environ 170 habitants (2005) dans la commune de Fauquemont-sur-Gueule, dans la province du Limbourg néerlandais.",fr:Saint-Gerlac,https://fr.wikipedia.org/wiki/Saint-Gerlac
French,"Toutes les deux est un long métrage canadien en langue française de Noël Mitrani, tourné au Québec en 2020.",fr:Toutes les deux (film),https://fr.wikipedia.org/wiki/Toutes_les_deux_(film)
French,"Sur le mode d'une comédie d'espionnage, le film raconte l'attirance entre deux femmes.",fr:Toutes les deux (film),https://fr.wikipedia.org/wiki/Toutes_les_deux_(film)
French,"Mohamed Berrahal, né le 21 mai 1979 à El-Harrach (Algérie), est un athlète handisport algérien, champion paralympique en 2012 à Londres.",fr:Mohamed Berrahal,https://fr.wikipedia.org/wiki/Mohamed_Berrahal
French,Le Sony Alpha 6300 (typographié α 6300) est un appareil photographique hybride expert de monture E commercialisé par Sony Alpha en mars 2016.,fr:Sony Alpha 6300,https://fr.wikipedia.org/wiki/Sony_Alpha_6300
French,Il succède à l'Alpha 6000 et apporte notamment la vidéo 4K et un « autofocus 4D ».,fr:Sony Alpha 6300,https://fr.wikipedia.org/wiki/Sony_Alpha_6300
French,Drug Discovery Today (abrégé en Drug Discov.,fr:Drug Discovery Today,https://fr.wikipedia.org/wiki/Drug_Discovery_Today
French,Today) est une revue scientifique à comité de lecture spécialisée dans le domaine de la découverte des médicaments.,fr:Drug Discovery Today,https://fr.wikipedia.org/wiki/Drug_Discovery_Today
French,"D'après le Journal Citation Reports, le facteur d'impact de ce journal était de 6,691 en 2014.",fr:Drug Discovery Today,https://fr.wikipedia.org/wiki/Drug_Discovery_Today
French,"Actuellement, la direction de publication est assurée par Steve Carney.",fr:Drug Discovery Today,https://fr.wikipedia.org/wiki/Drug_Discovery_Today
French,NGC 947 est une vaste galaxie spirale barrée située dans la constellation de la Baleine.,fr:NGC 947,https://fr.wikipedia.org/wiki/NGC_947
French,NGC 947 a été découverte par l'astronome britannique John Herschel en 1835.,fr:NGC 947,https://fr.wikipedia.org/wiki/NGC_947
French,"Berkeley Basil Moreton, 4e comte de Ducie (18 juillet 1834 - 7 août 1924), est un pair britannique et un homme politique et agriculteur en Australie.",fr:Berkeley Moreton (4e comte de Ducie),https://fr.wikipedia.org/wiki/Berkeley_Moreton_(4e_comte_de_Ducie)
French,Il est membre à la fois de l'Assemblée législative et du Conseil législatif du Queensland.,fr:Berkeley Moreton (4e comte de Ducie),https://fr.wikipedia.org/wiki/Berkeley_Moreton_(4e_comte_de_Ducie)
French,"(1119) Eubée (officiellement (1119) Euboea) est un astéroïde de la ceinture principale, découvert le 27 octobre 1927 par l'astronome allemand Karl Wilhelm Reinmuth depuis l'observatoire du Königstuhl.",fr:(1119) Eubée,https://fr.wikipedia.org/wiki/(1119)_Eubée
French,Il est découvert indépendamment deux jours plus tard par Sergueï Beljawsky depuis l'observatoire de Simeïz.,fr:(1119) Eubée,https://fr.wikipedia.org/wiki/(1119)_Eubée
French,Sa désignation provisoire était 1927 UB.,fr:(1119) Eubée,https://fr.wikipedia.org/wiki/(1119)_Eubée
French,"Il est nommé en référence à l'Eubée, île de la mer Égée.",fr:(1119) Eubée,https://fr.wikipedia.org/wiki/(1119)_Eubée
French,La Somalie est actuellement en transition et les partis politiques n'y sont pas encore institutionnalisés.,fr:Liste des partis politiques en Somalie,https://fr.wikipedia.org/wiki/Liste_des_partis_politiques_en_Somalie
French,"La plupart sont organisés sous la forme de clans ou de milices, avec un programme politique succinct.",fr:Liste des partis politiques en Somalie,https://fr.wikipedia.org/wiki/Liste_des_partis_politiques_en_Somalie
French,"Timoléon Zoé Louis Denis Maurel, né le 16 novembre 1819 à Baratier (à l'époque Barâtié) et mort le 23 juillet 1879 à Paris, est un ingénieur civil, inventeur et horloger français.",fr:Timoléon Maurel,https://fr.wikipedia.org/wiki/Timoléon_Maurel
French,"Taner Sağır, né le 13 mars 1985 à Kardzhali en Bulgarie, est un champion du monde et champion olympique d'haltérophilie turc.",fr:Taner Sağır,https://fr.wikipedia.org/wiki/Taner_Sağır
French,"Arrivé à Athènes en tant que détenteur de tous les records du monde juniors à l'âge de seulement 19 ans, il bat les records olympiques dans la catégorie des moins de 77 kg à l'arraché, à l'épaulé-jeté et total.",fr:Taner Sağır,https://fr.wikipedia.org/wiki/Taner_Sağır
French,Il est considéré comme un grand talent par les autorités.,fr:Taner Sağır,https://fr.wikipedia.org/wiki/Taner_Sağır
French,"Joseph Wasmer, né le 1er septembre 1910 à Mulhouse (Haut-Rhin) et mort le 13 avril 1995 à Mulhouse (Haut-Rhin), est un homme politique français.",fr:Joseph Wasmer,https://fr.wikipedia.org/wiki/Joseph_Wasmer
French,"L'Heure du diable (The Cleansing Hour) est un film américain réalisé par Damien LeVeck, sorti en 2019.",fr:L'Heure du diable,https://fr.wikipedia.org/wiki/L'Heure_du_diable
French,"Aurra était un groupe de soul des années 1980 originaire de Dayton dans l'Ohio, qui était composé à l'apogée de sa carrière de Curt Jones et de Starleana Young.",fr:Aurra,https://fr.wikipedia.org/wiki/Aurra
French,Ce groupe commença à se produire en 1980 sous le label Dream Records et ensuite Salsoul Records.,fr:Aurra,https://fr.wikipedia.org/wiki/Aurra
French,"Cependant, ce fut la collaboration avec le label Virgin offshoot Ten qui lui permit d'atteindre une grande notoriété avec des titres comme You and Me Tonight, alors classé 12e dans les charts anglais.",fr:Aurra,https://fr.wikipedia.org/wiki/Aurra
French,"Des plaintes d'un des anciens membres concernant le nom Aurra obligea le duo à changer le nom du groupe pour Deja, et c'est avec ce nom que le duo atteint la première moitié du Top 100 R&B avec le titre Made to Be Together, produit en 1989 avec Teddy Riley.",fr:Aurra,https://fr.wikipedia.org/wiki/Aurra
French,"La Ñusta Huillac est une cheffe inca qui s'est rebellée contre les Espagnols dans les années 1540 dans ce qui deviendra par la suite la province de Tarapacá, au Chili.",fr:Ñusta Huillac,https://fr.wikipedia.org/wiki/Ñusta_Huillac
French,Elle est surnommée « La Tirana » (« la Tyrane ») en raison des mauvais traitements qu'elle aurait infligés aux prisonniers.,fr:Ñusta Huillac,https://fr.wikipedia.org/wiki/Ñusta_Huillac
French,"Sa vie et sa mort ont donné naissance à un mythe lié à la fête de La Tirana, dans le nord du Chili.",fr:Ñusta Huillac,https://fr.wikipedia.org/wiki/Ñusta_Huillac
French,"Joseph de Guignes, né le 19 octobre 1721 à Pontoise et mort le 19 mars 1800 à Paris, est un orientaliste français.",fr:Joseph de Guignes,https://fr.wikipedia.org/wiki/Joseph_de_Guignes
French,"Kajew est une localité polonaise de la gmina rurale de Gołuchów, située dans le powiat de Pleszew en voïvodie de Grande-Pologne.",fr:Kajew (Grande-Pologne),https://fr.wikipedia.org/wiki/Kajew_(Grande-Pologne)
French,"Elle se trouve à environ 11 kilomètres à l'est de Pleszew et 93 km au sud-est de Poznań, la capitale régionale.",fr:Kajew (Grande-Pologne),https://fr.wikipedia.org/wiki/Kajew_(Grande-Pologne)
French,"La Chapelle Notre Dame du Bon secours est située au lieu-dit Kercohan, à Berric dans le Morbihan.",fr:Chapelle de Kercohan,https://fr.wikipedia.org/wiki/Chapelle_de_Kercohan
French,"Le Capoccia Pelata est une montagne de 1 054 mètres d'altitude des monts Martani situés à proximité de la commune de Massa Martana, dans les Apennins, en Ombrie.",fr:Capoccia Pelata,https://fr.wikipedia.org/wiki/Capoccia_Pelata
French,"La rue Mably est une voie de la commune de Nancy, dans le département de Meurthe-et-Moselle, en région Lorraine (Grand Est).",fr:Rue Mably (Nancy),https://fr.wikipedia.org/wiki/Rue_Mably_(Nancy)
French,"nécessaire], né le 19 janvier 1937 à South Orange (New Jersey) et mort le 6 mai 2025 à Cambridge (Massachusetts), est un géopolitologue américain, analyste et théoricien des relations internationales.",fr:Joseph Nye,https://fr.wikipedia.org/wiki/Joseph_Nye
French,Il est professeur émérite à l'université Harvard et président du groupe nord-américain au sein de la Commission trilatérale à partir de 2009.,fr:Joseph Nye,https://fr.wikipedia.org/wiki/Joseph_Nye
French,"Michael Gallagher dit Mike Gallagher, né le 3 mars 1984 à Green Bay, est un homme politique américain.",fr:Mike Gallagher,https://fr.wikipedia.org/wiki/Mike_Gallagher
French,"Membre du Parti républicain, il est élu du Wisconsin à la Chambre des représentants des États-Unis de 2017 à 2024.",fr:Mike Gallagher,https://fr.wikipedia.org/wiki/Mike_Gallagher
French,"La route nationale 499A, ou RN 499A, est une ancienne route nationale française reliant la RN 499 vers Saint-Germain-l'Herm à Arlanc, via Saint-Bonnet-le-Chastel.",fr:Route nationale 499a,https://fr.wikipedia.org/wiki/Route_nationale_499a
French,"Le temple d'Isis ou Iséum, en latin Iseum, est un ancien sanctuaire, aujourd'hui disparu, dédié à la déesse égyptienne Isis, situé au Champ de Mars, à Rome, entre les Saepta Julia et le temple de Minerve (en).",fr:Temple d'Isis de Rome,https://fr.wikipedia.org/wiki/Temple_d'Isis_de_Rome
French,"Ses entrées ou sa cour intérieure étaient ornées d'obélisques de petite taille, en granite rouge ou rose de Syène (Assouan), importés au Ier siècle et réunis par paires.",fr:Temple d'Isis de Rome,https://fr.wikipedia.org/wiki/Temple_d'Isis_de_Rome
French,"Un grand nombre d'entre eux ont été retrouvés, brisés et parfois très incomplets, près de la basilique de la Minerve.",fr:Temple d'Isis de Rome,https://fr.wikipedia.org/wiki/Temple_d'Isis_de_Rome
French,"Mychal Antonio Givens (né le 13 mai 1990 à Tampa, Floride, États-Unis) est un lanceur de relève droitier des Mets de New York de la Ligue majeure de baseball.",fr:Mychal Givens,https://fr.wikipedia.org/wiki/Mychal_Givens
French,"Le Paysan parvenu est un roman-mémoires français en cinq parties de Marivaux, paru chez Pierre Prault de 1734 au début de 1735.",fr:Le Paysan parvenu,https://fr.wikipedia.org/wiki/Le_Paysan_parvenu
French,"Les parties du Paysan parvenu, parues à intervalles rapprochés de 1734 au début de 1735, sont au nombre de cinq.",fr:Le Paysan parvenu,https://fr.wikipedia.org/wiki/Le_Paysan_parvenu
French,"Comme la Vie de Marianne, le Paysan parvenu est un récit à la première personne.",fr:Le Paysan parvenu,https://fr.wikipedia.org/wiki/Le_Paysan_parvenu
French,"Jacob de La Vallée raconte sa jeunesse comme Marianne a raconté la sienne, et la vie des deux personnages n’est pas sans analogie, si l’on s’en tient aux lignes générales.",fr:Le Paysan parvenu,https://fr.wikipedia.org/wiki/Le_Paysan_parvenu
French,"Handicap est un court métrage de Lewis-Martin Soucy, sorti en 2004 et d'une durée de 8 minutes.",fr:Handicap (court métrage),https://fr.wikipedia.org/wiki/Handicap_(court_métrage)
French,Ce film traite de la surdité et a été sélectionné dans plus de 85 festivals de films internationaux.,fr:Handicap (court métrage),https://fr.wikipedia.org/wiki/Handicap_(court_métrage)
French,"On That Other Level est le deuxième album studio des Geto Boys, sorti le 12 mars 1989.",fr:Grip It! On That Other Level,https://fr.wikipedia.org/wiki/Grip_It!_On_That_Other_Level
French,L'album s'est classé 19e au Top R&B/Hip-Hop Albums et 166e au Billboard 200.,fr:Grip It! On That Other Level,https://fr.wikipedia.org/wiki/Grip_It!_On_That_Other_Level
French,"Le magazine Complex l'a classé à la 19e place de ses « 50 plus grands albums de rap des années 80 » et en 1998, The Source l'a inclus dans sa liste des « 100 meilleurs albums de rap ».",fr:Grip It! On That Other Level,https://fr.wikipedia.org/wiki/Grip_It!_On_That_Other_Level
French,"Scienceworks est un musée scientifique situé à Melbourne, en Australie.",fr:Scienceworks (Melbourne),https://fr.wikipedia.org/wiki/Scienceworks_(Melbourne)
French,"Le lieu appartient au Museums Victoria (en), qui administre les collections culturelles et scientifiques de l'État de Victoria.",fr:Scienceworks (Melbourne),https://fr.wikipedia.org/wiki/Scienceworks_(Melbourne)
French,Il est situé dans la banlieue de Spotswood.,fr:Scienceworks (Melbourne),https://fr.wikipedia.org/wiki/Scienceworks_(Melbourne)
French,"Le musée, qui a ouvert ses portes le 28 mars 1992, est logé dans un bâtiment construit à cet effet, « conçu selon des lignes industrielles », à proximité de la station de pompage historique de Spotswood, construite en 1897, dont les machines à vapeur constituent une exposition connexe.",fr:Scienceworks (Melbourne),https://fr.wikipedia.org/wiki/Scienceworks_(Melbourne)
French,"Le prieuré de Lanercost est un ancien prieuré augustin du XIIe siècle, situé dans le village britannique de Lanercost (en), dans le comté anglais de Cumbria.",fr:Prieuré de Lanercost,https://fr.wikipedia.org/wiki/Prieuré_de_Lanercost
French,Il est classé au grade I et fait partie des propriétés de l’English Heritage.,fr:Prieuré de Lanercost,https://fr.wikipedia.org/wiki/Prieuré_de_Lanercost
French,"Rogatien Le Nail, dont le nom de famille est parfois orthographié Lenail, est un architecte et un archéologue français né à Nantes le 1er octobre 1877 et mort le 24 décembre 1918 à Saint-Cloud.",fr:Rogatien Le Nail,https://fr.wikipedia.org/wiki/Rogatien_Le_Nail
French,"Durant sa carrière, il se spécialise dans l'étude du Lyon antique et médiéval.",fr:Rogatien Le Nail,https://fr.wikipedia.org/wiki/Rogatien_Le_Nail
French,"MLE est un code qui peut signifier : Aéroport international de Malé aux Maldives, selon la liste des codes AITA des aéroports.",fr:MLE,https://fr.wikipedia.org/wiki/MLE
French,"Malé, selon la norme ISO 3166-2 (liste des principales subdivisions d'un pays) (voir ISO 3166-2:MV).",fr:MLE,https://fr.wikipedia.org/wiki/MLE
French,"MLE est un sigle qui peut signifier : Mars Life Explorer, une mission spatiale robotique.",fr:MLE,https://fr.wikipedia.org/wiki/MLE
French,"L'Aiguillat à nageoires blanches (Centroscyllium ritteri) est une espèce de requins de la famille des Etmopteridae, parfois incluse parmi les Dalatiidae.",fr:Aiguillat à nageoires blanches,https://fr.wikipedia.org/wiki/Aiguillat_à_nageoires_blanches
French,"Noah Ringer, né le 18 novembre 1996, est un acteur américain et un pratiquant de taekwondo américain.",fr:Noah Ringer,https://fr.wikipedia.org/wiki/Noah_Ringer
French,Il a joué le rôle d'Aang dans Le Dernier Maître de l'air (2010) et celui d'Emmett Taggart dans Cowboys et Envahisseurs (2011).,fr:Noah Ringer,https://fr.wikipedia.org/wiki/Noah_Ringer
French,La taxidermie ou naturalisation est l'art de préparer les animaux morts pour les conserver avec l'apparence de la vie.,fr:Taxidermie,https://fr.wikipedia.org/wiki/Taxidermie
French,"Le terme provient du grec ancien τάξις / táxis (ordre, arrangement) et de δέρμα / dérma (la peau).",fr:Taxidermie,https://fr.wikipedia.org/wiki/Taxidermie
French,Il apparaît pour la première fois dans le Nouveau Dictionnaire d'histoire naturelle (1803-1804) de Louis Dufresne (1752-1832).,fr:Taxidermie,https://fr.wikipedia.org/wiki/Taxidermie
French,Le métier correspondant est celui de taxidermiste ou empailleur (vieilli).,fr:Taxidermie,https://fr.wikipedia.org/wiki/Taxidermie
French,Les prix Sud (Premios Sur) sont des prix remis depuis 2006 par l'Académie des arts et sciences cinématographiques d'Argentine.,fr:Prix Sud,https://fr.wikipedia.org/wiki/Prix_Sud
French,Ils sont avec les Condors d'argent les principales récompenses du cinéma argentin.,fr:Prix Sud,https://fr.wikipedia.org/wiki/Prix_Sud
French,"Guy Ier Besors, est un gentilhomme de l'Autunois du XIIe siècle, dont les ancêtres jouirent d'une très grande considération.",fr:Guy Ier Besors,https://fr.wikipedia.org/wiki/Guy_Ier_Besors
French,"La province d'Agusan del Sur aux Philippines est constituée de deux circonscriptions législatives, chacune représentée par un député à la Chambre des représentants.",fr:Circonscriptions législatives de la province d'Agusan del Sur,https://fr.wikipedia.org/wiki/Circonscriptions_législatives_de_la_province_d'Agusan_del_Sur
French,Alexandre Marie Gaston de Dompierre d'Hornoy est un homme politique français né le 31 octobre 1812 à Hornoy (Somme) et décédé le 11 août 1873 à Hornoy.,fr:Alexandre de Dompierre d'Hornoy,https://fr.wikipedia.org/wiki/Alexandre_de_Dompierre_d'Hornoy
French,"Fils de Charles François de Dompierre d'Hornoy, frère de Charles de Dompierre d'Hornoy, il succède à son père comme conseiller général.",fr:Alexandre de Dompierre d'Hornoy,https://fr.wikipedia.org/wiki/Alexandre_de_Dompierre_d'Hornoy
French,"Il est député de la Somme de 1849 à 1851, siégeant à droite avec les monarchistes.",fr:Alexandre de Dompierre d'Hornoy,https://fr.wikipedia.org/wiki/Alexandre_de_Dompierre_d'Hornoy
French,"Jem Mace est un boxeur anglais combattant à mains nues né le 8 avril 1831 à Beeston, Norfolk, et mort le 30 novembre 1910 à Jarrow.",fr:Jem Mace,https://fr.wikipedia.org/wiki/Jem_Mace
French,Pariževići (en cyrillique : Парижевићи) est un village de Bosnie-Herzégovine.,fr:Pariževići,https://fr.wikipedia.org/wiki/Pariževići
French,"Il est situé dans la municipalité de Kiseljak, dans le canton de Bosnie centrale et dans la fédération de Bosnie-et-Herzégovine.",fr:Pariževići,https://fr.wikipedia.org/wiki/Pariževići
French,"Selon les premiers résultats du recensement bosnien de 2013, il compte 298 habitants.",fr:Pariževići,https://fr.wikipedia.org/wiki/Pariževići
French,"Mihovljan est un toponyme qui peut désigner : Mihovljan, un village et une municipalité de Croatie située dans le comitat de Krapina-Zagorje ; Mihovljan, une localité de Croatie située dans la municipalité de Čakovec, comitat de Međimurje.",fr:Mihovljan,https://fr.wikipedia.org/wiki/Mihovljan
French,Le pont Vierendeel d'Anderlecht (en néerlandais : Anderlechtse Vierendeelbrug) est un pont isostatique d'une longueur totale de 39 m permettant à la ligne 28 de la SNCB (Schaerbeek-Gare Bruxelles-Midi) de franchir le canal de Charleroi à hauteur de la chaussée de Mons.,fr:Pont Vierendeel d'Anderlecht,https://fr.wikipedia.org/wiki/Pont_Vierendeel_d'Anderlecht
French,"La structure principale de cet ouvrage d'art est constituée de poutres Vierendeel, de 38,68 m de portée, enserré entre deux ponts de type « poutre » isostatiques de 15,5 m de portée chacun.",fr:Pont Vierendeel d'Anderlecht,https://fr.wikipedia.org/wiki/Pont_Vierendeel_d'Anderlecht
French,Le pont Vierendeel permet la traversée du canal tandis que les deux ponts « poutres » latéraux permettent le passage au-dessus des quais.,fr:Pont Vierendeel d'Anderlecht,https://fr.wikipedia.org/wiki/Pont_Vierendeel_d'Anderlecht
French,"Il y a donc, au total, deux tronçons Vierendeel et quatre tronçons latéraux.",fr:Pont Vierendeel d'Anderlecht,https://fr.wikipedia.org/wiki/Pont_Vierendeel_d'Anderlecht
French,L'École supérieure de musique de Catalogne (en catalan : Escola Superior de Música de Catalunya ou ESMuC) est une école supérieure de musique créée en 2001.,fr:École supérieure de musique de Catalogne,https://fr.wikipedia.org/wiki/École_supérieure_de_musique_de_Catalogne
French,"Elle est située dans le bâtiment de l'Auditori de Barcelone, œuvre de l'architecte Rafael Moneo.",fr:École supérieure de musique de Catalogne,https://fr.wikipedia.org/wiki/École_supérieure_de_musique_de_Catalogne
French,C'est actuellement la seule institution financée publiquement de Catalogne où l'on peut suivre des études supérieures de musique.,fr:École supérieure de musique de Catalogne,https://fr.wikipedia.org/wiki/École_supérieure_de_musique_de_Catalogne
French,"Angus Barnett, né en 1963, est un acteur britannique.",fr:Angus Barnett,https://fr.wikipedia.org/wiki/Angus_Barnett
French,"Depuis les Olymp'x, il est la doublure officielle d'Eagle IV.",fr:Angus Barnett,https://fr.wikipedia.org/wiki/Angus_Barnett
French,"Il est né et a grandi à Ruddington, dans le Nottinghamshire, et a fréquenté le lycée West Bridgford Comprehensive School.",fr:Angus Barnett,https://fr.wikipedia.org/wiki/Angus_Barnett
French,Il a suivi une formation d'acteur à la Bristol Old Vic Theatre School.,fr:Angus Barnett,https://fr.wikipedia.org/wiki/Angus_Barnett
French,La réserve naturelle régionale du marais de Bonnefont (RNR226) est une réserve naturelle régionale située en Occitanie.,fr:Réserve naturelle régionale du marais de Bonnefont,https://fr.wikipedia.org/wiki/Réserve_naturelle_régionale_du_marais_de_Bonnefont
French,"Classée en 2011, elle occupe une surface de 42 hectares dans le Parc naturel régional des Causses du Quercy et protège la plus vaste roselière du département du Lot.",fr:Réserve naturelle régionale du marais de Bonnefont,https://fr.wikipedia.org/wiki/Réserve_naturelle_régionale_du_marais_de_Bonnefont
French,"La place des Cordeliers est un espace public situé au centre du quartier du même nom dans le 2e arrondissement de Lyon, en France.",fr:Place des Cordeliers (Lyon),https://fr.wikipedia.org/wiki/Place_des_Cordeliers_(Lyon)
French,"Créée au XVIe siècle, elle est profondément remaniée au XIXe siècle.",fr:Place des Cordeliers (Lyon),https://fr.wikipedia.org/wiki/Place_des_Cordeliers_(Lyon)
French,"Fangfoss est une paroisse civile et un village du Yorkshire de l'Est, en Angleterre.",fr:Fangfoss,https://fr.wikipedia.org/wiki/Fangfoss
French,"Soudan est une commune française située dans le département des Deux-Sèvres, dans la région Nouvelle-Aquitaine.",fr:Soudan (Deux-Sèvres),https://fr.wikipedia.org/wiki/Soudan_(Deux-Sèvres)
French,Bielicha (prononciation : [bjɛˈlixa]) est un village polonais de la gmina de Zakrzew dans le powiat de Radom de la voïvodie de Mazovie dans le centre-est de la Pologne.,fr:Bielicha,https://fr.wikipedia.org/wiki/Bielicha
French,Il se situe à environ 5 kilomètres à l'ouest de Radom (siège du powiat) et à 90 kilomètres au sud de Varsovie (capitale de la Pologne).,fr:Bielicha,https://fr.wikipedia.org/wiki/Bielicha
French,"Damian Walshe-Howling (né le 22 janvier 1971 à Melbourne, Victoria), est un acteur australien.",fr:Damian Walshe-Howling,https://fr.wikipedia.org/wiki/Damian_Walshe-Howling
French,"Il est surtout connu pour le rôle de Andrew Benji Veniamin dans la série policière australienne Underbelly, pour lequel il a gagné un prix en 2008 aux AFI Awards.",fr:Damian Walshe-Howling,https://fr.wikipedia.org/wiki/Damian_Walshe-Howling
French,Il a également réalisé plusieurs courts métrages.,fr:Damian Walshe-Howling,https://fr.wikipedia.org/wiki/Damian_Walshe-Howling
French,Renanthera est un genre d'orchidées comptant des espèces épiphytes et terrestres.,fr:Renanthera,https://fr.wikipedia.org/wiki/Renanthera
French,"En 2026, la majorité des classifications botaniques dénombre 20 espèces et 2 sous-espèces.",fr:Renanthera,https://fr.wikipedia.org/wiki/Renanthera
French,Haunted Hotel est une sitcom d'horreur comique surnaturelle animée américaine pour adultes créée par Matt Roller (un scénariste de Rick et Morty ) qui a été diffusée pour la première fois le 19 septembre 2025 sur Netflix.,fr:Haunted Hotel,https://fr.wikipedia.org/wiki/Haunted_Hotel
French,"En septembre 2025, la série a été renouvelée pour une deuxième saison.",fr:Haunted Hotel,https://fr.wikipedia.org/wiki/Haunted_Hotel
French,"La charybdotoxine (ChTx) est une toxine peptidique isolée du venin du scorpion Leiurus quinquestriatus (appelé « rôdeur mortel », en anglais Deathstalker).",fr:Charybdotoxine,https://fr.wikipedia.org/wiki/Charybdotoxine
French,"Le phare Polýaigos, également appelé Phare Nisis Poliaigos est situé au cap Maskula sur l'île Polyaigos, au sud-est de l'île Kimolos en Grèce.",fr:Phare Polýaigos,https://fr.wikipedia.org/wiki/Phare_Polýaigos
French,"Norbert Glanzberg est un compositeur français né le 12 octobre 1910 à Rohatyn (Autriche-Hongrie), aujourd'hui en Ukraine, et mort le 25 février 2001 à Neuilly-sur-Seine.",fr:Norbert Glanzberg,https://fr.wikipedia.org/wiki/Norbert_Glanzberg
French,"Compositeur notamment de musiques de films et de chansons, on lui doit particulièrement les airs de certaines des plus célèbres chansons d'Édith Piaf.",fr:Norbert Glanzberg,https://fr.wikipedia.org/wiki/Norbert_Glanzberg
French,Killer World Tour est le nom de la tournée qu’effectue Iron Maiden en 1981 pour promouvoir son album Killers.,fr:Killer World Tour,https://fr.wikipedia.org/wiki/Killer_World_Tour
French,"À la suite du succès de ses deux premiers albums, le groupe joue en tête d'affiche au Royaume-Uni et en Europe et au Japon où sera enregistré l'Ep Maiden Japan.",fr:Killer World Tour,https://fr.wikipedia.org/wiki/Killer_World_Tour
French,"Pour sa première incursion aux États-unis, il fait la première partie de Judas Priest.",fr:Killer World Tour,https://fr.wikipedia.org/wiki/Killer_World_Tour
French,"Marie-Olive Lembe di Sita (Marie-Olive Lembe Kabila), née le 29 juillet 1976 à Kailo, dans la province de Maniema (République démocratique du Congo), est une personnalité congolaise.",fr:Olive Lembe di Sita,https://fr.wikipedia.org/wiki/Olive_Lembe_di_Sita
French,"Elle est l'épouse de l'ancien président de la république démocratique du Congo, Joseph Kabila.",fr:Olive Lembe di Sita,https://fr.wikipedia.org/wiki/Olive_Lembe_di_Sita
French,"Le Lion-d'Angers est une commune nouvelle située dans le département de Maine-et-Loire, en région Pays de la Loire, créée le 1er janvier 2016 par la fusion du Lion-d'Angers et de sa voisine Andigné.",fr:Le Lion-d'Angers,https://fr.wikipedia.org/wiki/Le_Lion-d'Angers
French,"La ville est connue pour son hippodrome et la compétition qui s'y tient chaque année, le Mondial du Lion.",fr:Le Lion-d'Angers,https://fr.wikipedia.org/wiki/Le_Lion-d'Angers
French,"Pierre Pascal, né le 22 juillet 1890 à Issoire et mort le 1er juillet 1983 à Neuilly-sur-Seine, est un essayiste et historien français, slaviste et spécialiste de la Russie.",fr:Pierre Pascal,https://fr.wikipedia.org/wiki/Pierre_Pascal
French,"Suzanne Poirson, plus connue sous le nom de Madame P.",fr:Suzanne Girod,https://fr.wikipedia.org/wiki/Suzanne_Girod
French,"Girod, est une joueuse de tennis française, née le 8 juillet 1871 à Paris, où elle est morte le 20 octobre 1926.",fr:Suzanne Girod,https://fr.wikipedia.org/wiki/Suzanne_Girod
French,Elle a été gagnante du championnat de France en 1901.,fr:Suzanne Girod,https://fr.wikipedia.org/wiki/Suzanne_Girod
French,"Christopher Neville Charles Small (1927-2011) est un musicien, un compositeur, un pédagogue et l’auteur d'ouvrages influents dans les domaines de la musicologie et de l'ethnomusicologie.",fr:Christopher Small,https://fr.wikipedia.org/wiki/Christopher_Small
French,"Sa pensée est moins consacrée à la « musique » qu’à sa représentation et son expérience, ce qui l'amène à proposer une théorie du « musiquer ».",fr:Christopher Small,https://fr.wikipedia.org/wiki/Christopher_Small
French,The Okwelians est un think tank camerounais fondé en février 2020.,fr:The Okwelians,https://fr.wikipedia.org/wiki/The_Okwelians
French,"Il regroupe des professionnels et jeunes leaders du Cameroun et de sa diaspora, et se concentre sur la gouvernance, le leadership et la transformation économique.",fr:The Okwelians,https://fr.wikipedia.org/wiki/The_Okwelians
French,Microdipoena huisun est une espèce d'araignées aranéomorphes de la famille des Mysmenidae.,fr:Microdipoena huisun,https://fr.wikipedia.org/wiki/Microdipoena_huisun
French,Carex depauperata ou Laîche appauvrie est une espèce de plante du genre Carex et de la famille des cypéracées.,fr:Carex depauperata,https://fr.wikipedia.org/wiki/Carex_depauperata
French,"Mujika est un nom de famille notamment porté par : Francisco Mujika Garmendia, alias Pakito, un membre de l'organisation séparatiste basque ETA ; Jokin Mujika (1962-), un coureur cycliste espagnol ; José Luis Geresta Mujika, alias Oker ou Ttotto, un membre du commando Donosti de l'organisation ETA.",fr:Mujika,https://fr.wikipedia.org/wiki/Mujika
French,"Mujika peut aussi désigner : Mujika, une démone du manga The Promised Neverland.",fr:Mujika,https://fr.wikipedia.org/wiki/Mujika
French,"La gare de Hirata (平田駅, Hirata-eki) est une gare ferroviaire japonaise de la ligne Sukumo (à voie unique et étroite 1 067 mm), située sur le territoire de la ville de Sukumo, dans la préfecture de Kōchi au sud de l'île Shikoku.",fr:Gare de Hirata (Kōchi),https://fr.wikipedia.org/wiki/Gare_de_Hirata_(Kōchi)
French,"Elle dessert notamment le temple Enkō-ji, l'un des 88 temples du pèlerinage de Shikoku.",fr:Gare de Hirata (Kōchi),https://fr.wikipedia.org/wiki/Gare_de_Hirata_(Kōchi)
French,"C'est une halte voyageurs de la Tosa Kuroshio Railway, desservie par les trains voyageurs Local et Limited Express.",fr:Gare de Hirata (Kōchi),https://fr.wikipedia.org/wiki/Gare_de_Hirata_(Kōchi)
French,"Les Polycotylidae (ou Polycotylidés en français) sont une famille fossile de Plesiosauroidea (plésiosaures ""vrais"") du Crétacé.",fr:Polycotylidae,https://fr.wikipedia.org/wiki/Polycotylidae
French,Elle s'apparente à la famille des Elasmosauridae.,fr:Polycotylidae,https://fr.wikipedia.org/wiki/Polycotylidae
French,"Selon Paleobiology Database en 2025, cette famille des Polycotylidés a dix-huit genres référencés.",fr:Polycotylidae,https://fr.wikipedia.org/wiki/Polycotylidae
French,Embrasse-moi est une chanson de Maika P sortie en février 2010.,fr:Embrasse-moi (Maïka P),https://fr.wikipedia.org/wiki/Embrasse-moi_(Maïka_P)
French,La chanson a été écrite et composée par Julien R.,fr:Embrasse-moi (Maïka P),https://fr.wikipedia.org/wiki/Embrasse-moi_(Maïka_P)
French,Pachysentis procyonis est une espèce d'acanthocéphales de la famille des Oligacanthorhynchidae.,fr:Pachysentis procyonis,https://fr.wikipedia.org/wiki/Pachysentis_procyonis
French,C'est un parasite digestif du Raton crabier au Brésil.,fr:Pachysentis procyonis,https://fr.wikipedia.org/wiki/Pachysentis_procyonis
French,"Czarnylas est un village de la gmina de Przygodzice, du Powiat d'Ostrów Wielkopolski, dans la Voïvodie de Grande-Pologne, situé dans le centre-ouest de la Pologne.",fr:Czarnylas (Grande-Pologne),https://fr.wikipedia.org/wiki/Czarnylas_(Grande-Pologne)
French,"Il se situe à environ 8 kilomètres au sud-ouest de Przygodzice (siège de la gmina), 18 kilomètres au sud d'Ostrów Wielkopolski (siège du powiat) et 116 kilomètres au sud-est de Poznań (capitale de la voïvodie).",fr:Czarnylas (Grande-Pologne),https://fr.wikipedia.org/wiki/Czarnylas_(Grande-Pologne)
French,Saint-Jean-d'Aubrigoux est une commune française située dans le département de la Haute-Loire en région Auvergne-Rhône-Alpes.,fr:Saint-Jean-d'Aubrigoux,https://fr.wikipedia.org/wiki/Saint-Jean-d'Aubrigoux
French,Le tournoi de tennis de la côte Pacifique est un tournoi de tennis féminin.,fr:Tournoi de tennis de la côte Pacifique (dames 1954),https://fr.wikipedia.org/wiki/Tournoi_de_tennis_de_la_côte_Pacifique_(dames_1954)
French,L'édition 1954 se dispute à Berkeley du 20 au 26 septembre 1954.,fr:Tournoi de tennis de la côte Pacifique (dames 1954),https://fr.wikipedia.org/wiki/Tournoi_de_tennis_de_la_côte_Pacifique_(dames_1954)
French,Virginia Wolfenden remporte le simple dames.,fr:Tournoi de tennis de la côte Pacifique (dames 1954),https://fr.wikipedia.org/wiki/Tournoi_de_tennis_de_la_côte_Pacifique_(dames_1954)
French,"En finale, elle bat Anne Shilcock.",fr:Tournoi de tennis de la côte Pacifique (dames 1954),https://fr.wikipedia.org/wiki/Tournoi_de_tennis_de_la_côte_Pacifique_(dames_1954)
French,Funisciurus leucogenys (nom vernaculaire Funisciure à tête orange) est une espèce de la famille des sciuridés.,fr:Funisciurus leucogenys,https://fr.wikipedia.org/wiki/Funisciurus_leucogenys
French,C'est une sorte d’écureuil arboricole africain qui se distingue par une ligne de taches orange sur les flancs.,fr:Funisciurus leucogenys,https://fr.wikipedia.org/wiki/Funisciurus_leucogenys
French,"L'Archos 43 Internet Tablet est une mini-tablette tactile conçue et commercialisée par Archos, elle fonctionne sous Android 2.2 Froyo modifié par Archos et possède un écran tactile résistif de 4,3 pouce (10,9 cm) d'une définition de 854 x 480 pixels.",fr:Archos 43 Internet Tablet,https://fr.wikipedia.org/wiki/Archos_43_Internet_Tablet
French,"Elle est compatible Wifi (802.11 b/g/n) et Bluetooth 2.1, elle possède aussi une sortie mini HDMI, un port micro USB et une caméra HD (720p).",fr:Archos 43 Internet Tablet,https://fr.wikipedia.org/wiki/Archos_43_Internet_Tablet
French,"Elle fait partie de la génération 8 des baladeurs Archos (5 tablettes nommées A28 it, A32 it, A43 it, A70 it et A101 it) qui sont sortis en septembre 2010.",fr:Archos 43 Internet Tablet,https://fr.wikipedia.org/wiki/Archos_43_Internet_Tablet
French,Elle possède une mémoire Flash de 8 ou 16 Go et est disponible pour environ 200 €.,fr:Archos 43 Internet Tablet,https://fr.wikipedia.org/wiki/Archos_43_Internet_Tablet
French,Tambiga est une commune rurale située dans le département de Liptougou de la province de la Gnagna dans la région de l'Est au Burkina Faso.,fr:Tambiga (Liptougou),https://fr.wikipedia.org/wiki/Tambiga_(Liptougou)
French,Envie de paternité (The Dad-Feelings Limited) est un épisode de la série télévisée d'animation Les Simpson.,fr:Envie de paternité,https://fr.wikipedia.org/wiki/Envie_de_paternité
French,Il s'agit du onzième épisode de la trente-deuxième saison et du 695e de la série.,fr:Envie de paternité,https://fr.wikipedia.org/wiki/Envie_de_paternité
French,"Brice Thésée est un joueur français de volley-ball, né le 6 avril 1988.",fr:Brice Thésée,https://fr.wikipedia.org/wiki/Brice_Thésée
French,"Il mesure 1,94 m et joue central.",fr:Brice Thésée,https://fr.wikipedia.org/wiki/Brice_Thésée
French,"Erica tetralix, la Bruyère des marais ou Bruyère à quatre angles, est un sous-arbrisseau de la famille des Éricacées présent en Europe.",fr:Erica tetralix,https://fr.wikipedia.org/wiki/Erica_tetralix
French,l'Épithète tetralix fait référence aux feuilles verticillées par quatre sur sa tige.,fr:Erica tetralix,https://fr.wikipedia.org/wiki/Erica_tetralix
French,"Les traductions littérales de son nom scientifique sont également utilisées en français, à savoir Bruyère tétragone, Bruyère à quatre angles ou encore Bruyère quaternée.",fr:Erica tetralix,https://fr.wikipedia.org/wiki/Erica_tetralix
French,Elle est utilisée comme plante ornementale.,fr:Erica tetralix,https://fr.wikipedia.org/wiki/Erica_tetralix
French,Le Bécasseau d'Alaska (Calidris mauri) est une espèce de petits oiseaux limicoles de la famille des Scolopacidae.,fr:Bécasseau d'Alaska,https://fr.wikipedia.org/wiki/Bécasseau_d'Alaska
French,"Selon la classification de référence du Congrès ornithologique international (version 15.2, 2026), c'est une espèce monotypique (non subdivisée en sous-espèces).",fr:Bécasseau d'Alaska,https://fr.wikipedia.org/wiki/Bécasseau_d'Alaska
French,"Platyceps rhodorachis, la Couleuvre à dos rouge, est une espèce de serpents de la famille des Colubridae.",fr:Couleuvre à dos rouge,https://fr.wikipedia.org/wiki/Couleuvre_à_dos_rouge
French,"Le conseil départemental de la Somme est l'assemblée délibérante du département français de la Somme, collectivité territoriale décentralisée.",fr:Conseil départemental de la Somme,https://fr.wikipedia.org/wiki/Conseil_départemental_de_la_Somme
French,Son siège se trouve à Amiens.,fr:Conseil départemental de la Somme,https://fr.wikipedia.org/wiki/Conseil_départemental_de_la_Somme
French,"C'est comme ça est le 12e album studio de Florent Pagny sorti en mai 2009, chez Mercury France, composé exclusivement de chansons en espagnol (hormis la présence d'un titre en français et d'un couplet chanté en français).",fr:C'est comme ça (album),https://fr.wikipedia.org/wiki/C'est_comme_ça_(album)
French,L'album se classe numéro 2 la première semaine de commercialisation et se maintient 10 semaines dans le top 10.,fr:C'est comme ça (album),https://fr.wikipedia.org/wiki/C'est_comme_ça_(album)
French,L'album reçoit un double disque de platine le 22/12/2009 pour l'équivalent de 200 000 exemplaires.,fr:C'est comme ça (album),https://fr.wikipedia.org/wiki/C'est_comme_ça_(album)
French,Arenas de Iguña est une commune espagnole (municipio) située dans la communauté autonome monoprovinciale de Cantabrie.,fr:Arenas de Iguña,https://fr.wikipedia.org/wiki/Arenas_de_Iguña
French,"La place des Contrats (en ukrainien : Контрактова площа, Kontraktova plochtcha) est une place du quartier historique de Podil, à Kiev, en Ukraine.",fr:Place des Contrats,https://fr.wikipedia.org/wiki/Place_des_Contrats
French,"Sous l'Empire russe, une importante foire, dite « foire des Rois » ou « foire des Contrats », s'y tenait chaque année pendant les trois jours de l'Épiphanie : on y se renégociait les baux agricoles ou contrats.",fr:Place des Contrats,https://fr.wikipedia.org/wiki/Place_des_Contrats
French,"Son chiffre d'affaires, en 1856, s'élevait à six millions de roubles.",fr:Place des Contrats,https://fr.wikipedia.org/wiki/Place_des_Contrats
French,"De 1869 à 1919, elle était nommée « place Alexandre » en hommage au tsar Alexandre II, et de 1919 à 1990, « place Rouge ».",fr:Place des Contrats,https://fr.wikipedia.org/wiki/Place_des_Contrats
French,Panthera est un genre de félins et l'un des deux genres existants de la sous-famille des Pantherinae.,fr:Panthera,https://fr.wikipedia.org/wiki/Panthera
French,Il comprend les plus grands membres vivants de la famille des félins.,fr:Panthera,https://fr.wikipedia.org/wiki/Panthera
French,"Il existe cinq espèces vivantes : le jaguar, le léopard, le lion, le léopard des neiges et le tigre.",fr:Panthera,https://fr.wikipedia.org/wiki/Panthera
French,"De nombreuses espèces éteintes sont également nommées, notamment le lion des cavernes et le lion d'Amérique.",fr:Panthera,https://fr.wikipedia.org/wiki/Panthera
French,"Horton est une entreprise américaine de construction, spécialisée dans la construction d'habitation.",fr:D. R. Horton,https://fr.wikipedia.org/wiki/D._R._Horton
French,Elle est basée à Arlington (Texas).,fr:D. R. Horton,https://fr.wikipedia.org/wiki/D._R._Horton
French,(20697) 1999 VK115 est un astéroïde de la ceinture principale d'astéroïdes découvert en 1999.,fr:(20697) 1999 VK115,https://fr.wikipedia.org/wiki/(20697)_1999_VK115
French,"Maba est : MABA, Acide 3-aminobenzoïque Maba, genre de plante, maintenant avec Diospyros ;",fr:Maba,https://fr.wikipedia.org/wiki/Maba
French,"Jane Grey Cannon Swisshelm, née le 6 décembre 1815 à Pittsburgh en Pennsylvanie (États-Unis) et morte le 22 juillet 1884 à Swissvale, près de Pittsburgh, est une journaliste américaine, abolitionniste et avocate des droits des femmes, membre du mouvement républicain radical.",fr:Jane Grey Swisshelm,https://fr.wikipedia.org/wiki/Jane_Grey_Swisshelm
French,"Elle a été active en tant qu’écrivaine à Pittsburgh, en Pennsylvanie, et en tant qu’éditrice et rédactrice en chef à St.",fr:Jane Grey Swisshelm,https://fr.wikipedia.org/wiki/Jane_Grey_Swisshelm
French,"Cloud, dans le Minnesota.",fr:Jane Grey Swisshelm,https://fr.wikipedia.org/wiki/Jane_Grey_Swisshelm
French,Elle a été l’une des premières femmes journalistes américaines embauchées par Horace Greeley dans son New York Tribune.,fr:Jane Grey Swisshelm,https://fr.wikipedia.org/wiki/Jane_Grey_Swisshelm
French,Symbion pandora est une espèce de cycliophores.,fr:Symbion pandora,https://fr.wikipedia.org/wiki/Symbion_pandora
French,"Ce sont des animaux microscopiques (0,4 mm sur 0,1 mm pour la femelle et 0,1 mm sur 0,05 mm pour le mâle nain).",fr:Symbion pandora,https://fr.wikipedia.org/wiki/Symbion_pandora
French,"Ils vivent sur les pièces buccales de la langoustine commune (Nephrops norvegicus) et se rencontrent en mer du Nord, en mer Méditerranée et dans l'océan Atlantique près de l'Europe.",fr:Symbion pandora,https://fr.wikipedia.org/wiki/Symbion_pandora
French,"Kopytówka est une localité polonaise de la gmina de Brzeźnica, située dans le powiat de Wadowice en voïvodie de Petite-Pologne.",fr:Kopytówka,https://fr.wikipedia.org/wiki/Kopytówka
French,L'équipe de Biélorussie de Fed Cup est l’équipe qui représente la Biélorussie lors de la compétition de tennis féminin par équipe nationale appelée Fed Cup (ou « Coupe de la Fédération » entre 1963 et 1994).,fr:Équipe de Biélorussie de Fed Cup,https://fr.wikipedia.org/wiki/Équipe_de_Biélorussie_de_Fed_Cup
French,Elle est constituée d'une sélection des meilleures joueuses de tennis biélorusses du moment sous l’égide de la Fédération biélorusse de tennis.,fr:Équipe de Biélorussie de Fed Cup,https://fr.wikipedia.org/wiki/Équipe_de_Biélorussie_de_Fed_Cup
Spanish,"Hervé Crès, nacido el 31 de agosto de 1967 en París, es un académico francés, profesor y exdirector de la Escuela Doctoral de Sciences Po.",es:Hervé Crès,https://es.wikipedia.org/wiki/Hervé_Crès
Spanish,"Fue administrador interino de Sciences Po Paris entre abril y noviembre de 2012, antes de ser reemplazado en este cargo por Jean Gaeremynck.​",es:Hervé Crès,https://es.wikipedia.org/wiki/Hervé_Crès
Spanish,"La casa de Figueroa es un linaje nobiliario español originario de la corona de Castilla, cuyos miembros llegaron a ostentar el ducado de Feria y el marquesado de Villalba, títulos principales de la casa de Feria, cuyos miembros frecuentemente llevaban el apellido ""Figueroa"".",es:Casa de Figueroa,https://es.wikipedia.org/wiki/Casa_de_Figueroa
Spanish,"Buchlyvie es una localidad situada en el concejo de Stirling, en Escocia (Reino Unido), con una población estimada, a mediados de 2019, de 560 habitantes.​ Se encuentra ubicada en la zona centro de Escocia, al noreste de Glasgow y al noroeste de Edimburgo.",es:Buchlyvie,https://es.wikipedia.org/wiki/Buchlyvie
Spanish,"Villaseca es una aldea chilena en la Provincia de Linares, Región del Maule, en la comuna de Retiro.",es:Villaseca (Chile),https://es.wikipedia.org/wiki/Villaseca_(Chile)
Spanish,"Antiguo centro, de marcado carácter rural y actividades predominantemente agrícolas, alejado de los grandes centros y de las vías de comunicación más frecuentadas, Villaseca es un oasis de paz y evocación del Chile de otros tiempos.",es:Villaseca (Chile),https://es.wikipedia.org/wiki/Villaseca_(Chile)
Spanish,"Característicamente, la arquitectura del lugar tiene la impronta de los pueblos de la Colonia; las casas de Villaseca tienen muros de adobe y largos corredores, pilares en las esquinas y techos de tejas.",es:Villaseca (Chile),https://es.wikipedia.org/wiki/Villaseca_(Chile)
Spanish,En Villaseca viven algo más de 300 habitantes.,es:Villaseca (Chile),https://es.wikipedia.org/wiki/Villaseca_(Chile)
Spanish,"Chukudu (o chikudu, cbokoudou, tshukudu)​ es un vehículo de dos ruedas y fabricación manual usado en el oriente de la República Democrática del Congo.",es:Chukudu,https://es.wikipedia.org/wiki/Chukudu
Spanish,Se fabrica con madera y es empleado para transporte de mercancías.,es:Chukudu,https://es.wikipedia.org/wiki/Chukudu
Spanish,"Serguéi Suslin –en ruso, Сергей Петрович Суслин– (1944-1989) fue un deportista soviético que compitió en judo.​ Ganó tres medallas en el Campeonato Mundial de Judo entre los años 1967 y 1971, y seis medallas en el Campeonato Europeo de Judo entre los años 1965 y 1972.​",es:Serguéi Suslin,https://es.wikipedia.org/wiki/Serguéi_Suslin
Spanish,"John Wrighton (Reino Unido, 10 de marzo de 1933) fue un atleta británico especializado en la prueba de 400 m, en la que consiguió ser campeón europeo en 1958.​​",es:John Wrighton,https://es.wikipedia.org/wiki/John_Wrighton
Spanish,"Weymouth Quay railway station (en español: “Estación de Ferrocarril del Muelle de Weymouth”) se ubicaba en la localidad de Weymouth, en Dorset, Inglaterra.",es:Estación de Weymouth Quay,https://es.wikipedia.org/wiki/Estación_de_Weymouth_Quay
Spanish,"Hasta septiembre de 1987, fue un frecuente punto de inicio y término de los trenes que llevaban a los pasajeros al muelle donde embarcar en el transbordador para viajar a las Islas del Canal y a Francia.",es:Estación de Weymouth Quay,https://es.wikipedia.org/wiki/Estación_de_Weymouth_Quay
Spanish,"En la actualidad, la estación está fuera de servicio y el edificio es utilizado como oficina de Condor Ferries, empresa que opera el servicio de transbordadores desde el puerto a las Islas del Canal.",es:Estación de Weymouth Quay,https://es.wikipedia.org/wiki/Estación_de_Weymouth_Quay
Spanish,Areial es un municipio brasileño del estado de Paraíba.,es:Areial,https://es.wikipedia.org/wiki/Areial
Spanish,"De acuerdo con el Instituto Brasileño de Geografía y Estadística (IBGE), en el año de 2010 su población era estimada en 6.470 habitantes.​ Posee un área territorial de 67 km².",es:Areial,https://es.wikipedia.org/wiki/Areial
Spanish,Enicospilus belosus es una especie de insecto del género Enicospilus de la familia Ichneumonidae del orden Hymenoptera.​ ​,es:Enicospilus belosus,https://es.wikipedia.org/wiki/Enicospilus_belosus
Spanish,"El Jardín de plantas ornamentales de Chongqing (en chino, 重庆市花卉园 (四川)) o en pinyin, Chóngqìng shì huāhuì yuán, es un parque y jardín botánico de 162 hectáreas de extensión que se encuentra próximo a la ciudad de Chongqing en China.",es:Jardín de plantas ornamentales de Chongqing,https://es.wikipedia.org/wiki/Jardín_de_plantas_ornamentales_de_Chongqing
Spanish,Depende administrativamente del Departamento de paisajes y jardines de Chongqing.,es:Jardín de plantas ornamentales de Chongqing,https://es.wikipedia.org/wiki/Jardín_de_plantas_ornamentales_de_Chongqing
Spanish,"El código de identificación internacional del Jardín de plantas ornamentales de Chongqing, así como las siglas de su herbario es CHOQI.​",es:Jardín de plantas ornamentales de Chongqing,https://es.wikipedia.org/wiki/Jardín_de_plantas_ornamentales_de_Chongqing
Spanish,"La plaza de Barcelos es un espacio público de principios del siglo XX situado en el centro de la ciudad española de Pontevedra, al este del casco histórico.",es:Plaza de Barcelos,https://es.wikipedia.org/wiki/Plaza_de_Barcelos
Spanish,"Crisóquero, también conocido como Crysocheir (en griego: Χρυσόχειρ) o Crysocheiros (en griego: Χρυσόχειρος) cuyo significado es «mano de oro»,​ fue el segundo y último líder de los paulicianos, una secta cristiana perseguida por el Imperio bizantino con sede en Tefrique, de 863 a 872.",es:Crisóquero,https://es.wikipedia.org/wiki/Crisóquero
Spanish,Russula paludosa es una especie de hongo basidiomiceto de la familia Russulaceae.,es:Russula paludosa,https://es.wikipedia.org/wiki/Russula_paludosa
Spanish,"Los terafósidos (Theraphosidae, del griego thera ‘animal salvaje, bestia’ + phos ‘luz’) son una familia de arañas migalomorfas propias de los países tropicales.",es:Theraphosidae,https://es.wikipedia.org/wiki/Theraphosidae
Spanish,"En los países hispanohablantes de América se las conoce como tarántulas y arañas pollito, al igual que a los miembros de la familia Dipluridae.",es:Theraphosidae,https://es.wikipedia.org/wiki/Theraphosidae
Spanish,"Sin embargo no deben confundirse con las tarántulas del «Viejo Mundo», que encuadran en una familia muy diferente (Lycosidae), a partir de las cuales se originó el nombre tarántula.",es:Theraphosidae,https://es.wikipedia.org/wiki/Theraphosidae
Spanish,"Rock Against Bush (en español ""Rock contra Bush"") fue un proyecto de movilización a cargo de músicos de skate punk y pop punk contra la campaña presidencial de 2004 de George W.",es:Rock Against Bush,https://es.wikipedia.org/wiki/Rock_Against_Bush
Spanish,"Fue inspirado por la idea de crear un sentimiento de antiguerra y pro paz, similar al Festival de Woodstock de 1969.",es:Rock Against Bush,https://es.wikipedia.org/wiki/Rock_Against_Bush
Spanish,"La iniciativa fue de Fat Mike, líder de la banda NOFX, inspirado en la campaña Rock Against Reagan (""rock contra Reagan"") de principios de la década de los 80.",es:Rock Against Bush,https://es.wikipedia.org/wiki/Rock_Against_Bush
Spanish,"Incluyó conciertos en vivo, una serie de álbumes compilatorios y estuvo asociado al sitio web Punkvoter.",es:Rock Against Bush,https://es.wikipedia.org/wiki/Rock_Against_Bush
Spanish,"Deniz Günay es una deportista turca que compitió en tiro con arco, en la modalidad de arco recurvo .",es:Deniz Günay,https://es.wikipedia.org/wiki/Deniz_Günay
Spanish,"Ganó una medalla de bronce en el Campeonato Mundial de Tiro con Arco al Aire Libre de 1997, una medalla de plata en el Campeonato Mundial de Tiro con Arco en Sala de 1999 y dos medallas en el Campeonato Europeo de Tiro con Arco en Sala de 1998.​​ ​​",es:Deniz Günay,https://es.wikipedia.org/wiki/Deniz_Günay
Spanish,Una aplicación descentralizada (también conocida por su acrónimo DApp) es una aplicación informática que funciona en un sistema de computación distribuido.,es:Aplicación descentralizada,https://es.wikipedia.org/wiki/Aplicación_descentralizada
Spanish,"Las aplicaciones descentralizadas han proliferado gracias a la creciente pujanza de tecnologías DLT (Distributed Ledger Technologies) como blockchain o Ethereum, donde las ""DApps"" sirven habitualmente para implementar contratos inteligentes.​",es:Aplicación descentralizada,https://es.wikipedia.org/wiki/Aplicación_descentralizada
Spanish,"Jérémy Perbet (Le Puy-en-Velay, Francia, 12 de diciembre de 1984) es un futbolista francés.",es:Jérémy Perbet,https://es.wikipedia.org/wiki/Jérémy_Perbet
Spanish,Juega de delantero en el Oud-Heverlee Leuven de la Primera División de Bélgica.​,es:Jérémy Perbet,https://es.wikipedia.org/wiki/Jérémy_Perbet
Spanish,"A fines de enero de 2020, durante el juicio político en el Senado, se supo la noticia del libro.",es:The Room Where It Happened,https://es.wikipedia.org/wiki/The_Room_Where_It_Happened
Spanish,"[Trump] enfatizó la importancia de los agricultores y aumentó las compras chinas de soya y trigo en el resultado electoral""​ (Bolton también escribió que quería citar directamente a Trump, pero no pudo hacerlo debido al ""proceso de revisión previa a la publicación del gobierno""​).",es:The Room Where It Happened,https://es.wikipedia.org/wiki/The_Room_Where_It_Happened
Spanish,"Tránsito es una estación de ferrocarril de la ciudad del mismo nombre, departamento San Justo, Provincia de Córdoba, Argentina.",es:Estación Tránsito,https://es.wikipedia.org/wiki/Estación_Tránsito
Spanish,Mal genio (Le Redoutable) es una película francesa biográfica del 2017 escrita y dirigida por Michel Hazanavicius basándose en los acontecimientos del vínculo formado por el director de cine francés Jean-Luc Godard y la actriz Anne Wiazemsky en los años 60.,es:Mal genio,https://es.wikipedia.org/wiki/Mal_genio
Spanish,"La película fue seleccionada para competir en el Festival de Cannes.​ El guion, escrito por el propio director, está basado en el libro autobiográfico Un an après de Anne Wiazemsky.​",es:Mal genio,https://es.wikipedia.org/wiki/Mal_genio
Spanish,Enicospilus hova es una especie de insecto del género Enicospilus de la familia Ichneumonidae del orden Hymenoptera.​ ​,es:Enicospilus hova,https://es.wikipedia.org/wiki/Enicospilus_hova
Spanish,Armenia estuvo representada en los Juegos Olímpicos de Pyeongchang 2018 por 3 deportistas que compitieron en 2 deportes.,es:Armenia en los Juegos Olímpicos de Pyeongchang 2018,https://es.wikipedia.org/wiki/Armenia_en_los_Juegos_Olímpicos_de_Pyeongchang_2018
Spanish,"Responsable del equipo olímpico fue el Comité Olímpico Nacional de Armenia, así como las federaciones deportivas nacionales de cada deporte con participación.",es:Armenia en los Juegos Olímpicos de Pyeongchang 2018,https://es.wikipedia.org/wiki/Armenia_en_los_Juegos_Olímpicos_de_Pyeongchang_2018
Spanish,El portador de la bandera en la ceremonia de apertura fue el esquiador de fondo Mikayel Mikayelian.,es:Armenia en los Juegos Olímpicos de Pyeongchang 2018,https://es.wikipedia.org/wiki/Armenia_en_los_Juegos_Olímpicos_de_Pyeongchang_2018
Spanish,El equipo olímpico armenio no obtuvo ninguna medalla en estos Juegos.,es:Armenia en los Juegos Olímpicos de Pyeongchang 2018,https://es.wikipedia.org/wiki/Armenia_en_los_Juegos_Olímpicos_de_Pyeongchang_2018
Spanish,Luperodes circumcinctus es una especie de insecto coleóptero de la familia Chrysomelidae.,es:Luperodes circumcinctus,https://es.wikipedia.org/wiki/Luperodes_circumcinctus
Spanish,Fue descrita científicamente en 1919 por Laboissiere.​,es:Luperodes circumcinctus,https://es.wikipedia.org/wiki/Luperodes_circumcinctus
Spanish,Ivo Ulich (9 de septiembre de 1974) es un exfutbolista checo que se desempeñaba como centrocampista.,es:Ivo Ulich,https://es.wikipedia.org/wiki/Ivo_Ulich
Spanish,Ivo Ulich jugó 8 veces para la selección de fútbol de República Checa entre 1997 y 2000.​,es:Ivo Ulich,https://es.wikipedia.org/wiki/Ivo_Ulich
Spanish,"Nightmares in the Sky: Gargoyles and Grotesques es un coffee table book sobre gárgolas arquitectónicas, fotografiado por f-stop Fitzgerald con el acompañamiento de texto de Stephen King, y publicado en 1988.",es:Nightmares in the Sky,https://es.wikipedia.org/wiki/Nightmares_in_the_Sky
Spanish,Un extracto fue publicado en la edición de septiembre de 1988 de Penthouse.,es:Nightmares in the Sky,https://es.wikipedia.org/wiki/Nightmares_in_the_Sky
Spanish,"Isla de Amuitz (en euskera Amuitz Uhartea y también conocido como Isla Amuaitz)​ es el nombre que recibe una pequeña isla española situada cerca del cabo Higuer, municipio de Fuenterrabía, provincia de Guipúzcoa.",es:Isla de Amuitz,https://es.wikipedia.org/wiki/Isla_de_Amuitz
Spanish,"Matysová es un municipio del distrito de Stará Ľubovňa en la región de Prešov, Eslovaquia, con una población estimada a final del año 2025 de 55 habitantes.​ Se encuentra ubicado al noroeste de la región, cerca del río Poprad (cuenca hidrográfica del río Vístula) y de la frontera con Polonia.​",es:Matysová,https://es.wikipedia.org/wiki/Matysová
Spanish,Microsoft ScanDisk (conocido también como ScanDisk) es un software de diagnóstico que permite comprobar en el ordenador tanto la integridad de la superficie física de su disco duro como la integridad del sistema de archivos almacenado en él.,es:Scandisk,https://es.wikipedia.org/wiki/Scandisk
Spanish,"Viene incorporado junto a sus sistemas operativos MS-DOS a partir de la versión 6, y Windows 95, 98, ME.",es:Scandisk,https://es.wikipedia.org/wiki/Scandisk
Spanish,"Los sistemas Windows basados en la plataforma NT no incluyen esta aplicación, pero permiten analizar el disco utilizando otra aplicación similar creada por Microsoft y llamada CHKDSK.",es:Scandisk,https://es.wikipedia.org/wiki/Scandisk
Spanish,"Aunque ScanDisk no puede revisar discos NTFS, y no está disponible en sistemas basados en Windows NT como Windows XP, etc porque CHKDSK esta más concentrado en sistemas basados con Windows NT.",es:Scandisk,https://es.wikipedia.org/wiki/Scandisk
Spanish,"DOSEMU, estilizado como dosemu, es un paquete de software de capa de compatibilidad que permite que los sistemas operativos DOS (por ejemplo, MS-DOS, DR-DOS, FreeDOS) y el software de aplicación se ejecuten sobre Linux en PC basadas en x86 (computadoras compatibles con PC de IBM).",es:DOSEMU,https://es.wikipedia.org/wiki/DOSEMU
Spanish,"Savelli es un municipio sito en el territorio de la provincia de Crotona, en Calabria (Italia).",es:Savelli,https://es.wikipedia.org/wiki/Savelli
Spanish,"Al igual que los Olímpicos, los Juegos Mundiales se celebran cada cuatro años.",es:Juegos Mundiales de 2013,https://es.wikipedia.org/wiki/Juegos_Mundiales_de_2013
Spanish,"En su IX edición tuvieron como sede la ciudad de Santiago de Cali (Colombia), siendo la primera vez se desarrollan en Latinoamérica, del 25 de julio de 2013 al 4 de agosto de 2013.",es:Juegos Mundiales de 2013,https://es.wikipedia.org/wiki/Juegos_Mundiales_de_2013
Spanish,"Rougemont (antiguamente en alemán Rötschmund y Retschmund) es una comuna suiza del cantón de Vaud, situada en el distrito de Riviera-Pays-d'Enhaut.",es:Rougemont (Vaud),https://es.wikipedia.org/wiki/Rougemont_(Vaud)
Spanish,"Limita al norte con la comuna de Charmey (FR), al este y sur con Saanen (BE), y al oeste con Château-d'Œx.",es:Rougemont (Vaud),https://es.wikipedia.org/wiki/Rougemont_(Vaud)
Spanish,"La comuna hizo parte hasta el 31 de diciembre de 2007 del distrito de Pays d'Enhaut, círculo de Rougemont.",es:Rougemont (Vaud),https://es.wikipedia.org/wiki/Rougemont_(Vaud)
Spanish,La vocal abierta posterior redondeada() es un sonido vocálico que se representa en el AFI con el símbolo [ɒ] (una letra griega alfa al revés).,es:Vocal abierta posterior redondeada,https://es.wikipedia.org/wiki/Vocal_abierta_posterior_redondeada
Spanish,"Aparece en lenguas como el persa o el húngaro y está presente como una variante dialectal en otros idiomas, como el inglés.",es:Vocal abierta posterior redondeada,https://es.wikipedia.org/wiki/Vocal_abierta_posterior_redondeada
Spanish,"El lenguaje de programación DASL (Distributed Application Specification Language) es un lenguaje de programación de alto nivel, fuertemente tipado, originalmente desarrollado por Sun Microsystems Labs, entre 1999 y 2003 como parte del Proyecto Ace.",es:Distributed Application Specification Language,https://es.wikipedia.org/wiki/Distributed_Application_Specification_Language
Spanish,"Los objetivos del proyecto fueron permitir un desarrollo rápido de aplicaciones web basadas en la arquitectura J2EE de Sun, y eliminar la dura curva de aprendizaje específica de los detalles de cada plataforma.",es:Distributed Application Specification Language,https://es.wikipedia.org/wiki/Distributed_Application_Specification_Language
Spanish,"DASL define una aplicación como un modelo de dominio con uno o más modelos de presentación lógicos, donde un modelo de presentación lógica consiste en una coreografía de los objetos de dominio del modelo que se describen en una serie de formas con las acciones adjuntas.",es:Distributed Application Specification Language,https://es.wikipedia.org/wiki/Distributed_Application_Specification_Language
Spanish,DASL genera la interfaz gráfica de usuario directamente desde la presentación lógica.,es:Distributed Application Specification Language,https://es.wikipedia.org/wiki/Distributed_Application_Specification_Language
Spanish,"Vohilava puede referirse a: Vohilava (Mananjary), comuna del distrito de Mananjary, región de Vatovavy, Madagascar.",es:Vohilava,https://es.wikipedia.org/wiki/Vohilava
Spanish,"Vohilava (Nosy Varika), comuna del distrito de Nosy Varika, región de Vatovavy, Madagascar.",es:Vohilava,https://es.wikipedia.org/wiki/Vohilava
Spanish,"Vohilava Sahasondry, comuna del distrito de Manakara, región de Fitovinany, Madagascar.",es:Vohilava,https://es.wikipedia.org/wiki/Vohilava
Spanish,"Los fuertes vitrificados son recintos de piedra cuyos muros han sido sometidas a vitrificación por calor.​ Durante mucho tiempo se pensó que estas estructuras eran exclusivas de Escocia, pero desde entonces se han identificado en varias otras partes de Europa occidental y septentrional.",es:Fuerte vitrificado,https://es.wikipedia.org/wiki/Fuerte_vitrificado
Spanish,Los fuertes vitrificados generalmente están situados en colinas que ofrecen fuertes posiciones defensivas.,es:Fuerte vitrificado,https://es.wikipedia.org/wiki/Fuerte_vitrificado
Spanish,Su forma parece haber sido determinada por el contorno de las cimas planas que encierran.,es:Fuerte vitrificado,https://es.wikipedia.org/wiki/Fuerte_vitrificado
Spanish,"Los muros varían en tamaño, algunos tienen más de 3.7 m de altura y son tan anchos que presentan la apariencia de terraplenes.",es:Fuerte vitrificado,https://es.wikipedia.org/wiki/Fuerte_vitrificado
Spanish,"Marcelo Santos Vera (Bahía de Caráquez, 26 de agosto de 1938-Guayaquil, 1 de septiembre de 2010) fue un abogado y político conservador ecuatoriano.",es:Marcelo Santos,https://es.wikipedia.org/wiki/Marcelo_Santos
Spanish,"Durante su vida ocupó varios cargos públicos, entre los que destacan Diputado, Asambleísta, Ministro de Gobierno y Embajador de Ecuador ante la Santa Sede.",es:Marcelo Santos,https://es.wikipedia.org/wiki/Marcelo_Santos
Spanish,Esta investigación surge ante la falta de estadísticas serias que le permitan a la administración pública tomar decisiones o planificar programas dirigidos a prevenir o atender eficientemente a las personas con discapacidad.,es:Misión Solidaria Manuela Espejo,https://es.wikipedia.org/wiki/Misión_Solidaria_Manuela_Espejo
Spanish,En el marco del estudio de la Misión Solidaria Manuela Espejo se realizaron 825.576 atenciones médicas a personas con discapacidad o a familiares.,es:Misión Solidaria Manuela Espejo,https://es.wikipedia.org/wiki/Misión_Solidaria_Manuela_Espejo
Spanish,"Se efectuaron también 21.062 consultas de genetistas y 35.257 consultas de otros especialistas; se registraron 26.327 casos críticos, que fueron atendidos urgente y oportunamente por la red pública de Salud.",es:Misión Solidaria Manuela Espejo,https://es.wikipedia.org/wiki/Misión_Solidaria_Manuela_Espejo
Spanish,"Estos datos arrojan una prevalencia de 2,43% de personas con discapacidad a nivel nacional.",es:Misión Solidaria Manuela Espejo,https://es.wikipedia.org/wiki/Misión_Solidaria_Manuela_Espejo
Spanish,"Carlos Miranda Vera (Dzibalchén, Hopelchén Campeche 1840 - Tenabo, Campeche 1915) fue un militar y político mexicano.",es:Carlos Miranda Vera,https://es.wikipedia.org/wiki/Carlos_Miranda_Vera
Spanish,"Shōkō Tennō (称光天皇, Shōkō Tennō?) (12 de mayo de 1401 - 30 de agosto de 1428) fue el 101.er emperador de Japón, de acuerdo al orden tradicional de sucesión.",es:Shōkō Tennō,https://es.wikipedia.org/wiki/Shōkō_Tennō
Spanish,Reinó del 5 de octubre de 1412 hasta su muerte el 30 de agosto de 1428.,es:Shōkō Tennō,https://es.wikipedia.org/wiki/Shōkō_Tennō
Spanish,"Su nombre personal era Mihito, primero escrito 躬仁, y luego como 実仁.",es:Shōkō Tennō,https://es.wikipedia.org/wiki/Shōkō_Tennō
Spanish,"Kaderimin Yazıldığı Gün (en español: El día en que mi destino fue escrito), más conocida como Una parte de mí, es una serie de televisión turca de 2014 producida por O3 Medya y emitida por Star TV.​ Es una adaptación de la telenovela argentina Mujer comprada, escrita por Ligia Lezama.",es:Kaderimin Yazıldığı Gün,https://es.wikipedia.org/wiki/Kaderimin_Yazıldığı_Gün
Spanish,"Anselme Flamen, nacido el 2 de enero de 1647 en Saint-Omer, Pas-de-Calais y fallecido el 16 de mayo de 1717 en París, fue un escultor francés, cuyas obras adornan los jardines de Versalles y el Louvre.",es:Anselme Flamen,https://es.wikipedia.org/wiki/Anselme_Flamen
Spanish,"Sitalkuchi es una ciudad de la India, en el distrito de Koch Bihar, estado de Bengala Occidental.",es:Sitalkuchi,https://es.wikipedia.org/wiki/Sitalkuchi
Spanish,"Schedorhinotermes ganlanbaensis es una especie de termita subterránea del género Schedorhinotermes, de la familia Rhinotermitidae,​ orden Blattodea.​ Fue descrita por Xia & He en 1980.​​",es:Schedorhinotermes ganlanbaensis,https://es.wikipedia.org/wiki/Schedorhinotermes_ganlanbaensis
Spanish,Francisco Antonio Samuel Mercedes (nacido el 20 de diciembre de 1986 en San Pedro de Macorís) es un lanzador dominicano de ligas menores que se encuentra en la organización de los Cardenales de San Luis.,es:Francisco Samuel,https://es.wikipedia.org/wiki/Francisco_Samuel
Spanish,"Firmó como un agente libre no drafteado por los Cardenales en el 2006, y fue introducido en el roster de 40 hombres del equipo antes de la temporada 2010.",es:Francisco Samuel,https://es.wikipedia.org/wiki/Francisco_Samuel
Spanish,Actualmente juega en Clase AA para Springfield Cardinals.,es:Francisco Samuel,https://es.wikipedia.org/wiki/Francisco_Samuel
Spanish,"Gusti Laz es una localidad de Croacia en la ciudad de Delnice, condado de Primorje-Gorski Kotar.",es:Gusti Laz,https://es.wikipedia.org/wiki/Gusti_Laz
Spanish,"Eladio Zárate León (Alberdi, Paraguay, 14 de enero de 1942-Lambaré, Paraguay, 4 de mayo de 2026)​ fue un futbolista y entrenador paraguayo, que jugó como delantero.",es:Eladio Zárate,https://es.wikipedia.org/wiki/Eladio_Zárate
Spanish,La comunidad de comunas de Bresse-Dombes-Sud Revermont (en francés communauté de communes Bresse-Dombes-Sud Revermont) era una estructura intercomunal francesa del departamento de Ain.,es:Comunidad de comunas de Bresse-Dombes-Sur Revermont,https://es.wikipedia.org/wiki/Comunidad_de_comunas_de_Bresse-Dombes-Sur_Revermont
Spanish,Johnson Village es un lugar designado por el censo ubicado en el condado de Chaffee en el estado estadounidense de Colorado.,es:Johnson Village (Colorado),https://es.wikipedia.org/wiki/Johnson_Village_(Colorado)
Spanish,"En el Censo de 2010 tenía una población de 246 habitantes y una densidad poblacional de 317,66 personas por km².​",es:Johnson Village (Colorado),https://es.wikipedia.org/wiki/Johnson_Village_(Colorado)
Spanish,"Miguel de Grecia (en griego moderno: Μιχαήλ της Ελλάδας / Michaíl tis Elládas, Roma, 7 de enero de 1939-Atenas, 28 de julio de 2024)​ fue un príncipe, escritor e historiador griego.",es:Miguel de Grecia,https://es.wikipedia.org/wiki/Miguel_de_Grecia
Spanish,"El Sony Ericsson W205 es un teléfono celular económico de la línea Walkman, un móvil slider con banda dual GSM con una pantalla de 65k colores, cámara de 1.3 megapixels, Bluetooth, ranura de memoria Memory Stick Micro (M2), Reproductor de música y radio FM con antena integrada.​",es:Sony Ericsson W205,https://es.wikipedia.org/wiki/Sony_Ericsson_W205
Spanish,"Genjuro Kibagami |牙神 幻十郎| Kibagami Genjūrō En japonés su nombre tiene como significado: ""El décimo hijo Místico"" y es un personaje de la saga de videojuegos Samurai Shodown.",es:Genjuro Kibagami,https://es.wikipedia.org/wiki/Genjuro_Kibagami
Spanish,Fue presentado en Samurai Shodown II y es rival de Haohmaru.,es:Genjuro Kibagami,https://es.wikipedia.org/wiki/Genjuro_Kibagami
Spanish,El diseño de Genjuro se centra en la cicatriz de su espalda.,es:Genjuro Kibagami,https://es.wikipedia.org/wiki/Genjuro_Kibagami
Spanish,A pesar de la creencia popular no tiene ninguna relación con Iori Yagami.,es:Genjuro Kibagami,https://es.wikipedia.org/wiki/Genjuro_Kibagami
Spanish,"La Masacre de Barlovento fue un asesinato masivo que tuvo lugar en octubre de 2016 en el sector La Maturetera del municipio Brión y el sector Aragüita, en el extremo norte del Parque Nacional Guatopo, municipio Acevedo, del estado Miranda, Venezuela.",es:Masacre de Barlovento,https://es.wikipedia.org/wiki/Masacre_de_Barlovento
Spanish,"Un total de 20 jóvenes fueron detenidos el 15 de octubre de 2016 presuntamente por la Operación de Liberación del Pueblo (OLP), un operativo de la Fuerza Armada Nacional Bolivariana (FANB) y que el gobierno de Nicolás Maduro comenzó en un intento por combatir el crimen en 2015.",es:Masacre de Barlovento,https://es.wikipedia.org/wiki/Masacre_de_Barlovento
Spanish,Para el 21 de octubre 8 de los jóvenes fueron liberados y el restante 12 según denuncias desaparecieron.,es:Masacre de Barlovento,https://es.wikipedia.org/wiki/Masacre_de_Barlovento
Spanish,"El 25 de noviembre de 2016, funcionarios de la División Nacional de Investigaciones de Homicidios del Cuerpo de Investigaciones Científicas, Penales y Criminalísticas y de la Dirección General de Contra Inteligencia Militar hallaron fosas comunes en las dos áreas de Barlovento.",es:Masacre de Barlovento,https://es.wikipedia.org/wiki/Masacre_de_Barlovento
Spanish,Fue pionero en el desarrollo de la teoría del caos.,es:Edward Lorenz,https://es.wikipedia.org/wiki/Edward_Lorenz
Spanish,Fue quien introdujo el concepto de atractores extraños y acuñó el término efecto mariposa.,es:Edward Lorenz,https://es.wikipedia.org/wiki/Edward_Lorenz
Spanish,"Frederick Duncan (14 de septiembre de 1951),​ conocido como F.",es:Duncan Haldane,https://es.wikipedia.org/wiki/Duncan_Haldane
Spanish,"Duncan Haldane, es un físico británico, profesor Eugene Higgins de física en la Universidad de Princeton, miembro del Instituto Perimeter de Física Teórica​ y Miembro de la Royal Society.​ Ganó el Premio Nobel de Física de 2016 junto con David J.",es:Duncan Haldane,https://es.wikipedia.org/wiki/Duncan_Haldane
Spanish,Thouless y John Michael Kosterlitz.​​​,es:Duncan Haldane,https://es.wikipedia.org/wiki/Duncan_Haldane
Spanish,"Piratapuyo o Wa'íkaná (hombres pez), son una etnia indígena originaria de las cuencas hidrográficas de los ríos Papurí y Tiquié, en el departamento colombiano de Vaupés y el estado de Amazonas (Brasil).",es:Piratapuyo,https://es.wikipedia.org/wiki/Piratapuyo
Spanish,Son una fatria conformada por los linajes patrilineales.,es:Piratapuyo,https://es.wikipedia.org/wiki/Piratapuyo
Spanish,La estrella girasol (Pycnopodia helianthoides) es una especie de equinodermo asteroideo de la familia Asteriidae; es predadora y habita en la costa noroeste de Norteamérica.​,es:Pycnopodia helianthoides,https://es.wikipedia.org/wiki/Pycnopodia_helianthoides
Spanish,"Francisco Gil de Taboada y Lemos (Santa María de Soutolongo, Lalín; 24 de septiembre de 1733 – Madrid; 19 de febrero de 1810) fue un noble, político y marino español, XI virrey de Nueva Granada (1789), XXXV virrey del Perú (1790-1796) y XI capitán general de la Real Armada Española.",es:Francisco Gil de Taboada,https://es.wikipedia.org/wiki/Francisco_Gil_de_Taboada
Spanish,"Los membracoideos (Membracoidea) son una superfamilia de insectos hemípteros del suborden Auchenorrhyncha que incluye dos de las más grandes familias de homópteros, Cicadellidae y Membracidae.",es:Membracoidea,https://es.wikipedia.org/wiki/Membracoidea
Spanish,"Las otras familias de este grupo son bastante pequeñas y, por lo general, han sido incluidas dentro de otras familias, aunque todas ellas son actualmente consideradas como grupos monofiléticos válidos.",es:Membracoidea,https://es.wikipedia.org/wiki/Membracoidea
Spanish,La relicta y extraña familia Myerslopiidae es una de las familias de hemípteros descrita más recientemente.,es:Membracoidea,https://es.wikipedia.org/wiki/Membracoidea
Spanish,El Mathematische Annalen (abreviado como Math.,es:Mathematische Annalen,https://es.wikipedia.org/wiki/Mathematische_Annalen
Spanish,Annal.) es una revista científica matemática alemana publicada por Springer Science+Business Media.,es:Mathematische Annalen,https://es.wikipedia.org/wiki/Mathematische_Annalen
Spanish,Fue fundada en 1868 por Alfred Clebsch y Carl Neumann.,es:Mathematische Annalen,https://es.wikipedia.org/wiki/Mathematische_Annalen
Spanish,"Los editores posteriores incluyen a Felix Klein, David Hilbert, Otto Blumenthal, Erich Hecke, Heinrich Behnke, Hans Grauert, Heinz Bauer, Herbert Amann, Jean-Pierre Bourguignon y Wolfgang Lück.",es:Mathematische Annalen,https://es.wikipedia.org/wiki/Mathematische_Annalen
Spanish,"Mafeking es una localidad de Trinidad y Tobago, que forma parte de la región de Mayaro-Rio Claro.​​",es:Mafeking (Trinidad y Tobago),https://es.wikipedia.org/wiki/Mafeking_(Trinidad_y_Tobago)
Spanish,"Cofidis (código UCI: COF) es un equipo ciclista profesional de Francia, de categoría UCI ProTeam.","es:Cofidis, Solutions Crédits","https://es.wikipedia.org/wiki/Cofidis,_Solutions_Crédits"
Spanish,Participa en las carreras del UCI WorldTour tomando parte también de carreras de los Circuitos Continentales UCI (el europeo principalmente).,"es:Cofidis, Solutions Crédits","https://es.wikipedia.org/wiki/Cofidis,_Solutions_Crédits"
Spanish,"Pušina es una localidad de Croacia en el municipio de Čačinci, condado de Virovitica-Podravina.",es:Pušina,https://es.wikipedia.org/wiki/Pušina
Spanish,"Marcel Iureș (Băilești, Dolj; 2 de agosto de 1951) es un actor de teatro y cine rumano, conocido por sus participaciones en cine.​",es:Marcel Iureș,https://es.wikipedia.org/wiki/Marcel_Iureș
Spanish,"Agrilus inhabilis es una especie de insecto del género Agrilus, familia Buprestidae, orden Coleoptera.",es:Agrilus inhabilis,https://es.wikipedia.org/wiki/Agrilus_inhabilis
Spanish,"Fue descrita científicamente por Kerremans, en 1900.​​ Mide 9.5 mm.",es:Agrilus inhabilis,https://es.wikipedia.org/wiki/Agrilus_inhabilis
Spanish,Se encuentra en Norteamérica.​,es:Agrilus inhabilis,https://es.wikipedia.org/wiki/Agrilus_inhabilis
Spanish,"Oświęcim (en polaco: Oświęcim, pronunciado /ɔʑˈvjɛɲtɕim/ (); en alemán: Auschwitz, pronunciado /ˈaʊʒvɪts/ (); romanizado, Ushpitizin, antiguamente en español Osvecimia​) es una población del sur de Polonia de unos 43.000 habitantes (2001).",es:Oświęcim,https://es.wikipedia.org/wiki/Oświęcim
Spanish,"Esta ciudad, con el nombre alemán de Auschwitz, es mundialmente conocida, principalmente, por el campo de concentración que allí construyó la Alemania nazi durante la Segunda Guerra Mundial.",es:Oświęcim,https://es.wikipedia.org/wiki/Oświęcim
Spanish,"Constantina Pérez Martínez, conocida como Tina Pérez (Santa Cruz de Mieres, 1929 - 14 de octubre de 1965) fue una militante comunista española.",es:Tina Pérez,https://es.wikipedia.org/wiki/Tina_Pérez
Spanish,Llevó a cabo labores decisivas durante la Huelgona de 1962 junto a sus compañeras Anita Sirgo y Celestina Marrón.​,es:Tina Pérez,https://es.wikipedia.org/wiki/Tina_Pérez
Spanish,«Purple Lamborghini» es una canción de Skrillex y Rick Ross.,es:Purple Lamborghini,https://es.wikipedia.org/wiki/Purple_Lamborghini
Spanish,"La canción fue lanzada como un sencillo para la banda sonora de Escuadrón Suicida (2016) el 22 de julio de 2016 a través de Atlantic Records y Warner Bros.​ La canción fue producida por Batió Billionaire y Skrillex, quién también participado en la composición de banda, junto con Rick Ross.​",es:Purple Lamborghini,https://es.wikipedia.org/wiki/Purple_Lamborghini
Spanish,"La Goulue (Clichy, 13 de julio de 1866-París, 30 de enero de 1929), nacida como Louise Weber, fue una bailarina del cancán parisino, inmortalizada por Henri de Toulouse-Lautrec, apodada La Goulue (la golosa), y conocida en la belle époque como la Reina de Montmartre.",es:La Goulue,https://es.wikipedia.org/wiki/La_Goulue
Spanish,"Erishum III, rey de Assur del Imperio Antiguo (h.",es:Erishum III,https://es.wikipedia.org/wiki/Erishum_III
Spanish,"C.) Hijo del rey Kidin-Ninua, sucedió a su hermano Sharma-Adad II.",es:Erishum III,https://es.wikipedia.org/wiki/Erishum_III
Spanish,"Gobernó durante unos trece años y fue sucedido por otro hermano, Shamshi-Adad II.",es:Erishum III,https://es.wikipedia.org/wiki/Erishum_III
Spanish,No se conocen más datos sobre este monarca.,es:Erishum III,https://es.wikipedia.org/wiki/Erishum_III
Spanish,"James Cowles Prichard (11 de febrero de 1786 en Ross-on-Wye, Herefordshire - 23 de diciembre de 1848) fue un médico británico y etnólogo.",es:James Cowles Prichard,https://es.wikipedia.org/wiki/James_Cowles_Prichard
Spanish,"Su libro Researches into the physical history of mankind (Investigaciones sobre la historia física de la humanidad),​ de 1813, influenció poderosamente a Charles Darwin, al sostener una teoría unitaria del surgimiento de las razas de seres humanos.",es:James Cowles Prichard,https://es.wikipedia.org/wiki/James_Cowles_Prichard
Spanish,La nueva utopía es una novela utópica del escritor y activista libertario Ricardo Mella.,es:La nueva utopía,https://es.wikipedia.org/wiki/La_nueva_utopía
Spanish,"Se escribió originalmente para el Segundo Certamen Socialista en 1889, en el cual fue galardonada,​ y fue publicada un año después en 1890.​",es:La nueva utopía,https://es.wikipedia.org/wiki/La_nueva_utopía
Spanish,La Crónica de Radziwiłł o Crónica de Könisberg es una importante obra sobre la historia de la Rus de Kiev y sus vecinos escrita en antiguo eslavo oriental (también conocido como ruso antiguo o ruteno).,es:Crónica de Radziwiłł,https://es.wikipedia.org/wiki/Crónica_de_Radziwiłł
Spanish,Abarca desde el siglo V hasta principios del siglo XIII.,es:Crónica de Radziwiłł,https://es.wikipedia.org/wiki/Crónica_de_Radziwiłł
Spanish,"La familia es la de los príncipes (título que les dio el Sacro Imperio Romano-Germánico) Radziwiłł del Gran Ducado de Lituania (más tarde, República de las Dos Naciones, Polonia y Lituania), y lo guardaron en su Palacio o castillo de Nieśwież o Nesvizh durante los siglos XVII y XVIII.",es:Crónica de Radziwiłł,https://es.wikipedia.org/wiki/Crónica_de_Radziwiłł
Spanish,Hay dos relatos sobre cómo se sustrajo.,es:Crónica de Radziwiłł,https://es.wikipedia.org/wiki/Crónica_de_Radziwiłł
Spanish,"Buiikikaesu (ぶっ生き返す) es el quinto disco de la banda de funk-punk-metal, Maximum The Hormone, lanzado el 14 de marzo de 2007 bajo el sello Vap Records.",es:Buiikikaesu,https://es.wikipedia.org/wiki/Buiikikaesu
Spanish,"La fama de este disco es mucho mayor que la de los anteriores, dado un poco al estilo más pesado, las apariciones en series de anime y la mezcla aún más inusual de estilos combinando el propio metalcore con melodías pop.",es:Buiikikaesu,https://es.wikipedia.org/wiki/Buiikikaesu
Spanish,"Además gracias al disco logran actuar en televisión, diversos festivales y marcar récords.",es:Buiikikaesu,https://es.wikipedia.org/wiki/Buiikikaesu
Spanish,"consiguió el quinto puesto en la lista Oricon, vendiendo más de 70 000 copias y 250 000 en todo el mundo.",es:Buiikikaesu,https://es.wikipedia.org/wiki/Buiikikaesu
Spanish,"Brandon Thompson Jenner​ (Los Ángeles, California; 4 de junio de 1981)​ es un músico, personalidad de televisión, socialité y modelo estadounidense.",es:Brandon Jenner,https://es.wikipedia.org/wiki/Brandon_Jenner
Spanish,Onthophagus ibex es una especie de insecto del género Onthophagus de la familia Scarabaeidae del orden Coleoptera.​ ​,es:Onthophagus ibex,https://es.wikipedia.org/wiki/Onthophagus_ibex
Spanish,"Larisa Kabakova –en ruso, Лариса Кабакова– (nacida Larisa Beznitskaya, 1953) es una deportista soviética que compitió en piragüismo en la modalidad de aguas tranquilas.",es:Larisa Kabakova,https://es.wikipedia.org/wiki/Larisa_Kabakova
Spanish,Ganó tres medallas en el Campeonato Mundial de Piragüismo entre los años 1973 y 1975.​,es:Larisa Kabakova,https://es.wikipedia.org/wiki/Larisa_Kabakova
Spanish,"Hohenahr es un municipio situado en el distrito de Lahn-Dill, en el estado federado de Hesse (Alemania).",es:Hohenahr,https://es.wikipedia.org/wiki/Hohenahr
Spanish,"Su población estimada a finales de 2016 era de 4799 habitantes.​​ Se encuentra ubicado en el centro-oeste del estado, muy cerca de la orilla del río Lahn, un afluente del Rin.",es:Hohenahr,https://es.wikipedia.org/wiki/Hohenahr
Spanish,"Allier es una comuna y población de Francia, en la región de Mediodía-Pirineos, departamento de Altos Pirineos, en el distrito de Tarbes y cantón de Séméac.",es:Allier (Altos Pirineos),https://es.wikipedia.org/wiki/Allier_(Altos_Pirineos)
Spanish,"Žłobin (en bielorruso: Жлобінскі раён) es un raión o distrito de Bielorrusia, en la provincia (óblast) de Gómel.",es:Raión de Žłobin,https://es.wikipedia.org/wiki/Raión_de_Žłobin
Spanish,Comprende una superficie de 2 100 km².,es:Raión de Žłobin,https://es.wikipedia.org/wiki/Raión_de_Žłobin
Spanish,"San Mango sul Calore es uno de los municipios o comunas (""comune"" en italiano) de la provincia de Avellino, en la región de Campania.",es:San Mango sul Calore,https://es.wikipedia.org/wiki/San_Mango_sul_Calore
Spanish,"Con cerca de 1.235 habitantes, según el censo de 2005, se extiende por una área de 14 km², teniendo una densidad de población de 88 hab/km².",es:San Mango sul Calore,https://es.wikipedia.org/wiki/San_Mango_sul_Calore
Spanish,"Linda con los municipios de Castelvetere sul Calore, Chiusano di San Domenico, Lapio, Luogosano, Paternopoli, y Taurasi.",es:San Mango sul Calore,https://es.wikipedia.org/wiki/San_Mango_sul_Calore
Spanish,"Sydenham Teast Edwards (1768 – 1819) fue un ilustrador botánico, de historia natural, galés.",es:Sydenham Edwards,https://es.wikipedia.org/wiki/Sydenham_Edwards
Spanish,"Liveland Raspberry es una variedad cultivar de manzano (Malus domestica).​​​ Una variedad de manzana que se originó en la provincia báltica de ""Lievland"" (Lituania) antes de mediados del siglo XIX.",es:Liveland Raspberry,https://es.wikipedia.org/wiki/Liveland_Raspberry
Spanish,"Las frutas tienen una pulpa de color blanca, a veces con manchas rojas debajo de la piel, con textura de grano fino, tierno y muy jugoso y aromático con un ligero sabor a frambuesa.",es:Liveland Raspberry,https://es.wikipedia.org/wiki/Liveland_Raspberry
Spanish,"Tolera las zonas de rusticidad según el departamento USDA, de nivel 4.​",es:Liveland Raspberry,https://es.wikipedia.org/wiki/Liveland_Raspberry
Spanish,La Voz de Galicia fue una publicación que se editó en Buenos Aires entre 1910 y 1915.​,es:La Voz de Galicia (Buenos Aires),https://es.wikipedia.org/wiki/La_Voz_de_Galicia_(Buenos_Aires)
Spanish,"Los nasa o paez son un pueblo indígena, que habita el departamento del Cauca en la zona andina del suroccidente de Colombia.",es:Pueblo nasa,https://es.wikipedia.org/wiki/Pueblo_nasa
Spanish,"Los municipios con mayor población nasa son Toribío, Páez y Caldono.​ Además del Cauca, hay algunas comunidades nasa en los departamentos de Valle del Cauca, Putumayo, Tolima, Huila, Caquetá y Meta.​",es:Pueblo nasa,https://es.wikipedia.org/wiki/Pueblo_nasa
Spanish,Un material cerámico es aquel constituido por sólidos inorgánicos metálicos o no metálicos que ha sido fabricado mediante tratamiento térmico.,es:Material cerámico,https://es.wikipedia.org/wiki/Material_cerámico
Spanish,"Para obtener objetos de cerámica a partir del barro es imprescindible un horno que caliente el material a altas temperaturas.​ Aunque los materiales cerámicos no son metales, pueden incluir en su composición átomos metálicos como el hierro o el aluminio.",es:Material cerámico,https://es.wikipedia.org/wiki/Material_cerámico
Spanish,"Los materiales cerámicos avanzados se fabrican a base de materias primas de alta pureza y composición química controlada, por ejemplo titanato de bario.",es:Material cerámico,https://es.wikipedia.org/wiki/Material_cerámico
Spanish,"El procesado está sujeto a un control preciso de tal forma que el producto final cuenta con una microestructura definida que asegura una alta fiabilidad para el fin para el que se ha diseñado, por ejemplo en medicina para huesos y articulaciones artificiales o implantes dentales.",es:Material cerámico,https://es.wikipedia.org/wiki/Material_cerámico
Spanish,El antónimo de caducifolio en el sentido botánico es perennifolio.,es:Caducifolio,https://es.wikipedia.org/wiki/Caducifolio
Spanish,"En ocasiones se usa el calco del inglés decidua (del inglés deciduous).​ En general, el término «caduco» significa «la caída de una parte que ya no es necesaria o útil» y la «caída después de que se termina su propósito».",es:Caducifolio,https://es.wikipedia.org/wiki/Caducifolio
Spanish,"En las plantas, es el resultado de procesos naturales.",es:Caducifolio,https://es.wikipedia.org/wiki/Caducifolio
Spanish,"«Caduco» tiene un significado similar cuando se refiere a partes de animales, como astas caducas de ciervos,​ dientes deciduos (dientes de leche) en algunos mamíferos (incluidos los humanos); o decidua, el revestimiento uterino que se desprende después del nacimiento.",es:Caducifolio,https://es.wikipedia.org/wiki/Caducifolio
Spanish,Suspiro Picacho llamado informalmente Picacho es una localidad del estado mexicano de San Luis Potosí.,es:Suspiro Picacho,https://es.wikipedia.org/wiki/Suspiro_Picacho
Spanish,Que forma parte del municipio de Mexquitic de Carmona.​,es:Suspiro Picacho,https://es.wikipedia.org/wiki/Suspiro_Picacho
Spanish,"La princesa y el guisante (título original: Prinsessen paa Ærten), también conocido como Una verdadera princesa, es un cuento de hadas del escritor danés Hans Christian Andersen.",es:La princesa y el guisante,https://es.wikipedia.org/wiki/La_princesa_y_el_guisante
Spanish,Fue publicado por primera vez el 8 de mayo de 1835.,es:La princesa y el guisante,https://es.wikipedia.org/wiki/La_princesa_y_el_guisante
Spanish,"Un tónico (del griego tonikòs, ""relajado""), también conocido como loción tonificante, es una sustancia que se aplica en la piel, fundamentalmente en la fez -denominada tónico facial-, con el propósito de cerrar los poros, depurar la piel y prepararla para aplicar una crema hidratante.​",es:Tónico (cosmética),https://es.wikipedia.org/wiki/Tónico_(cosmética)
Spanish,"El lago Stempfle (en alemán: see) es un lago situado cerca de la ciudad de Augsburgo, en la región administrativa de Suabia, en el estado de Baviera (Alemania); tiene un área de 1.4 hectáreas.",es:Lago Stempfle,https://es.wikipedia.org/wiki/Lago_Stempfle
Spanish,"Sensibilidad hace referencia a: la facultad de sentir, propia de los seres animados.​ en estética: gusto artístico.",es:Sensibilidad,https://es.wikipedia.org/wiki/Sensibilidad
Spanish,"en psicología, ética o moral: empatía, compasión, humanidad, etc.",es:Sensibilidad,https://es.wikipedia.org/wiki/Sensibilidad
Spanish,en neuropsicología y psicología de la personalidad: sensibilidad de procesamiento sensorial.,es:Sensibilidad,https://es.wikipedia.org/wiki/Sensibilidad
Spanish,"en medicina y biología: - sensibilidad biológica, facultad de un ser vivo de percibir estímulos externos e internos a través de los sentidos; - sensibilidad epidemiológica, probabilidad de clasificar correctamente a un individuo enfermo; - sensibilidad química múltiple.",es:Sensibilidad,https://es.wikipedia.org/wiki/Sensibilidad
Spanish,"Radevia hanusi es una especie de escarabajo.​ Es la única especie del género Radevia, familia Leiodidae.​​ Fue descrita por Knirsch en 1925.​ Se encuentra en Bulgaria.",es:Radevia hanusi,https://es.wikipedia.org/wiki/Radevia_hanusi
Spanish,"Saint-Ferréol-d'Auroure es una población y comuna francesa, situada en la región de Auvernia, departamento de Alto Loira, en el distrito de Yssingeaux y cantón de Saint-Didier-en-Velay.",es:Saint-Ferréol-d'Auroure,https://es.wikipedia.org/wiki/Saint-Ferréol-d'Auroure
Spanish,El nombre de Gonzalo Menéndez puede aludir a alguno de los siguientes individuos: Gonzalo Menéndez (m.,es:Gonzalo Menéndez (desambiguación),https://es.wikipedia.org/wiki/Gonzalo_Menéndez_(desambiguación)
Spanish,Magnate galaicoportugués del siglo X que consiguió que sus descendientes emparentaran con los reyes de León.,es:Gonzalo Menéndez (desambiguación),https://es.wikipedia.org/wiki/Gonzalo_Menéndez_(desambiguación)
Spanish,Gonzalo Menéndez Pidal (1911-2008).,es:Gonzalo Menéndez (desambiguación),https://es.wikipedia.org/wiki/Gonzalo_Menéndez_(desambiguación)
Spanish,Historiador español y académico de la Real Academia de la Historia.,es:Gonzalo Menéndez (desambiguación),https://es.wikipedia.org/wiki/Gonzalo_Menéndez_(desambiguación)
Spanish,"Los Mamuthones son personajes tradicionales de la fiesta de carnaval de Mamoiada, en Cerdeña.",es:Mamuthones,https://es.wikipedia.org/wiki/Mamuthones
Spanish,"Representan figuras infernales que desfilan por las calles, junto a los Issohadores, el 17 de enero para la fiesta dedicada a San Antonio Abad y, días después, para el carnaval.",es:Mamuthones,https://es.wikipedia.org/wiki/Mamuthones
Spanish,"San Pablo de Nuevo Napeanos fue un pueblo de los territorios amazónicos que conforman hoy la actual ciudad de Iquitos, fueron habitados por las tribus selváticas de los Yameos (nativos napeanos) y los Iquitos, hasta la llegada de los españoles.",es:San Pablo de Nuevo Napeanos,https://es.wikipedia.org/wiki/San_Pablo_de_Nuevo_Napeanos
Spanish,"La Dolores es una película española de 1940 dirigida por Florián Rey,​ glosando por enésima vez el mito de “La Dolores”.",es:La Dolores (película de 1940),https://es.wikipedia.org/wiki/La_Dolores_(película_de_1940)
Spanish,El Fiat Tipo (type 160) es un automóvil de turismo del segmento C.,es:Fiat Tipo (1988),https://es.wikipedia.org/wiki/Fiat_Tipo_(1988)
Spanish,Fue producido por el fabricante italiano Fiat entre los años 1988 y 1998.,es:Fiat Tipo (1988),https://es.wikipedia.org/wiki/Fiat_Tipo_(1988)
Spanish,"Fue proyectado y desarrollado por Fiat para sustituir al Fiat Ritmo y se fabricó hasta el año 1998, (Europa 1995) siendo reemplazado por el tándem Fiat Bravo/Brava.",es:Fiat Tipo (1988),https://es.wikipedia.org/wiki/Fiat_Tipo_(1988)
Spanish,"Sus principales rivales son los Citroën ZX, Ford Escort, Opel Astra, Peugeot 309, Renault 19 y Volkswagen Golf.",es:Fiat Tipo (1988),https://es.wikipedia.org/wiki/Fiat_Tipo_(1988)
Spanish,"Simón Calvo Gutiérrez (Burgos, 28 de octubre de 1898-Burgos, 23 de agosto de 1967) fue un alfarero y artista polifacético español.",es:Simón Calvo,https://es.wikipedia.org/wiki/Simón_Calvo
Spanish,"Se formó en el taller familiar y a partir de 1910 amplió conocimientos en la academia de dibujo y la Sección de Oficios de la Escuela de Artes y Oficios y de Agricultura de su ciudad natal, hasta 1926.",es:Simón Calvo,https://es.wikipedia.org/wiki/Simón_Calvo
Spanish,Participó en la Exposición Nacional de Bellas Artes de Madrid y en la Exposición Iberoamericana de Sevilla de 1930.​ Desde 1932 a 1936 fue profesor de cerámica artística en la Escuela Elemental de Trabajo de Burgos.,es:Simón Calvo,https://es.wikipedia.org/wiki/Simón_Calvo
Spanish,"Buena parte de su obra se conserva en varias instituciones y colecciones de Burgos, entre las que destaca la del Ayuntamiento de la capital burgalesa.​​",es:Simón Calvo,https://es.wikipedia.org/wiki/Simón_Calvo
Spanish,"«A fuego lento» es un tango instrumental compuesto por Horacio Salgán, estrenado en 1953 y grabado por primera vez en 1955 por su autor el sello T.K.",es:A fuego lento (tango),https://es.wikipedia.org/wiki/A_fuego_lento_(tango)
Spanish,"de la que se ha dicho que es ""la marca del orillo de su autor"".​",es:A fuego lento (tango),https://es.wikipedia.org/wiki/A_fuego_lento_(tango)
Spanish,Maikel Scheffers es un jugador de tenis en silla de ruedas holandés.,es:Maikel Scheffers,https://es.wikipedia.org/wiki/Maikel_Scheffers
Spanish,Participa en competiciones individuales y dobles.,es:Maikel Scheffers,https://es.wikipedia.org/wiki/Maikel_Scheffers
Spanish,"Mattia Perin (Latina, provincia de Latina, 10 de noviembre de 1992) es un futbolista italiano.",es:Mattia Perin,https://es.wikipedia.org/wiki/Mattia_Perin
Spanish,Juega de guardameta y su equipo es el Palermo F.,es:Mattia Perin,https://es.wikipedia.org/wiki/Mattia_Perin
Spanish,de la Serie B de Italia.​,es:Mattia Perin,https://es.wikipedia.org/wiki/Mattia_Perin
Spanish,Pastinacopsis es un género monotípico de planta herbácea perteneciente a la familia Apiaceae.,es:Pastinacopsis,https://es.wikipedia.org/wiki/Pastinacopsis
Spanish,Su única especie es: Pastinacopsis glacialis.,es:Pastinacopsis,https://es.wikipedia.org/wiki/Pastinacopsis
Spanish,"La línea C-9 de Cercanías Madrid, también conocida como Ferrocarril Eléctrico del Guadarrama, Ferrocarril de Cotos o Ferrocarril Cercedilla - Cotos, recorría 19 km por las laderas de la zona central de la sierra de Guadarrama (Sistema Central).",es:Línea C-9 (Cercanías Madrid),https://es.wikipedia.org/wiki/Línea_C-9_(Cercanías_Madrid)
Spanish,"Aunque nominalmente la C-9 sigue existiendo, desde mayo de 2024 está cerrada por unas obras que, aunque debían terminar en mayo de 2025, hoy ya no tienen fecha prevista de reapertura y su servicio lo cubre una línea de autobús.",es:Línea C-9 (Cercanías Madrid),https://es.wikipedia.org/wiki/Línea_C-9_(Cercanías_Madrid)
Spanish,de altitud que comunica la Comunidad de Madrid con la provincia de Segovia.,es:Línea C-9 (Cercanías Madrid),https://es.wikipedia.org/wiki/Línea_C-9_(Cercanías_Madrid)
Spanish,"La línea tenía como punto intermedio la estación de Puerto de Navacerrada, situada a 1.765 m s.",es:Línea C-9 (Cercanías Madrid),https://es.wikipedia.org/wiki/Línea_C-9_(Cercanías_Madrid)
Spanish,"Ramón Medina Ortega (Brihuega 7 de junio de 1891-Córdoba 1 de noviembre de 1964) fue músico y compositor, autor de una amplia colección de canciones principalmente dedicadas a personajes y lugares típicos de Córdoba, que le otorgó el sobrenombre de El Cantor de Córdoba​",es:Ramón Medina Ortega,https://es.wikipedia.org/wiki/Ramón_Medina_Ortega
Spanish,Urophora rufipes​ ​ es una especie de insecto del género Urophora de la familia Tephritidae del orden Diptera.,es:Urophora rufipes,https://es.wikipedia.org/wiki/Urophora_rufipes
Spanish,Mary Katherine Curran la describió científicamente por primera vez en el año 1932.,es:Urophora rufipes,https://es.wikipedia.org/wiki/Urophora_rufipes
Spanish,"«Don't You Want Me» es una canción de música dance o electrónica grabada por el DJ y productor británico Francis Wright, más conocido por su seudónimo, Felix.",es:Don't You Want Me (canción de Felix),https://es.wikipedia.org/wiki/Don't_You_Want_Me_(canción_de_Felix)
Spanish,Fue lanzada como el primer sencillo de su álbum #1 a finales de 1991.,es:Don't You Want Me (canción de Felix),https://es.wikipedia.org/wiki/Don't_You_Want_Me_(canción_de_Felix)
Spanish,Esta canción está considerada como el tema que provocó la explosión del género hardbag.,es:Don't You Want Me (canción de Felix),https://es.wikipedia.org/wiki/Don't_You_Want_Me_(canción_de_Felix)
Spanish,Fue relanzada de nuevo en 1995 y 1996 en versión remix.,es:Don't You Want Me (canción de Felix),https://es.wikipedia.org/wiki/Don't_You_Want_Me_(canción_de_Felix)
Spanish,"Sara Jay (Cincinnati, Ohio; 14 de noviembre de 1977) es una actriz pornográfica, directora y modelo erótica estadounidense.",es:Sara Jay,https://es.wikipedia.org/wiki/Sara_Jay
Spanish,"El misterio de la felicidad es una película argentina de comedia dramática dirigida por Daniel Burman y protagonizada por Guillermo Francella, Inés Estévez, Alejandro Awada y Sergio Boris.",es:El misterio de la felicidad,https://es.wikipedia.org/wiki/El_misterio_de_la_felicidad
Spanish,Fue escrita por Burman en colaboración con Sergio Dubcovsky.,es:El misterio de la felicidad,https://es.wikipedia.org/wiki/El_misterio_de_la_felicidad
Spanish,Se estrenó el 16 de enero de 2014.,es:El misterio de la felicidad,https://es.wikipedia.org/wiki/El_misterio_de_la_felicidad
Spanish,El Copa Colsanitas 2015 fue un evento de tenis WTA International en la rama femenina.,es:Torneo WTA de Bogotá 2015,https://es.wikipedia.org/wiki/Torneo_WTA_de_Bogotá_2015
Spanish,"Utagawa Hiroshige (歌川広重, Utagawa Hiroshige?), seudónimo artístico de Andō Tokutarō (安藤徳太郎, Andō Tokutarō?)​ (Edo, actual Tokio, 1797-ibidem, 1858), fue un pintor japonés.",es:Utagawa Hiroshige,https://es.wikipedia.org/wiki/Utagawa_Hiroshige
Spanish,"Perteneció a la Escuela Utagawa, una de las más reputadas del estilo ukiyo-e.",es:Utagawa Hiroshige,https://es.wikipedia.org/wiki/Utagawa_Hiroshige
Spanish,"Hiroshige fue uno de los principales exponentes del paisajismo japonés, llevando esta disciplina a un nivel artístico y de estilo de gran calidad.",es:Utagawa Hiroshige,https://es.wikipedia.org/wiki/Utagawa_Hiroshige
Spanish,"Es también conocido como Andō Hiroshige (安藤広重, Andō Hiroshige?) e Ichiyūsai Hiroshige (一幽斎廣重, Ichiyūsai Hiroshige?).",es:Utagawa Hiroshige,https://es.wikipedia.org/wiki/Utagawa_Hiroshige
Spanish,Kira o Kyra es un nombre propio femenino de origen persa.,es:Kira (nombre),https://es.wikipedia.org/wiki/Kira_(nombre)
Spanish,"Es la forma femenina del nombre masculino Ciro, que puede tener distintos significados.",es:Kira (nombre),https://es.wikipedia.org/wiki/Kira_(nombre)
Spanish,"El nombre original persa, ""Kûrush"", podría significar ""clarividente, previsor"" o, en cambio, estaría relacionado con la palabra persa ""khur"", que quiere decir ""Sol"".",es:Kira (nombre),https://es.wikipedia.org/wiki/Kira_(nombre)
Spanish,"También podría hallarse en relación con el término griego ""kyrios"" (κύριος, Κύριλλος (Kyrillos)), el cual significa ""Señor"", por lo que podría ser utilizado como la forma femenina de Cirilo.",es:Kira (nombre),https://es.wikipedia.org/wiki/Kira_(nombre)
Spanish,Wielandieae es una tribu de plantas de la familia Phyllanthaceae.,es:Wielandieae,https://es.wikipedia.org/wiki/Wielandieae
Spanish,"Si tiene que usarse dikwors, suele aplanarse para lograr mayor superficie de secado.",es:Droëwors,https://es.wikipedia.org/wiki/Droëwors
Spanish,"La receta usada para estas salchichas es parecida a la del boerewors, aunque el cerdo y la ternera suelen reemplazarse por buey, pues las primeras pueden enranciarse cuando se secan.",es:Droëwors,https://es.wikipedia.org/wiki/Droëwors
Spanish,"Otra diferencia del droëwors es que se hace con la salchicha normal para cocinar (boerewors), y por tanto no tiene las mismas propiedades que las salchichas curadas tradicionales, de forma que si no se mantiene apartada de la humedad puede empezar a formar moho más fácilmente que otras carnes secas.",es:Droëwors,https://es.wikipedia.org/wiki/Droëwors
Spanish,Este producto está relacionado tanto en nombre como en naturaleza con el droge worst holandés.,es:Droëwors,https://es.wikipedia.org/wiki/Droëwors
Spanish,"Miltideaceae Hafellner, 1984 es una familia de líquenes crustáceos perteneciente al orden Lecanorales y con un único género conocido, Miltidea Stirt.(1898).",es:Miltideaceae,https://es.wikipedia.org/wiki/Miltideaceae
Spanish,Su posición taxonómica dentro del grupo todavía no ha podido ser establecida correctamente.​ El nombre procede del griego μιλτοσ (pintado de rojo) en referencia a los pigmentos presentes en su apotecio.,es:Miltideaceae,https://es.wikipedia.org/wiki/Miltideaceae
Spanish,"Las especies pertenecientes a Miltideaceae presentan apotecios gimnocárpicos, sésiles con los márgenes del talo poco aparentes y típicamente pigmentados de rojo por antraquinona.",es:Miltideaceae,https://es.wikipedia.org/wiki/Miltideaceae
Spanish,Entre las ascas productoras de esporas aparece un tejido estéril formado por parafisos ramificados engrosados en sus extremos.,es:Miltideaceae,https://es.wikipedia.org/wiki/Miltideaceae
Spanish,"Euroschinus es un género de plantas con 14 especies,​ perteneciente a la familia de las anacardiáceas.​",es:Euroschinus,https://es.wikipedia.org/wiki/Euroschinus
Spanish,Juan Díaz de León fue un militar mexicano que participó en la Revolución mexicana.,es:Juan Díaz de León,https://es.wikipedia.org/wiki/Juan_Díaz_de_León
Spanish,"Se incorporó a la Revolución Mexicana con las fuerzas constitucionalistas y operó en el norte del país, concurriendo a varios hechos de armas que le merecieron el grado de general.",es:Juan Díaz de León,https://es.wikipedia.org/wiki/Juan_Díaz_de_León
Spanish,Kathryn McQueen es una deportista australiana que compitió en vela en la clase Laser Radial.,es:Kathryn McQueen,https://es.wikipedia.org/wiki/Kathryn_McQueen
Spanish,Ganó una medalla de bronce en el Campeonato Mundial de Laser Radial de 1996.,es:Kathryn McQueen,https://es.wikipedia.org/wiki/Kathryn_McQueen
Spanish,"Alchemilla pycnoloba es una especie de planta del género Alchemilla, perteneciente a la familia Rosaceae.​",es:Alchemilla pycnoloba,https://es.wikipedia.org/wiki/Alchemilla_pycnoloba
Spanish,"El pescado azul, también pescado graso, es aquel con una proporción de grasa inserta entre los músculos superior al 6 %.",es:Pescado azul,https://es.wikipedia.org/wiki/Pescado_azul
Spanish,"La denominación azul no atiende a criterios biológicos, sino nutricionales.",es:Pescado azul,https://es.wikipedia.org/wiki/Pescado_azul
Spanish,"Entre los ejemplos de pescado azul se incluyen pequeños peces forrajeros como las sardinas, el arenque o las anchoas, y otros peces pelágicos más grandes como el salmón, la trucha, el atún, el pez espada o la caballa.​ En cambio, el pescado blanco o magro (p.",es:Pescado azul,https://es.wikipedia.org/wiki/Pescado_azul
Spanish,"ej., el bacalao o el eglefino) contiene aproximadamente solo un 2 % de grasa.",es:Pescado azul,https://es.wikipedia.org/wiki/Pescado_azul
Spanish,Cyrtonastes ruffoi es una especie de insecto coleóptero de la familia Chrysomelidae.,es:Cyrtonastes ruffoi,https://es.wikipedia.org/wiki/Cyrtonastes_ruffoi
Spanish,Fue descrita científicamente en 1974 por Berti & Daccordi.​,es:Cyrtonastes ruffoi,https://es.wikipedia.org/wiki/Cyrtonastes_ruffoi
Spanish,"María José Ruiz (Montilla, Córdoba, 2 de diciembre de 1966) es una pintora española.",es:María José Ruiz,https://es.wikipedia.org/wiki/María_José_Ruiz
Spanish,"Formada en la Facultad de Bellas Artes de Sevilla, es académica correspondiente de la Real Academia de Córdoba.​",es:María José Ruiz,https://es.wikipedia.org/wiki/María_José_Ruiz
Spanish,"María Consuelo Femenía Guardiola (Jávea, Alicante, 17 de junio de 1965) es una diplomática española.",es:Consuelo Femenía Guardiola,https://es.wikipedia.org/wiki/Consuelo_Femenía_Guardiola
Spanish,Es embajadora de España en Brasil (desde 2026).​,es:Consuelo Femenía Guardiola,https://es.wikipedia.org/wiki/Consuelo_Femenía_Guardiola
Spanish,"El término Padre Coraje puede hacer referencia a alguna de estas cosas: Francisco Holgado, apodado Padre Coraje, por la investigación que realizó del asesinato sin resolver de su hijo.",es:Padre Coraje,https://es.wikipedia.org/wiki/Padre_Coraje
Spanish,"Padre coraje, un docudrama producido por Tesamun para Antena 3 de Televisión dirigido por Benito Zambrano durante el año 2002, basado en la historia de Francisco Holgado.",es:Padre Coraje,https://es.wikipedia.org/wiki/Padre_Coraje
Spanish,"Padre Coraje, una telenovela producida en Argentina durante el año 2004.",es:Padre Coraje,https://es.wikipedia.org/wiki/Padre_Coraje
Spanish,"Escuela de música es una película de comedia musical mexicana de 1955, dirigida por Miguel Zacarías y protagonizada por Pedro Infante, Libertad Lamarque, Luis Aldás, Lalo González «El Piporro»,Georgina Barragán.",es:Escuela de música (película),https://es.wikipedia.org/wiki/Escuela_de_música_(película)
Spanish,Esta película es la segunda parte en que Infante y Lamarque protagonizan juntos.,es:Escuela de música (película),https://es.wikipedia.org/wiki/Escuela_de_música_(película)
Spanish,"Las Guacamayas de Palenque es un equipo de béisbol que compite en la Liga Tabasqueña de Béisbol con sede en Palenque, Chiapas, México.",es:Guacamayas de Palenque,https://es.wikipedia.org/wiki/Guacamayas_de_Palenque
Spanish,"El Ministerio de Energía, inicialmente Ministerio de Energía y Minería, fue uno de los ministerios nacionales de la Argentina desde diciembre de 2015 hasta septiembre de 2018.",es:Ministerio de Energía (Argentina),https://es.wikipedia.org/wiki/Ministerio_de_Energía_(Argentina)
Spanish,"En dinámica de fluidos, la carga del disco es el cambio medio de presión a través de un disco actuador, como un tornillo de aire.",es:Carga de disco,https://es.wikipedia.org/wiki/Carga_de_disco
Spanish,"Los tornillos de aire con una carga de disco relativamente baja suelen denominarse rotores, incluidos los rotores principales y rotores de cola de los helicópteros.",es:Carga de disco,https://es.wikipedia.org/wiki/Carga_de_disco
Spanish,"Las hélices (aviones) suelen tener una carga de disco más alta.​ El tiltrotor V-22 Osprey tiene una alta carga de disco en relación con un helicóptero en modo de vuelo estacionario, pero una carga de disco relativamente baja en modo ala fija en comparación con un avión turbohélice.​",es:Carga de disco,https://es.wikipedia.org/wiki/Carga_de_disco
Spanish,"Hermenegildo Santa María Cea (Concepción, 1847-Viña del Mar, 1912) fue un político chileno, miembro del Partido Liberal Democrático.",es:Hermenegildo Santa María Cea,https://es.wikipedia.org/wiki/Hermenegildo_Santa_María_Cea
Spanish,Se desempeñó como diputado de la República entre 1894 y 1897.​,es:Hermenegildo Santa María Cea,https://es.wikipedia.org/wiki/Hermenegildo_Santa_María_Cea
Spanish,Sloan Doak (28 de enero de 1886-10 de agosto de 1965) fue un jinete estadounidense que compitió en la modalidad de concurso completo.,es:Sloan Doak,https://es.wikipedia.org/wiki/Sloan_Doak
Spanish,"Participó en tres Juegos Olímpicos de Verano entre los años 1920 y 1928, obteniendo una medalla de bronce en París 1924 en la prueba individual.​​",es:Sloan Doak,https://es.wikipedia.org/wiki/Sloan_Doak
German,November 1976 in Belo Horizonte) ist ein ehemaliger brasilianischer Automobilrennfahrer.,de:Bruno Junqueira,https://de.wikipedia.org/wiki/Bruno_Junqueira
German,Er gewann 1997 die südamerikanische Formel 3.,de:Bruno Junqueira,https://de.wikipedia.org/wiki/Bruno_Junqueira
German,Von 1998 bis 2000 war er in der Formel 3000 aktiv und entschied in seiner letzten Saison die Meisterschaft für sich.,de:Bruno Junqueira,https://de.wikipedia.org/wiki/Bruno_Junqueira
German,Junqueira trat von 2001 bis 2007 in der Champ-Car-Serie an und wurde dreimal (2002–2004) Gesamtzweiter.,de:Bruno Junqueira,https://de.wikipedia.org/wiki/Bruno_Junqueira
German,Der LDV Maxus ist ein Kleintransporter des britischen Automobilherstellers LDV.,de:LDV Maxus,https://de.wikipedia.org/wiki/LDV_Maxus
German,Er entstand 2000 in Kooperation mit Daewoo Motors.,de:LDV Maxus,https://de.wikipedia.org/wiki/LDV_Maxus
German,"Marga Lindt, auch Margot Lindt, gebürtig Margarethe Constanze Tinchen Sauer, (* 1.",de:Marga Lindt,https://de.wikipedia.org/wiki/Marga_Lindt
German,November 1888 in Coburg; † 27.,de:Marga Lindt,https://de.wikipedia.org/wiki/Marga_Lindt
German,August 1969 in Obermaßfeld-Grimmenthal) war eine deutsche Schauspielerin.,de:Marga Lindt,https://de.wikipedia.org/wiki/Marga_Lindt
German,Balesino (russisch Балезино́) ist eine Siedlung städtischen Typs in der Republik Udmurtien (Russland) mit 16.121 Einwohnern (Stand 14.,de:Balesino,https://de.wikipedia.org/wiki/Balesino
German,Der Preis für Menschlichkeit der portugiesischen Calouste-Gulbenkian-Stiftung (engl.,de:Gulbenkian-Preis für Menschlichkeit,https://de.wikipedia.org/wiki/Gulbenkian-Preis_für_Menschlichkeit
German,"Gulbenkian Prize for Humanity, port.",de:Gulbenkian-Preis für Menschlichkeit,https://de.wikipedia.org/wiki/Gulbenkian-Preis_für_Menschlichkeit
German,"Prémio Gulbenkian para a Humanidade) zeichnet Personen, Personengruppen oder Organisationen aus aller Welt aus, die einen neuartigen, innovativen und wirkungsvollen Beitrag zu Klimaschutz und -anpassung geleistet haben.",de:Gulbenkian-Preis für Menschlichkeit,https://de.wikipedia.org/wiki/Gulbenkian-Preis_für_Menschlichkeit
German,Er wird jährlich vergeben und ist dem Andenken Calouste Gulbenkians gewidmet.,de:Gulbenkian-Preis für Menschlichkeit,https://de.wikipedia.org/wiki/Gulbenkian-Preis_für_Menschlichkeit
German,Tazlaft oder Tazelefte ist ein kleiner Ort mit etwa 300 Einwohnern in den südlichen Ausläufern des Hohen Atlas in der Provinz Ouarzazate in der Region Drâa-Tafilalet im Süden Marokkos.,de:Tazlaft,https://de.wikipedia.org/wiki/Tazlaft
German,"Trauma ist eine US-amerikanische Fernsehserie, die von 2009 bis 2010 von den Universal Media Studios produziert wurde.",de:Trauma (Fernsehserie),https://de.wikipedia.org/wiki/Trauma_(Fernsehserie)
German,Herekino ist eine kleine Siedlung im Far North District der Region Northland auf der Nordinsel von Neuseeland.,de:Herekino,https://de.wikipedia.org/wiki/Herekino
German,"Caràa steht für: lombardischer Name der Gemeinde Carate Urio, Provinz Como, Italien lombardischer Name der Gemeinde Carate Brianza, Provinz Monza und Brianza, Italien Siehe auch: Cara",de:Caràa,https://de.wikipedia.org/wiki/Caràa
German,"Das goldene Ei war eine Spielshow mit Michael Tasche und Jörg Pilawa, die von 1995 bis 1996 auf Sat.1 gesendet wurde.",de:Das goldene Ei (Fernsehsendung),https://de.wikipedia.org/wiki/Das_goldene_Ei_(Fernsehsendung)
German,"Der Begriff Imperium (von lateinisch imperare, „herrschen“, „befehlen“, „gebieten“) gehörte im römischen Reich zum Konzept der rechtlichen Amtsbefugnisse.",de:Imperium (Rom),https://de.wikipedia.org/wiki/Imperium_(Rom)
German,Insbesondere umfasste das imperium die militärische Kommandogewalt über eine römische Armee.,de:Imperium (Rom),https://de.wikipedia.org/wiki/Imperium_(Rom)
German,"Die Vergabe dieser Weisungsrechte stand zu Zeiten der Republik den gesetzgebenden Organen, mithin den Volksversammlungen zu.",de:Imperium (Rom),https://de.wikipedia.org/wiki/Imperium_(Rom)
German,"Unscharf war die Abgrenzung zwischen imperium (Befehlsgewalt, Machtbereich) und potestas (Amtsgewalt).",de:Imperium (Rom),https://de.wikipedia.org/wiki/Imperium_(Rom)
German,"April 1918 in Paris) war ein italienischer Sozialist, Anarchist und Patriot.",de:Amilcare Cipriani,https://de.wikipedia.org/wiki/Amilcare_Cipriani
German,Antonio „Toni“ Nadal Homar (* 21.,de:Toni Nadal,https://de.wikipedia.org/wiki/Toni_Nadal
German,"Februar 1961 in Manacor, Mallorca) ist ein ehemaliger spanischer Tennistrainer.",de:Toni Nadal,https://de.wikipedia.org/wiki/Toni_Nadal
German,"Er trainierte seinen Neffen, den Spitzenspieler Rafael Nadal, von dessen vierten Lebensjahr an und begleitete ihn bis zum Jahr 2017 als Coach auf seinen weltweit gespielten Turnieren.",de:Toni Nadal,https://de.wikipedia.org/wiki/Toni_Nadal
German,"Mit Toni Nadal als Coach konnte Rafael Nadal 16 Grand-Slam-Titel gewinnen, was Toni zu einem der erfolgreichsten Trainer des Männertennis macht.",de:Toni Nadal,https://de.wikipedia.org/wiki/Toni_Nadal
German,Die Gewerkschaftsfraktion oder die Fraktion Freier Gewerkschafter war eine Fraktion in der Ernannten Hamburgischen Bürgerschaft vom Februar bis Oktober 1946.,de:Gewerkschaftsfraktion,https://de.wikipedia.org/wiki/Gewerkschaftsfraktion
German,Nicht zu verwechseln mit der gleichnamigen Fraktion in der Bürgerschaft 1933.,de:Gewerkschaftsfraktion,https://de.wikipedia.org/wiki/Gewerkschaftsfraktion
German,Juni 1929 in Mittelsömmern; † 1.,de:Dieter Georgi,https://de.wikipedia.org/wiki/Dieter_Georgi
German,"März 2005 in Frankfurt am Main) war ein deutsch-amerikanischer evangelischer Theologe, Neutestamentler und Hochschullehrer.",de:Dieter Georgi,https://de.wikipedia.org/wiki/Dieter_Georgi
German,Karl Alfred Rudolf Larenz (* 23.,de:Karl Larenz,https://de.wikipedia.org/wiki/Karl_Larenz
German,Januar 1993 in Olching bei München) war ein deutscher Zivilrechtler und Rechtsphilosoph.,de:Karl Larenz,https://de.wikipedia.org/wiki/Karl_Larenz
German,Bekannt wurde er nach 1945 vor allem durch seine Werke Methodenlehre der Rechtswissenschaft und Lehrbuch des Schuldrechts.,de:Karl Larenz,https://de.wikipedia.org/wiki/Karl_Larenz
German,"Zur Zeit des Nationalsozialismus war Larenz Mitglied der sogenannten Kieler Schule, einer Arbeitsgruppe nationalsozialistisch gesinnter Juristen an der Universität Kiel.",de:Karl Larenz,https://de.wikipedia.org/wiki/Karl_Larenz
German,Vorizia ist ein Dorf in der Ortsgemeinschaft Vorizia innerhalb der Gemeinde Festos auf der griechischen Insel Kreta.,de:Vorizia,https://de.wikipedia.org/wiki/Vorizia
German,Das Dorf hat etwa 500 Einwohner und liegt etwa 540 m über dem Meeresspiegel.,de:Vorizia,https://de.wikipedia.org/wiki/Vorizia
German,Die Saison 1976/77 war die zweite Spielzeit der Division 1 als zweithöchste schwedische Eishockeyspielklasse.,de:Schwedische Division 1 (Eishockey) 1976/77,https://de.wikipedia.org/wiki/Schwedische_Division_1_(Eishockey)_1976/77
German,August 1985 in Nürtingen) ist ein ehemaliger deutscher Fußballspieler und gegenwärtiger -funktionär.,de:Christian Gentner,https://de.wikipedia.org/wiki/Christian_Gentner
German,"Der variabel einsetzbare Mittelfeldspieler verbrachte den Großteil seiner Laufbahn bei seinem Ausbildungsverein VfB Stuttgart, mit dem er einmal die deutsche Meisterschaft gewann.",de:Christian Gentner,https://de.wikipedia.org/wiki/Christian_Gentner
German,Dies konnte er mit dem VfL Wolfsburg wiederholen.,de:Christian Gentner,https://de.wikipedia.org/wiki/Christian_Gentner
German,Zum Ende seiner Karriere wechselte Gentner erstmals ins Ausland und spielte noch eineinhalb Saisons in der Schweizer Super League.,de:Christian Gentner,https://de.wikipedia.org/wiki/Christian_Gentner
German,Julius Sebastian Streicher (* 12.,de:Julius Streicher,https://de.wikipedia.org/wiki/Julius_Streicher
German,Februar 1885 in Fleinhausen bei Augsburg; † 16.,de:Julius Streicher,https://de.wikipedia.org/wiki/Julius_Streicher
German,"Oktober 1946 in Nürnberg) war ein deutscher Publizist und Politiker (DSP, NSDAP).",de:Julius Streicher,https://de.wikipedia.org/wiki/Julius_Streicher
German,Julius Streicher war ab 1925 NSDAP-Gauleiter von Mittelfranken (1936 umbenannt in Gau Franken).,de:Julius Streicher,https://de.wikipedia.org/wiki/Julius_Streicher
German,"Die Carprußmeise (Melaniparus carpi, Syn.: Parus carpi) ist eine Vogelart aus der Familie der Meisen (Paridae).",de:Carprußmeise,https://de.wikipedia.org/wiki/Carprußmeise
German,Die Art wurde wie viele andere Meisenarten im Jahre 2013 von der Gattung Parus in die Gattung Melaniparus verschoben.,de:Carprußmeise,https://de.wikipedia.org/wiki/Carprußmeise
German,Die Art wurde als konspezifisch mit der Sambesi-Rußmeise (Melaniparus niger) und der Weißflügel-Rußmeise (Melaniparus leucomelas) angesehen.,de:Carprußmeise,https://de.wikipedia.org/wiki/Carprußmeise
German,Der Vogel kommt in Afrika in Südwestangola und Namibia vor und zählt als subendemisch.,de:Carprußmeise,https://de.wikipedia.org/wiki/Carprußmeise
German,"Roald Dahl’s Revolting Rhymes ist eine Gedichtsammlung von Roald Dahl, die 1982 erschienen ist.",de:Roald Dahl’s Revolting Rhymes,https://de.wikipedia.org/wiki/Roald_Dahl’s_Revolting_Rhymes
German,"Sie besteht aus sechs Gedichten, die jeweils ein bekanntes Märchen neu erzählen, wobei die Handlung überraschende, oft zynische Wendungen nimmt.",de:Roald Dahl’s Revolting Rhymes,https://de.wikipedia.org/wiki/Roald_Dahl’s_Revolting_Rhymes
German,Das Buch wurde von Quentin Blake illustriert.,de:Roald Dahl’s Revolting Rhymes,https://de.wikipedia.org/wiki/Roald_Dahl’s_Revolting_Rhymes
German,Casey Narelle Dumont (* 25.,de:Casey Dumont,https://de.wikipedia.org/wiki/Casey_Dumont
German,"Januar 1992 in Liverpool City, Sydney) ist eine australische Fußballspielerin auf der Position der Torhüterin, die seit 2023 Australien Rules Football spielt.",de:Casey Dumont,https://de.wikipedia.org/wiki/Casey_Dumont
German,"Grezow (russisch Грецов) ist der Familienname folgender Personen: Michail Dmitrijewitsch Grezow (1901–1970), sowjetisch-russischer Generalmajor Wiktor Nikitowitsch Grezow (1907–1986), sowjetisch-russischer Generalmajor",de:Grezow,https://de.wikipedia.org/wiki/Grezow
German,Philipp Rafferty (* 1969) ist ein deutsch-irischer Schauspieler und Synchronsprecher.,de:Philipp Rafferty,https://de.wikipedia.org/wiki/Philipp_Rafferty
German,"Oliver Sturm ist der Name folgender Personen: Oliver Sturm (Regisseur) (* 1959), deutscher Theater- und Hörspielregisseur Oliver Sturm (Fußballspieler) (* 1971), deutscher Fußballspieler",de:Oliver Sturm,https://de.wikipedia.org/wiki/Oliver_Sturm
German,Bellmunt d’Urgell ist eine katalanische Gemeinde (municipio) mit 174 Einwohnern (Stand: 2025) in der Provinz Lleida im Nordosten Spaniens.,de:Bellmunt d’Urgell,https://de.wikipedia.org/wiki/Bellmunt_d’Urgell
German,Sie liegt in der Comarca Noguera.,de:Bellmunt d’Urgell,https://de.wikipedia.org/wiki/Bellmunt_d’Urgell
German,Fernando Arêas Rifan (* 25.,de:Fernando Areas Rifan,https://de.wikipedia.org/wiki/Fernando_Areas_Rifan
German,"Oktober 1950 in São Fidélis, Brasilien) ist ein römisch-katholischer Bischof und Apostolischer Administrator der Apostolischen Personaladministration St.",de:Fernando Areas Rifan,https://de.wikipedia.org/wiki/Fernando_Areas_Rifan
German,Die Liste der Monuments historiques in Salornay-sur-Guye führt die Monuments historiques in der Gemeinde Salornay-sur-Guye im Département Saône-et-Loire in Frankreich auf.,de:Liste der Monuments historiques in Salornay-sur-Guye,https://de.wikipedia.org/wiki/Liste_der_Monuments_historiques_in_Salornay-sur-Guye
German,Die Supermarktkette Cactus ist eines der bedeutendsten Familienunternehmen Luxemburgs.,de:Cactus (Supermarkt),https://de.wikipedia.org/wiki/Cactus_(Supermarkt)
German,"Es betreibt, unter anderem unter den Marken „Cactus“, „Super Cactus“ und „Cactus Marché“, Supermärkte, Hypermärkte und Geschäfte des Lebensmitteleinzelhandels.",de:Cactus (Supermarkt),https://de.wikipedia.org/wiki/Cactus_(Supermarkt)
German,Die Cactus-Gruppe beschäftigt 3.960 Mitarbeiter (Stand: 1.,de:Cactus (Supermarkt),https://de.wikipedia.org/wiki/Cactus_(Supermarkt)
German,Januar 2013) und ist damit nach ArcelorMittal und BGL BNP Paribas Luxemburgs drittgrößter privater Arbeitgeber.,de:Cactus (Supermarkt),https://de.wikipedia.org/wiki/Cactus_(Supermarkt)
German,"Karių sporto sąjunga (KSS Klaipėda) war ein Sportverein der litauischen Minderheit im sogenannten Memelland, das in der ersten Hälfte des 20.",de:KSS Klaipėda,https://de.wikipedia.org/wiki/KSS_Klaipėda
German,Jahrhunderts mehrfach seine staatliche Zugehörigkeit wechselte.,de:KSS Klaipėda,https://de.wikipedia.org/wiki/KSS_Klaipėda
German,Der Karjala Weihnachtscup 1995 war die erste Austragung dieses in Finnland stattfindenden Eishockeyturniers.,de:Karjala Cup 1995,https://de.wikipedia.org/wiki/Karjala_Cup_1995
German,"Es war die Wiederaufnahme des Gedankens eines finnischen Turniers für Nationalmannschaften, welcher zuerst 1992 mit dem Sauna Cup umgesetzt wurde.",de:Karjala Cup 1995,https://de.wikipedia.org/wiki/Karjala_Cup_1995
German,"Es maßen sich die Nationalmannschaften Finnlands, Schwedens, Frankreichs und Tschechiens.",de:Karjala Cup 1995,https://de.wikipedia.org/wiki/Karjala_Cup_1995
German,"Da zeitgleich der Iswestija Cup in Moskau stattfand, wurde statt Russland die französische Nationalmannschaft eingeladen und Tschechien nur durch die B-Nationalmannschaft vertreten.",de:Karjala Cup 1995,https://de.wikipedia.org/wiki/Karjala_Cup_1995
German,"Ruda (deutsch Ruhden) ist ein Dorf in der polnischen Woiwodschaft Ermland-Masuren, das zur Gmina Biała Piska (Stadt- und Landgemeinde Bialla, 1938 bis 1945 Gehlenburg) im Powiat Piski (Kreis Johannisburg) gehört.",de:Ruda (Biała Piska),https://de.wikipedia.org/wiki/Ruda_(Biała_Piska)
German,"Gugenberger ist der Familienname folgender Personen: Eva Gugenberger (* 1960), österreichische Romanistin Odomar Gugenberger (1895–1987), österreichischer Geologe und Rundfunkmitarbeiter",de:Gugenberger,https://de.wikipedia.org/wiki/Gugenberger
German,September 1967 in Charleville) ist ein ehemaliger französischer Tennisspieler.,de:François Errard,https://de.wikipedia.org/wiki/François_Errard
German,Das Naturschutzgebiet Gehlenbecker Masch liegt in der Stadt Lübbecke im Kreis Minden-Lübbecke.,de:Gehlenbecker Masch,https://de.wikipedia.org/wiki/Gehlenbecker_Masch
German,"Es ist rund 42,7 Hektar groß und wird unter der Bezeichnung MI-037 geführt.",de:Gehlenbecker Masch,https://de.wikipedia.org/wiki/Gehlenbecker_Masch
German,Es liegt nördlich des Ortsteiles Gehlenbeck der Stadt Lübbecke zwischen der Bundesstraße 65 und dem Mittellandkanal.,de:Gehlenbecker Masch,https://de.wikipedia.org/wiki/Gehlenbecker_Masch
German,Unweit östlich befinden sich die Naturschutzgebiete Großes Torfmoor und Bastauwiesen.,de:Gehlenbecker Masch,https://de.wikipedia.org/wiki/Gehlenbecker_Masch
German,Cette maison (englischer Festivaltitel This House) ist ein kanadischer Spielfilm unter der Regie von Miryam Charles aus dem Jahr 2022.,de:Cette maison,https://de.wikipedia.org/wiki/Cette_maison
German,Februar 2022 auf der Berlinale seine Weltpremiere in der Sektion Forum.,de:Cette maison,https://de.wikipedia.org/wiki/Cette_maison
German,Das Washington County ist ein County im Bundesstaat Colorado der Vereinigten Staaten.,de:Washington County (Colorado),https://de.wikipedia.org/wiki/Washington_County_(Colorado)
German,Der Verwaltungssitz (County Seat) ist Akron.,de:Washington County (Colorado),https://de.wikipedia.org/wiki/Washington_County_(Colorado)
German,Das Jello Tennis Classic 1991 war ein Damen-Tennisturnier in Indianapolis.,de:Jello Tennis Classic 1991,https://de.wikipedia.org/wiki/Jello_Tennis_Classic_1991
German,Das Hartplatzturnier war Teil der WTA Tour 1991 und fand vom 11.,de:Jello Tennis Classic 1991,https://de.wikipedia.org/wiki/Jello_Tennis_Classic_1991
German,"Wladimir Stepanowitsch Gubarew (russisch Владимир Степанович Губарев, wiss.",de:Wladimir Stepanowitsch Gubarew,https://de.wikipedia.org/wiki/Wladimir_Stepanowitsch_Gubarew
German,Transliteration Vladimir Stepanovič Gubarev; * 26.,de:Wladimir Stepanowitsch Gubarew,https://de.wikipedia.org/wiki/Wladimir_Stepanowitsch_Gubarew
German,"August 1938 in Mahiljou, Belarussische SSR; † vor oder am 25.",de:Wladimir Stepanowitsch Gubarew,https://de.wikipedia.org/wiki/Wladimir_Stepanowitsch_Gubarew
German,"Januar 2022) war ein sowjetischer und russischer Dramatiker, Drehbuchautor und Journalist.",de:Wladimir Stepanowitsch Gubarew,https://de.wikipedia.org/wiki/Wladimir_Stepanowitsch_Gubarew
German,Karl Gottfried Erdmann (* 31.,de:Karl Gottfried Erdmann,https://de.wikipedia.org/wiki/Karl_Gottfried_Erdmann
German,März 1774 in Wittenberg; † 13.,de:Karl Gottfried Erdmann,https://de.wikipedia.org/wiki/Karl_Gottfried_Erdmann
German,Januar 1835 in Dresden) war ein deutscher Mediziner und Botaniker.,de:Karl Gottfried Erdmann,https://de.wikipedia.org/wiki/Karl_Gottfried_Erdmann
German,"Ray Mears ist der Name folgender Personen: Ray Mears (Basketballtrainer) (1926–2007), US-amerikanischer Basketballtrainer Siehe auch: Raymond Mears",de:Ray Mears,https://de.wikipedia.org/wiki/Ray_Mears
German,Dieser Artikel listet Erfolge und Mannschaft des Radsportteams Colnago-CSF Inox in der Saison 2011 auf.,de:Colnago-CSF Inox/Saison 2011,https://de.wikipedia.org/wiki/Colnago-CSF_Inox/Saison_2011
German,Die Kolonie Landwehr ist eine zur Zeche Zollern gehörende Zechensiedlung im Dortmunder Stadtteil Bövinghausen.,de:Kolonie Landwehr,https://de.wikipedia.org/wiki/Kolonie_Landwehr
German,"Die Zeche Zollern entstand als Musterzeche der Gelsenkirchener Bergwerks-AG (GBAG), die Kolonie Landwehr wurde parallel dazu als Mustersiedlung in unmittelbarer Nähe errichtet.",de:Kolonie Landwehr,https://de.wikipedia.org/wiki/Kolonie_Landwehr
German,"Die Gebäude wurden wie der größte Teil der Zechenanlage im Stil des Historismus entworfen und unterstreichen den Ensemblecharakter des gesamten Komplexes, der auch als solcher gemeinsam als Baudenkmal in die Denkmalliste der Stadt Dortmund eingetragen ist.",de:Kolonie Landwehr,https://de.wikipedia.org/wiki/Kolonie_Landwehr
German,"Das erste Gebäude war 1898 ein Zweifamilienhaus für Steiger am Grubenweg, der zum Werkstor führt.",de:Kolonie Landwehr,https://de.wikipedia.org/wiki/Kolonie_Landwehr
German,Alexander Sergejewitsch Kakowin (russisch Александр Сергеевич Каковин; * 15.,de:Alexander Sergejewitsch Kakowin,https://de.wikipedia.org/wiki/Alexander_Sergejewitsch_Kakowin
German,August 1910 in Charkiw; † unbekannt) war ein russischer Schachkomponist.,de:Alexander Sergejewitsch Kakowin,https://de.wikipedia.org/wiki/Alexander_Sergejewitsch_Kakowin
German,Er war Patentsachverständiger.,de:Alexander Sergejewitsch Kakowin,https://de.wikipedia.org/wiki/Alexander_Sergejewitsch_Kakowin
German,Der Cayenne (Typ PO536 oder 9YA) ist ein SUV von Porsche und der Nachfolger des Cayenne Typ 92A.,de:Porsche Cayenne (Typ PO536),https://de.wikipedia.org/wiki/Porsche_Cayenne_(Typ_PO536)
German,"August 2017 in Stuttgart-Zuffenhausen vorgestellt, seine Öffentlichkeitspremiere hatte der Wagen auf der Internationalen Automobil-Ausstellung im September 2017 in Frankfurt am Main.",de:Porsche Cayenne (Typ PO536),https://de.wikipedia.org/wiki/Porsche_Cayenne_(Typ_PO536)
German,Im März 2019 wurde mit dem Cayenne Coupé eine Variante mit Fließheck vorgestellt.,de:Porsche Cayenne (Typ PO536),https://de.wikipedia.org/wiki/Porsche_Cayenne_(Typ_PO536)
German,Umfangreich überarbeitete Versionen beider Bauformen debütierten am 18.,de:Porsche Cayenne (Typ PO536),https://de.wikipedia.org/wiki/Porsche_Cayenne_(Typ_PO536)
German,"Die Brukenthalsche Gemäldesammlung befindet sich im Brukenthal-Palais in Sibiu/Hermannstadt in Siebenbürgen, Rumänien.",de:Brukenthalsche Gemäldesammlung,https://de.wikipedia.org/wiki/Brukenthalsche_Gemäldesammlung
German,"Sie ist Teil des Brukenthal-Museums, das auf Samuel von Brukenthal zurückgeht, der seinen gesamten Nachlass (Bildersammlung, Kunstgegenstände, Immobilien, Latifundien) der sächsischen Nation vermacht hatte.",de:Brukenthalsche Gemäldesammlung,https://de.wikipedia.org/wiki/Brukenthalsche_Gemäldesammlung
German,"Die Pinakothek (Gemäldesammlung) bildet zusammen mit dem Kupferstichkabinett, der Brukenthal-Bibliothek und der umfangreichen Münz- und Mineraliensammlung die Sammlung Brukenthal.",de:Brukenthalsche Gemäldesammlung,https://de.wikipedia.org/wiki/Brukenthalsche_Gemäldesammlung
German,"Das ehemalige Franziskanerkloster Meißen ist ein fragmentarisch erhaltenes gotisches Klostergebäude in der Altstadt von Meißen (Heinrichsplatz 3) im gleichnamigen Landkreis in Sachsen, das heute vom Stadtmuseum Meißen genutzt wird.",de:Franziskanerkloster Meißen,https://de.wikipedia.org/wiki/Franziskanerkloster_Meißen
German,Das Duo for Flute and Piano des US-amerikanischen Komponisten Aaron Copland (1900–1990) entstand 1971 als Auftragswerk einer Gruppe von Schülern in Erinnerung an deren verstorbenen Lehrer William Kincaid.,de:Duo for Flute and Piano (Copland),https://de.wikipedia.org/wiki/Duo_for_Flute_and_Piano_(Copland)
German,"Systematische Heuristik gehörte in der DDR zum Forschungsbereich Philosophie und hatte zum Ziel, die technisch-wissenschaftliche Forschung zu rationalisieren.",de:Systematische Heuristik,https://de.wikipedia.org/wiki/Systematische_Heuristik
German,Die Systematische Heuristik ist ein Zeichen für die Hinwendung der Philosophie zur Methodologie.,de:Systematische Heuristik,https://de.wikipedia.org/wiki/Systematische_Heuristik
German,"Sie wurde zunächst als Methode zur konstruktiven technologischen Entwicklungsarbeit entworfen und mit dem Anspruch ausgebaut, die gedankliche Bearbeitung der Problembearbeitungsprozesse zu effektiveren.",de:Systematische Heuristik,https://de.wikipedia.org/wiki/Systematische_Heuristik
German,In der originalen Zusammenfassung von Jürgen Albrecht heißt es:,de:Systematische Heuristik,https://de.wikipedia.org/wiki/Systematische_Heuristik
German,"Das Centro de Arte y Comunicación (CAyC) in der argentinischen Hauptstadt Buenos Aires war zunächst als multidisziplinärer Workshop im August 1968 durch Víctor Grippo, Jacques Bedel, Luis Fernando Benedit, Alfredo Portillos, Clorindo Testa, Jorge Glusberg und Jorge González gegründet worden.",de:Centro de Arte y Comunicación,https://de.wikipedia.org/wiki/Centro_de_Arte_y_Comunicación
German,Seit 1968 ist Jorge Glusberg der Direktor des Zentrums.,de:Centro de Arte y Comunicación,https://de.wikipedia.org/wiki/Centro_de_Arte_y_Comunicación
German,In den 1970er Jahren war das CAyC ein internationales Zentrum der Pop-Art-Kultur und später auch Sitz des Museo de Arquitectura.,de:Centro de Arte y Comunicación,https://de.wikipedia.org/wiki/Centro_de_Arte_y_Comunicación
German,1972 wurde die renommierte Escuela de Altos Estudios del CAyC gegründet.,de:Centro de Arte y Comunicación,https://de.wikipedia.org/wiki/Centro_de_Arte_y_Comunicación
German,Die Widnes war ein britischer Minensucher der Hunt-Klasse im Ersten Weltkrieg.,de:Widnes (Schiff),https://de.wikipedia.org/wiki/Widnes_(Schiff)
German,"1918 vom Stapel gelaufen und noch kurzzeitig in Dienst gestellt, wurde sie 1939 von der Royal Navy nach 20 Jahren in der Reserveflotte reaktiviert.",de:Widnes (Schiff),https://de.wikipedia.org/wiki/Widnes_(Schiff)
German,"Im Mai 1941 beschädigte die deutsche Luftwaffe das Schiff vor Kreta so schwer, dass es aufgegeben wurde.",de:Widnes (Schiff),https://de.wikipedia.org/wiki/Widnes_(Schiff)
German,"Die Kriegsmarine barg und reaktivierte das Schiff als 12 V 4 und später als UJ 2109, bis britische Zerstörer es im Oktober 1943 in der Ägäis versenkten.",de:Widnes (Schiff),https://de.wikipedia.org/wiki/Widnes_(Schiff)
German,Mai 1988 in Dedemsvaart) ist ein niederländischer Dartspieler.,de:Martijn Dragt,https://de.wikipedia.org/wiki/Martijn_Dragt
German,"(837) Schwarzschilda ist ein Asteroid des inneren Hauptgürtels, der am 23.",de:(837) Schwarzschilda,https://de.wikipedia.org/wiki/(837)_Schwarzschilda
German,"September 1916 vom deutschen Astronomen Max Wolf an der Großherzoglichen Bergsternwarte in Heidelberg bei einer Helligkeit von 13,2 mag entdeckt wurde.",de:(837) Schwarzschilda,https://de.wikipedia.org/wiki/(837)_Schwarzschilda
German,"Der Asteroid ist benannt zu Ehren des deutschen Astronomen Karl Schwarzschild (1873–1916), Direktor der Sternwarten Göttingen (1901) und Potsdam (1909).",de:(837) Schwarzschilda,https://de.wikipedia.org/wiki/(837)_Schwarzschilda
German,"Er arbeitete auf den Gebieten der Photometrie, der geometrischen Optik, der Sternstatistik und der theoretischen Astrophysik.",de:(837) Schwarzschilda,https://de.wikipedia.org/wiki/(837)_Schwarzschilda
German,"Ghalymqajyr Mutanuly Mutanow (kasachisch Ғалымқайыр Мұтанұлы Мұтанов, russisch Галимкаир Мутанович Мутанов Galimkair Mutanowitsch Mutanow; * 27.",de:Ghalymqajyr Mutanow,https://de.wikipedia.org/wiki/Ghalymqajyr_Mutanow
German,"März 1957 in Belterek, Oblast Semipalatinsk, Kasachische SSR) ist ein kasachischer Mathematiker.",de:Ghalymqajyr Mutanow,https://de.wikipedia.org/wiki/Ghalymqajyr_Mutanow
German,Von 2010 bis 2021 war er Rektor der Al-Farabi-Universität.,de:Ghalymqajyr Mutanow,https://de.wikipedia.org/wiki/Ghalymqajyr_Mutanow
German,Germanshof ist ein Ortsteil der Gemeinde Bobenthal im Landkreis Südwestpfalz in Rheinland-Pfalz.,de:Sankt Germanshof,https://de.wikipedia.org/wiki/Sankt_Germanshof
German,Er hat rund 40 Einwohner.,de:Sankt Germanshof,https://de.wikipedia.org/wiki/Sankt_Germanshof
German,"Der Turmhügel Grünthal ist eine abgegangene mittelalterliche Niederungsburg in der Einöde Grünthal, einem Gemeindeteil der Gemeinde Jetzendorf im Landkreis Pfaffenhofen an der Ilm von Bayern.",de:Turmhügel Grünthal,https://de.wikipedia.org/wiki/Turmhügel_Grünthal
German,Die Anlage wird als Bodendenkmal unter der Aktennummer D-1-7534-0092 als „Burgstall des Mittelalters“ geführt.,de:Turmhügel Grünthal,https://de.wikipedia.org/wiki/Turmhügel_Grünthal
German,Ernst Müller (* 1926; † 1993) war ein deutscher Lehrer und Kunstsammler.,de:Ernst Müller (Kunstsammler),https://de.wikipedia.org/wiki/Ernst_Müller_(Kunstsammler)
German,"Er trug eine umfangreiche Plakatsammlung zusammen, organisierte regelmäßige Plakatausstellungen und schuf so die Voraussetzungen für das heutige PAN-Kunstforum Niederrhein in Emmerich.",de:Ernst Müller (Kunstsammler),https://de.wikipedia.org/wiki/Ernst_Müller_(Kunstsammler)
German,Seiya Hayata (japanisch 早田 聖也 Hayata Seiya; * 22.,de:Seiya Hayata,https://de.wikipedia.org/wiki/Seiya_Hayata
German,"September 1995 in Hiroshima) ist ein japanischer Eishockeyspieler, der seit 2022 für die Mannschaft der Nikkō IceBucks in der Asia League Ice Hockey spielt.",de:Seiya Hayata,https://de.wikipedia.org/wiki/Seiya_Hayata
German,Eine Blutbank ist eine Art Lagerstätte für jede Sorte von Blutkonserven.,de:Blutbank,https://de.wikipedia.org/wiki/Blutbank
German,"Für die unterschiedlichen Arten der Blutkonserven (Erythrozyten-Konserven, Vollblut-Konserven, Thrombozyten) gibt es unterschiedliche Lagervoraussetzungen und auch Lagerfristen.",de:Blutbank,https://de.wikipedia.org/wiki/Blutbank
German,"So müssen bestimmte Blutkonserven ständig bewegt werden, andere können eingefroren werden.",de:Blutbank,https://de.wikipedia.org/wiki/Blutbank
German,"Der Jugendwettbewerb Informatik ist ein Schülerwettbewerb der Bundesweiten Informatikwettbewerbe (BWINF), der Schülerinnen und Schülern einen Einstieg ins Programmieren bieten soll.",de:Jugendwettbewerb Informatik,https://de.wikipedia.org/wiki/Jugendwettbewerb_Informatik
German,Der Jugendwettbewerb wird seit 2017 jährlich ausgetragen.,de:Jugendwettbewerb Informatik,https://de.wikipedia.org/wiki/Jugendwettbewerb_Informatik
German,"Träger des Wettbewerbes sind die Gesellschaft für Informatik (GI), die IuK-Gruppe der Fraunhofer-Gesellschaft und das Max-Planck-Institut für Informatik in Saarbrücken.",de:Jugendwettbewerb Informatik,https://de.wikipedia.org/wiki/Jugendwettbewerb_Informatik
German,Finanziell gefördert wird der Wettbewerb außerdem vom Bundesministerium für Bildung und Forschung (BMBF).,de:Jugendwettbewerb Informatik,https://de.wikipedia.org/wiki/Jugendwettbewerb_Informatik
German,"Die Verbandsliga Südwest ist die höchste Spielklasse des Südwestdeutschen Fußballverbandes, einem der 21 Landesverbände des Deutschen Fußball-Bundes.",de:Fußball-Verbandsliga Südwest,https://de.wikipedia.org/wiki/Fußball-Verbandsliga_Südwest
German,Aktuell stellt die Verbandsliga im deutschen Fußball-Ligasystem die 6.,de:Fußball-Verbandsliga Südwest,https://de.wikipedia.org/wiki/Fußball-Verbandsliga_Südwest
German,Die Liga hat ihr Einzugsgebiet im südlichen Teil des Landes Rheinland-Pfalz.,de:Fußball-Verbandsliga Südwest,https://de.wikipedia.org/wiki/Fußball-Verbandsliga_Südwest
German,"Die nächsthöhere Spielklasse ist die Oberliga Rheinland-Pfalz/Saar, die vom Fußball-Regional-Verband Südwest organisiert wird und bis zur Saison 2011/12 als Oberliga Südwest firmierte.",de:Fußball-Verbandsliga Südwest,https://de.wikipedia.org/wiki/Fußball-Verbandsliga_Südwest
German,Sandakan Division ist die Bezeichnung für ein Verwaltungsgebiet innerhalb des Bundesstaats Sabah in Malaysia.,de:Sandakan Division,https://de.wikipedia.org/wiki/Sandakan_Division
German,"Es gibt insgesamt fünf Verwaltungsgebiete (divisions), die wiederum in Distrikte (districts) aufgeteilt sind, was in etwa den Landkreisen in Deutschland entspricht.",de:Sandakan Division,https://de.wikipedia.org/wiki/Sandakan_Division
German,"Der Grammy Award for Best Rock Performance, auf Deutsch „Grammy-Award für die beste Rock-Darbietung“, ist ein Musikpreis, der seit 2012 bei den jährlich stattfindenden Grammy Awards verliehen wird.",de:Grammy Award for Best Rock Performance,https://de.wikipedia.org/wiki/Grammy_Award_for_Best_Rock_Performance
German,Der Preis geht an Künstler für neue Gesangs- oder Instrumentalsoli sowie Duett- oder Band-Darbietungen aus dem Bereich der Rockmusik.,de:Grammy Award for Best Rock Performance,https://de.wikipedia.org/wiki/Grammy_Award_for_Best_Rock_Performance
German,"Zum Grammy Award for Best Rock Performance wurden die bis 2011 verliehenen Grammys für Best Rock Instrumental Performance, Best Rock Performance By A Duo Or Group With Vocals und Best Solo Rock Vocal Performance zusammengelegt.",de:Grammy Award for Best Rock Performance,https://de.wikipedia.org/wiki/Grammy_Award_for_Best_Rock_Performance
German,"Seit 2014 wurde zudem der Musikbereich Hard Rock vom Grammy Award for Best Hard Rock/Metal Performance entkoppelt und dieser Kategorie zugeordnet, während Darbietungen aus dem Bereich Metal wieder in der eigenen Kategorie Grammy Award for Best Metal Performance vergeben werden.",de:Grammy Award for Best Rock Performance,https://de.wikipedia.org/wiki/Grammy_Award_for_Best_Rock_Performance
German,"Oktober 1999) war ein deutscher Schriftsteller, Geologe, Wissenschaftspublizist und Ufologe.",de:Johannes Fiebag,https://de.wikipedia.org/wiki/Johannes_Fiebag
German,"Jürgen Müller (* 1971 in Esslingen am Neckar) ist ein deutscher Sportjournalist, Handball- und Tennis-Kommentator und Filmemacher.",de:Jürgen Müller (Fernsehjournalist),https://de.wikipedia.org/wiki/Jürgen_Müller_(Fernsehjournalist)
German,November 1924; † unbekannt) war ein pakistanischer Sprinter.,de:Abdul Aziz (Leichtathlet),https://de.wikipedia.org/wiki/Abdul_Aziz_(Leichtathlet)
German,Bei den Olympischen Spielen 1952 in Helsinki erreichte er in der 4-mal-100-Meter-Staffel das Halbfinale und schied über 100 und 200 Meter in der ersten Runde aus.,de:Abdul Aziz (Leichtathlet),https://de.wikipedia.org/wiki/Abdul_Aziz_(Leichtathlet)
German,1954 kam er bei den British Empire and Commonwealth Games in Vancouver mit der pakistanischen 4-mal-110-Yards-Stafette auf den fünften Platz und scheiterte über 220 Yards im Vorlauf.,de:Abdul Aziz (Leichtathlet),https://de.wikipedia.org/wiki/Abdul_Aziz_(Leichtathlet)
German,Bei den Olympischen Spielen 1956 in Melbourne kam er mit der pakistanischen 4-mal-100-Meter-Stafette ins Halbfinale und schied über 200 Meter im Vorlauf aus.,de:Abdul Aziz (Leichtathlet),https://de.wikipedia.org/wiki/Abdul_Aziz_(Leichtathlet)
German,Untersuchungsausschuss der 20.,de:2. Untersuchungsausschuss der 20. Wahlperiode des Deutschen Bundestages,https://de.wikipedia.org/wiki/2._Untersuchungsausschuss_der_20._Wahlperiode_des_Deutschen_Bundestages
German,"Wahlperiode des Deutschen Bundestages (auch Untersuchungsausschuss Atom), der vom 20.",de:2. Untersuchungsausschuss der 20. Wahlperiode des Deutschen Bundestages,https://de.wikipedia.org/wiki/2._Untersuchungsausschuss_der_20._Wahlperiode_des_Deutschen_Bundestages
German,"Er sollte auch im Zusammenhang mit der endgültigen Stilllegung der letzten drei in Deutschland betriebenen Kernkraftwerke im Jahr 2023 klären, ob der Abschaltung der Kraftwerke im April 2023 eine ergebnisoffene Prüfung einer Laufzeitverlängerung vorausging.",de:2. Untersuchungsausschuss der 20. Wahlperiode des Deutschen Bundestages,https://de.wikipedia.org/wiki/2._Untersuchungsausschuss_der_20._Wahlperiode_des_Deutschen_Bundestages
German,Der Abschlussbericht wurde am 19.,de:2. Untersuchungsausschuss der 20. Wahlperiode des Deutschen Bundestages,https://de.wikipedia.org/wiki/2._Untersuchungsausschuss_der_20._Wahlperiode_des_Deutschen_Bundestages
German,Juli 1991 in Oslo) ist ein norwegisch-marokkanischer Fußballspieler.,de:Haitam Aleesami,https://de.wikipedia.org/wiki/Haitam_Aleesami
German,Der Linksverteidiger steht seit 2025 bei FK Bodø/Glimt unter Vertrag.,de:Haitam Aleesami,https://de.wikipedia.org/wiki/Haitam_Aleesami
German,"Juli 1986 in LaGrange, Georgia) ist ein ehemaliger US-amerikanischer American-Football-Spieler in der National Football League (NFL).",de:Wesley Woodyard,https://de.wikipedia.org/wiki/Wesley_Woodyard
German,Er spielte zuletzt für die Tennessee Titans als Inside Linebacker.,de:Wesley Woodyard,https://de.wikipedia.org/wiki/Wesley_Woodyard
German,Izumi Miyata (japanisch 宮田 和純 Miyata Izumi; * 28.,de:Izumi Miyata,https://de.wikipedia.org/wiki/Izumi_Miyata
German,April 2001 in der Präfektur Tokio) ist ein japanischer Fußballspieler.,de:Izumi Miyata,https://de.wikipedia.org/wiki/Izumi_Miyata
German,Erika Silvia Rempening (* 16.,de:Erika S. Rempening,https://de.wikipedia.org/wiki/Erika_S._Rempening
German,November 1951 in Chihuahua) ist eine mexikanische Kauffrau und Konsulin.,de:Erika S. Rempening,https://de.wikipedia.org/wiki/Erika_S._Rempening
German,"Der Prémio LeYa (vollständig: Prémio LeYa de Romance, dt.",de:Prémio LeYa,https://de.wikipedia.org/wiki/Prémio_LeYa
German,LeYa-Roman-Preis) ist ein Literaturpreis des portugiesischen Sprachraums.,de:Prémio LeYa,https://de.wikipedia.org/wiki/Prémio_LeYa
German,LEDA/PGC 246235 ist eine Galaxie im Sternbild Oktant am Südsternhimmel.,de:PGC 246235,https://de.wikipedia.org/wiki/PGC_246235
German,Sie ist rund 927 Millionen Lichtjahre von der Milchstraße entfernt.,de:PGC 246235,https://de.wikipedia.org/wiki/PGC_246235
German,Im selben Himmelsareal befinden sich die Galaxien NGC 7098.,de:PGC 246235,https://de.wikipedia.org/wiki/PGC_246235
German,"Die Umlaufgeschwindigkeit des Geldes ist eine volkswirtschaftliche Kennzahl, welche die Häufigkeit misst, mit der eine Geldeinheit in einem bestimmten Zeitraum für Transaktionen verwendet wird.",de:Umlaufgeschwindigkeit des Geldes,https://de.wikipedia.org/wiki/Umlaufgeschwindigkeit_des_Geldes
German,Saccharoseacetatisobutyrat ist ein Emulgator und Lebensmittelzusatzstoff mit der E-Nummer 444.,de:Saccharoseacetatisobutyrat,https://de.wikipedia.org/wiki/Saccharoseacetatisobutyrat
German,Saccharoseacetatisobutyrat (SAIB) wird seit den 1950er-Jahren in der Lebensmittelindustrie eingesetzt.,de:Saccharoseacetatisobutyrat,https://de.wikipedia.org/wiki/Saccharoseacetatisobutyrat
German,"Laurentius Albertus, auch Lorenz Albrecht, Osterfrank, Ostrofrancus (* um 1540 in Neustadt bei Coburg; † nach 1583 in Wien?) war ein deutscher Sprachwissenschaftler und Grammatiker.",de:Laurentius Albertus,https://de.wikipedia.org/wiki/Laurentius_Albertus
German,"Der Begriff Volksgesetzgebung bezeichnet vor allem in Deutschland und Österreich ein Gesetzgebungsverfahren mit dem Gesetze in direktdemokratischer Weise, also unmittelbar durch das Stimmvolk erlassen, geändert oder aufgehoben werden.",de:Volksgesetzgebung,https://de.wikipedia.org/wiki/Volksgesetzgebung
German,Neben diesem Weg der Gesetzgebung besteht in aller Regel (jedoch nicht zwingend) auch ein Gesetzgebungsprozess durch eine gewählte Vertretung.,de:Volksgesetzgebung,https://de.wikipedia.org/wiki/Volksgesetzgebung
German,"In der Schweiz ist die Rede von der Volksgesetzgebung unüblich, hier wird zumeist vom Volksrecht gesprochen.",de:Volksgesetzgebung,https://de.wikipedia.org/wiki/Volksgesetzgebung
German,Die Volksgesetzgebung ist üblicherweise in ihren Grundzügen in der Verfassung verankert und wird durch einschlägige Gesetze und Rechtsverordnungen im Einzelnen geregelt.,de:Volksgesetzgebung,https://de.wikipedia.org/wiki/Volksgesetzgebung
German,Der Hong Kong FA Cup 2017/18 war die 43.,de:Hong Kong FA Cup 2017/18,https://de.wikipedia.org/wiki/Hong_Kong_FA_Cup_2017/18
German,Austragung eines Fußballwettbewerbs in Hongkong.,de:Hong Kong FA Cup 2017/18,https://de.wikipedia.org/wiki/Hong_Kong_FA_Cup_2017/18
German,"Teilnehmer waren die zehn Mannschaften der ersten Liga, der Hong Kong Premier League.",de:Hong Kong FA Cup 2017/18,https://de.wikipedia.org/wiki/Hong_Kong_FA_Cup_2017/18
German,Titelverteidiger war der Kitchee SC.,de:Hong Kong FA Cup 2017/18,https://de.wikipedia.org/wiki/Hong_Kong_FA_Cup_2017/18
German,"Arctic Creek ist der Name folgender Fließgewässer in den Vereinigten Staaten: Arctic Creek (Nome), in Alaska Arctic Creek (North Slope), in Alaska Arctic Creek (Southeast Fairbanks), in Alaska Arctic Creek (Idaho), in Idaho Arctic Creek (Washington), in Washington",de:Arctic Creek,https://de.wikipedia.org/wiki/Arctic_Creek
German,"Ecosphere steht für: Habitable Zone, der Abstandsbereich, in dem sich ein Planet von seinem Zentralgestirn aufhalten muss, damit Wasser dauerhaft in flüssiger Form als Voraussetzung für erdähnliches Leben auf der Oberfläche vorliegen kann.",de:Ecosphere,https://de.wikipedia.org/wiki/Ecosphere
German,"Ecosphere (Aquarium), ein spezielles Aquarium (Markenname) Ecosphere (Magazin), wissenschaftliches Ökologiemagazin der Ecological Society of America",de:Ecosphere,https://de.wikipedia.org/wiki/Ecosphere
German,Februar 1856 in San Benedetto Po; † 12.,de:Enrico Ferri (Kriminologe),https://de.wikipedia.org/wiki/Enrico_Ferri_(Kriminologe)
German,April 1929 in Rom) war ein italienischer Kriminologe und Politiker.,de:Enrico Ferri (Kriminologe),https://de.wikipedia.org/wiki/Enrico_Ferri_(Kriminologe)
German,Er bildete neben Cesare Lombroso und Raffaele Garofalo die sogenannte „scuola positiva“ („positive Schule“) der italienischen Kriminologie und wurde somit zu einem der Begründer der modernen Kriminologie.,de:Enrico Ferri (Kriminologe),https://de.wikipedia.org/wiki/Enrico_Ferri_(Kriminologe)
German,Die Gmina Kąkolewnica ist eine Landgemeinde im Powiat Radzyński der Woiwodschaft Lublin in Polen.,de:Gmina Kąkolewnica,https://de.wikipedia.org/wiki/Gmina_Kąkolewnica
German,Ihr Sitz ist der Ort Kąkolewnica Wschodnia mit etwa 570 Einwohnern.,de:Gmina Kąkolewnica,https://de.wikipedia.org/wiki/Gmina_Kąkolewnica
German,Der Mödlingbach (seltener auch nur Mödling genannt) ist ein Fluss im niederösterreichischen Industrieviertel und ist ein linker Zubringer der Schwechat.,de:Mödlingbach,https://de.wikipedia.org/wiki/Mödlingbach
German,Er weist über seinen gesamten Verlauf eine Flussordnungszahl 3 nach Strahler auf.,de:Mödlingbach,https://de.wikipedia.org/wiki/Mödlingbach
German,Der Lorca Fútbol Club ist ein spanischer Fußballverein aus der Stadt Lorca in der Region Murcia.,de:Lorca FC,https://de.wikipedia.org/wiki/Lorca_FC
German,"Dallin ist der Familienname folgender Personen: Alexander Dallin (1924–2000), US-amerikanischer Historiker und Hochschullehrer Cyrus Dallin (1861–1944), US-amerikanischer Bildhauer und Bogenschütze David J.",de:Dallin,https://de.wikipedia.org/wiki/Dallin
German,"Dallin (1889–1962), belarussischer Politiker, Schriftsteller und Journalist Rudolph Matthias Dallin (1680–1743), deutscher Baumeister Sarah Dallin, deutsche Sängerin, Mitglied von Bananarama Siehe auch: Dalling Dalin",de:Dallin,https://de.wikipedia.org/wiki/Dallin
German,Dezember 1923 in Nowawes; † 20.,de:Ingeborg Chrobok,https://de.wikipedia.org/wiki/Ingeborg_Chrobok
German,"Mai 2019) war eine deutsche Schauspielerin, Nachrichten- und Hörspielsprecherin.",de:Ingeborg Chrobok,https://de.wikipedia.org/wiki/Ingeborg_Chrobok
German,Die Dation en paiement (jur.,de:Dation en paiement,https://de.wikipedia.org/wiki/Dation_en_paiement
German,"dt.: Leistung an Erfüllungs statt) ist ein Verfahren, das es französischen Steuerzahlern ermöglicht, Kunstwerke und andere wertvolle Gegenstände dem Staat zu überlassen, um damit ihre Steuerschulden zu begleichen.",de:Dation en paiement,https://de.wikipedia.org/wiki/Dation_en_paiement
German,"Diese Praxis hat dazu geführt, dass zahlreiche bedeutende Kunstwerke in den Besitz des französischen Staates übergegangen sind und häufig in nationalen Museen ausgestellt werden.",de:Dation en paiement,https://de.wikipedia.org/wiki/Dation_en_paiement
German,"Die Regelung gilt für die Erbschaftssteuer, nicht aber für die Einkommensteuer.",de:Dation en paiement,https://de.wikipedia.org/wiki/Dation_en_paiement
German,September 1963 in Delft) ist ein niederländischer Linguist.,de:Peter Schrijver (Linguist),https://de.wikipedia.org/wiki/Peter_Schrijver_(Linguist)
German,Andréas Gerardus Maria Paus (* 9.,de:André Paus,https://de.wikipedia.org/wiki/André_Paus
German,"Oktober 1965 in Weerselo), auch bekannt als André Paus, ist ein ehemaliger niederländischer Fußballspieler.",de:André Paus,https://de.wikipedia.org/wiki/André_Paus
German,Nephila komaci ist eine Spinnenart aus der Gattung der Seidenspinnen.,de:Nephila komaci,https://de.wikipedia.org/wiki/Nephila_komaci
German,Sie wurde im Jahr 2009 entdeckt und gilt als größte bekannte netzbauende Spinne der Welt.,de:Nephila komaci,https://de.wikipedia.org/wiki/Nephila_komaci
German,Bisher sind nur einzelne Exemplare der Art bekannt.,de:Nephila komaci,https://de.wikipedia.org/wiki/Nephila_komaci
German,"Sie wurden in Südafrika, Tansania und Madagaskar gefunden.",de:Nephila komaci,https://de.wikipedia.org/wiki/Nephila_komaci
German,Robert Maskew Cowper OAM (* 5.,de:Bob Cowper,https://de.wikipedia.org/wiki/Bob_Cowper
German,"Oktober 1940 in Melbourne, Australien; † 11.",de:Bob Cowper,https://de.wikipedia.org/wiki/Bob_Cowper
German,"Mai 2025 ebenda) war ein australischer Cricketspieler, der zwischen 1964 und 1968 für die australische Nationalmannschaft spielte.",de:Bob Cowper,https://de.wikipedia.org/wiki/Bob_Cowper
German,Orlando Antonio Naranjo Villarroel (* 1951) ist ein venezolanischer Astronom und Asteroidenentdecker.,de:Orlando A. Naranjo,https://de.wikipedia.org/wiki/Orlando_A._Naranjo
German,"Er lehrt Astrophysik an der 1785 als Priesterseminar gegründeten Universidad de Los Andes in Mérida und hat dort zwischen 1992 und 1999 insgesamt 38 Asteroiden entdeckt, drei davon zusammen mit Jürgen Stock.",de:Orlando A. Naranjo,https://de.wikipedia.org/wiki/Orlando_A._Naranjo
German,Der kammsche Kreis oder kammsche Reibkreis – benannt nach Wunibald Kamm – ist eine grafische Darstellung der möglichen Gesamtkraft am Rad eines Fahrzeugs: Die Seitenführungskraft in Querrichtung und die Bremskraft bzw.,de:Kammscher Kreis,https://de.wikipedia.org/wiki/Kammscher_Kreis
German,Antriebskraft in Längsrichtung des Rades bis zum Erreichen der maximalen Reibungskraft.,de:Kammscher Kreis,https://de.wikipedia.org/wiki/Kammscher_Kreis
German,Juni 1902 in Mühlhausen (Rheinland); † 23.,de:Rudolf Reinhardt (Jurist),https://de.wikipedia.org/wiki/Rudolf_Reinhardt_(Jurist)
German,Dezember 1976 in Marburg) war ein deutscher Zivilrechtler und Hochschullehrer.,de:Rudolf Reinhardt (Jurist),https://de.wikipedia.org/wiki/Rudolf_Reinhardt_(Jurist)
German,"Mengoli ist der Familienname folgender Personen: Giuseppe Mengoli (* 1965), italienischer römisch-katholischer Geistlicher, Bischof von San Severo Pietro Mengoli (1626–1686), italienischer Mathematiker und Geistlicher",de:Mengoli,https://de.wikipedia.org/wiki/Mengoli
German,Der ehemalige politische Bezirk Mürzzuschlag lag im Nordosten der Steiermark.,de:Bezirk Mürzzuschlag,https://de.wikipedia.org/wiki/Bezirk_Mürzzuschlag
German,Das Kfz-Kennzeichen war MZ.,de:Bezirk Mürzzuschlag,https://de.wikipedia.org/wiki/Bezirk_Mürzzuschlag
German,"Der Arnos Vale Ground, auch The Playing Fields genannt, ist ein Cricket- und Fußballstadion in Kingstown, St.",de:Arnos Vale Stadium,https://de.wikipedia.org/wiki/Arnos_Vale_Stadium
German,Vincent und die Grenadinen.,de:Arnos Vale Stadium,https://de.wikipedia.org/wiki/Arnos_Vale_Stadium
German,Derzeit wird es hauptsächlich für Cricket und Fußball genutzt.,de:Arnos Vale Stadium,https://de.wikipedia.org/wiki/Arnos_Vale_Stadium
German,Das Stadion bietet 18.000 Zuschauern Platz und liegt in direkter Nachbarschaft zum E.,de:Arnos Vale Stadium,https://de.wikipedia.org/wiki/Arnos_Vale_Stadium
German,"Luna ist ein Roman für junge Erwachsene von Julie Anne Peters und wurde 2004 im englischen Original veröffentlicht, die deutsche Übersetzung von Catrin Frischer folgte 2006.",de:Luna (Roman),https://de.wikipedia.org/wiki/Luna_(Roman)
German,Die Grabhügelnekropole Idenheim ist ein urnenfelderzeitliches Grabfeld in der Ortsgemeinde Idenheim im Eifelkreis Bitburg-Prüm in Rheinland-Pfalz.,de:Grabhügelnekropole Idenheim,https://de.wikipedia.org/wiki/Grabhügelnekropole_Idenheim
German,Saint-Benoist-sur-Mer ist eine französische Gemeinde mit 515 Einwohnern (Stand: 1.,de:Saint-Benoist-sur-Mer,https://de.wikipedia.org/wiki/Saint-Benoist-sur-Mer
German,Januar 2023) im Département Vendée in der Region Pays de la Loire; sie gehört zum Arrondissement Les Sables d’Olonne und zum Kanton Mareuil-sur-Lay-Dissais (bis 2015: Kanton Moutiers-les-Mauxfaits).,de:Saint-Benoist-sur-Mer,https://de.wikipedia.org/wiki/Saint-Benoist-sur-Mer
German,Die Einwohner werden Bénédictins genannt.,de:Saint-Benoist-sur-Mer,https://de.wikipedia.org/wiki/Saint-Benoist-sur-Mer
German,"Tang Xuanzong ist der Name folgender Personen: Tang Xuanzong (Li Longji) (玄宗; 685–762), chinesischer Kaiser Tang Xuanzong (Li Chen) (宣宗; 810–859), chinesischer Kaiser",de:Tang Xuanzong,https://de.wikipedia.org/wiki/Tang_Xuanzong
German,Aufbruch ist ein Spielfilm des österreichischen Film- und Theaterregisseurs Ludwig Wüst.,de:Aufbruch (2018),https://de.wikipedia.org/wiki/Aufbruch_(2018)
German,Er hatte im Februar 2018 bei den 68.,de:Aufbruch (2018),https://de.wikipedia.org/wiki/Aufbruch_(2018)
German,Internationalen Filmfestspielen Berlin seine Weltpremiere und kam im März 2019 in die österreichischen Kinos.,de:Aufbruch (2018),https://de.wikipedia.org/wiki/Aufbruch_(2018)
German,Der Film wurde vom österreichischen Bundeskanzleramt und der Stadt Wien gefördert.,de:Aufbruch (2018),https://de.wikipedia.org/wiki/Aufbruch_(2018)
German,Die ČSD-Baureihe 464.0 „Ušatá“ (etwa: „Die mit den Ohren“ wegen der Windleitbleche) war eine Tenderlokomotivreihe der Tschechoslowakischen Staatsbahn (ČSD).,de:ČSD-Baureihe 464.0,https://de.wikipedia.org/wiki/ČSD-Baureihe_464.0
German,Angela Evelyn Bassett (* 16.,de:Angela Bassett,https://de.wikipedia.org/wiki/Angela_Bassett
German,"August 1958 in New York City, New York) ist eine US-amerikanische Schauspielerin.",de:Angela Bassett,https://de.wikipedia.org/wiki/Angela_Bassett
German,"Im Laufe ihrer seit den 1980er Jahren andauernden Karriere gewann sie zahlreiche Auszeichnungen, darunter zwei Golden Globe Awards und wurde für insgesamt zehn Emmy Awards und zwei Oscars nominiert.",de:Angela Bassett,https://de.wikipedia.org/wiki/Angela_Bassett
German,2023 erhielt sie einen Ehrenoscar für ihr Lebenswerk.,de:Angela Bassett,https://de.wikipedia.org/wiki/Angela_Bassett
German,Die Fußball-Bezirksliga Dresden 1972/73 war die 21.,de:Fußball-Bezirksliga Dresden 1972/73,https://de.wikipedia.org/wiki/Fußball-Bezirksliga_Dresden_1972/73
German,Austragung der vom Bezirksfachausschuss (BFA) Fußball Dresden durchgeführten Bezirksliga Dresden.,de:Fußball-Bezirksliga Dresden 1972/73,https://de.wikipedia.org/wiki/Fußball-Bezirksliga_Dresden_1972/73
German,Sie war die höchste Spielklasse im Bezirk Dresden und die dritthöchste im Ligasystem auf dem Gebiet des DFV.,de:Fußball-Bezirksliga Dresden 1972/73,https://de.wikipedia.org/wiki/Fußball-Bezirksliga_Dresden_1972/73
German,Die Zweitvertretung von der BSG Stahl Riesa verteidigte mit einem Punkt Vorsprung auf die BSG Motor Robur Zittau den Bezirksmeistertitel aus dem Vorjahr erfolgreich.,de:Fußball-Bezirksliga Dresden 1972/73,https://de.wikipedia.org/wiki/Fußball-Bezirksliga_Dresden_1972/73
German,"Sergei Nikolajewitsch Blaschko (russisch Сергей Николаевич Блажко, in englischer Transliteration Sergey Nikolayevich Blazhko; * 5.",de:Sergei Nikolajewitsch Blaschko,https://de.wikipedia.org/wiki/Sergei_Nikolajewitsch_Blaschko
German,Februar 1956 in Moskau) war ein russisch-sowjetischer Astronom.,de:Sergei Nikolajewitsch Blaschko,https://de.wikipedia.org/wiki/Sergei_Nikolajewitsch_Blaschko
German,Eine weitere Schreibweise seines Namens ist Blažko.,de:Sergei Nikolajewitsch Blaschko,https://de.wikipedia.org/wiki/Sergei_Nikolajewitsch_Blaschko
German,Februar 1904 in Niederzwönitz; † 17.,de:Max Gebhardt,https://de.wikipedia.org/wiki/Max_Gebhardt
German,August 1993 in Dresden) war ein deutscher Langstreckenläufer.,de:Max Gebhardt,https://de.wikipedia.org/wiki/Max_Gebhardt
German,Bei den Olympischen Sommerspielen 1936 in Berlin wurde er Siebter über 10.000 m.,de:Max Gebhardt,https://de.wikipedia.org/wiki/Max_Gebhardt
German,1933 wurde er Deutscher Meister über 5000 m und 1949 DDR-Meister über dieselbe Distanz.,de:Max Gebhardt,https://de.wikipedia.org/wiki/Max_Gebhardt
German,Neuville-sur-Saône ist eine französische Gemeinde mit 7812 Einwohnern (Stand 1.,de:Neuville-sur-Saône,https://de.wikipedia.org/wiki/Neuville-sur-Saône
German,Januar 2023) in der Métropole de Lyon in der Region Auvergne-Rhône-Alpes.,de:Neuville-sur-Saône,https://de.wikipedia.org/wiki/Neuville-sur-Saône
German,"Faramund (auch Pharamund, französisch Pharamond) war angeblich ein König der salischen Franken in den 420er-Jahren.",de:Faramund (König),https://de.wikipedia.org/wiki/Faramund_(König)
German,"Er wurde in der älteren Geschichtsschreibung als erster merowingischer König angesehen, ist aber wahrscheinlich nur eine Sagengestalt (siehe auch Falsche Merowinger).",de:Faramund (König),https://de.wikipedia.org/wiki/Faramund_(König)
German,Jahrhundert verfasste Liber Historiae Francorum nennt erstmals einen König namens Faramundus; er sei ein Sohn des Marcomer (Marchamirus) und Vater Chlodios gewesen.,de:Faramund (König),https://de.wikipedia.org/wiki/Faramund_(König)
German,Faramund wurde lange Zeit als erster König aus dem Geschlecht der Merowinger angesehen.,de:Faramund (König),https://de.wikipedia.org/wiki/Faramund_(König)
German,Gutalac ist eine philippinische Stadtgemeinde in der Provinz Zamboanga del Norte.,de:Gutalac,https://de.wikipedia.org/wiki/Gutalac
German,Sie hat 34.654 Einwohner (Zensus 1.,de:Gutalac,https://de.wikipedia.org/wiki/Gutalac
German,Giotto Dainelli Dolfi (* 19.,de:Giotto Dainelli,https://de.wikipedia.org/wiki/Giotto_Dainelli
German,November 1968 ebenda) war ein italienischer Geologe und Geograf.,de:Giotto Dainelli,https://de.wikipedia.org/wiki/Giotto_Dainelli
German,"Takuya Haneda (japanisch 羽根田 卓也, Haneda Takuya; * 17.",de:Takuya Haneda,https://de.wikipedia.org/wiki/Takuya_Haneda
German,Juli 1987 in Toyota) ist ein japanischer Kanute.,de:Takuya Haneda,https://de.wikipedia.org/wiki/Takuya_Haneda
German,Februar 1857 in Brooklyn; † 10.,de:Ernest Flagg,https://de.wikipedia.org/wiki/Ernest_Flagg
German,April 1947 in New York City) war ein US-amerikanischer Architekt des Beaux-Arts-Stils.,de:Ernest Flagg,https://de.wikipedia.org/wiki/Ernest_Flagg
German,Der U-Bahnhof Holzhauser Straße () ist ein Bahnhof der Linie U6 der Berliner U-Bahn.,de:U-Bahnhof Holzhauser Straße,https://de.wikipedia.org/wiki/U-Bahnhof_Holzhauser_Straße
German,Er befindet sich als einer von drei oberirdischen Bahnhöfen der U6 im Berliner Ortsteil Tegel des Bezirks Reinickendorf.,de:U-Bahnhof Holzhauser Straße,https://de.wikipedia.org/wiki/U-Bahnhof_Holzhauser_Straße
German,Der U-Bahnhof wurde am 31.,de:U-Bahnhof Holzhauser Straße,https://de.wikipedia.org/wiki/U-Bahnhof_Holzhauser_Straße
German,Mai 1958 eröffnet und trägt im Bahnhofsverzeichnis der BVG das Kürzel Hh.,de:U-Bahnhof Holzhauser Straße,https://de.wikipedia.org/wiki/U-Bahnhof_Holzhauser_Straße
German,"C/1885 X1 (Fabry) ist ein Komet, der im Jahr 1886 mit dem bloßen Auge gesehen werden konnte.",de:C/1885 X1 (Fabry),https://de.wikipedia.org/wiki/C/1885_X1_(Fabry)
German,"Elba Township ist der Name folgender Townships in den Vereinigten Staaten: Elba Township (Illinois) Elba Township (Gratiot County, Michigan) Elba Township (Lapeer County, Michigan) Elba Township (Minnesota)",de:Elba Township,https://de.wikipedia.org/wiki/Elba_Township
German,"NGC 5344 ist eine 14,7 mag helle elliptische Galaxie vom Hubble-Typ E/S0 im Sternbild Kleiner Bär.",de:NGC 5344,https://de.wikipedia.org/wiki/NGC_5344
German,Sie ist schätzungsweise 410 Millionen Lichtjahre von der Milchstraße entfernt.,de:NGC 5344,https://de.wikipedia.org/wiki/NGC_5344
German,Die Deutsche Feldhandball-Meisterschaft der Frauen 1936/37 war die vierte vom Deutschen Reichsausschuss für Leibesübungen (DRL) organisierte deutsche Feldhandball-Meisterschaft der Frauen.,de:Deutsche Feldhandball-Meisterschaft der Frauen 1936/37,https://de.wikipedia.org/wiki/Deutsche_Feldhandball-Meisterschaft_der_Frauen_1936/37
German,Die diesjährige Meisterschaft fand erneut im K.-o.-System zwischen den Meistern der 16 Gauligen statt.,de:Deutsche Feldhandball-Meisterschaft der Frauen 1936/37,https://de.wikipedia.org/wiki/Deutsche_Feldhandball-Meisterschaft_der_Frauen_1936/37
German,Die Vor- und Zwischenrunde fand am 29.,de:Deutsche Feldhandball-Meisterschaft der Frauen 1936/37,https://de.wikipedia.org/wiki/Deutsche_Feldhandball-Meisterschaft_der_Frauen_1936/37
German,"Mai 1937 in vier Turnieren in Bielefeld, Forst (Lausitz), Magdeburg und Mannheim statt.",de:Deutsche Feldhandball-Meisterschaft der Frauen 1936/37,https://de.wikipedia.org/wiki/Deutsche_Feldhandball-Meisterschaft_der_Frauen_1936/37
German,"Oktober 1973 in Irará, Bahia; bürgerlich Nelson de Jesús Silva) ist ein ehemaliger brasilianischer Fußballtorwart und heutiger Torwarttrainer.","de:Dida (Fußballspieler, 1973)","https://de.wikipedia.org/wiki/Dida_(Fußballspieler,_1973)"
German,"Er hatte seine erfolgreichste Zeit zwischen 2002 und 2010 bei der AC Mailand, mit der er u.","de:Dida (Fußballspieler, 1973)","https://de.wikipedia.org/wiki/Dida_(Fußballspieler,_1973)"
German,2004 italienischer Meister sowie 2003 und 2007 Champions-League-Sieger wurde.,"de:Dida (Fußballspieler, 1973)","https://de.wikipedia.org/wiki/Dida_(Fußballspieler,_1973)"
German,Von 1995 bis 2006 spielte Dida zudem 91-mal für die brasilianische Nationalmannschaft.,"de:Dida (Fußballspieler, 1973)","https://de.wikipedia.org/wiki/Dida_(Fußballspieler,_1973)"
German,Amphoe Wan Yai (Thai อำเภอหว้านใหญ่) ist ein Landkreis (Amphoe – Verwaltungs-Distrikt) im Nordosten der Provinz Mukdahan.,de:Amphoe Wan Yai,https://de.wikipedia.org/wiki/Amphoe_Wan_Yai
German,"Die Provinz Mukdahan liegt im westlichen Teil der Nordost-Region von Thailand, dem so genannten Isan.",de:Amphoe Wan Yai,https://de.wikipedia.org/wiki/Amphoe_Wan_Yai
German,Februar 1803 in Hofstetten; † 21.,de:Leo Stöcklin,https://de.wikipedia.org/wiki/Leo_Stöcklin
German,"Februar 1873 im Kloster Mariastein) war ein Schweizer Benediktinermönch, Komponist, Organist und Abt des Klosters Mariastein.",de:Leo Stöcklin,https://de.wikipedia.org/wiki/Leo_Stöcklin
German,Das Sanaksar-Gottesmutter-Geburts-Kloster (russisch Рождество-Богородичный Санакса́рский монастырь) ist ein in der Nähe Temnikow gelegenes russisch-orthodoxes Mönchskloster der Eparchie Krasnoslobodsk.,de:Sanaksar-Gottesmutter-Geburts-Kloster,https://de.wikipedia.org/wiki/Sanaksar-Gottesmutter-Geburts-Kloster
German,"Das Sanaksar-Kloster liegt vier Kilometer entfernt vom Busbahnhof von Temnikow, am linken Ufer der Mokscha.",de:Sanaksar-Gottesmutter-Geburts-Kloster,https://de.wikipedia.org/wiki/Sanaksar-Gottesmutter-Geburts-Kloster
German,Das Kloster wurde 1659 gegründet.,de:Sanaksar-Gottesmutter-Geburts-Kloster,https://de.wikipedia.org/wiki/Sanaksar-Gottesmutter-Geburts-Kloster
German,Bis 1918 gehört es zur Eparchie Tambow.,de:Sanaksar-Gottesmutter-Geburts-Kloster,https://de.wikipedia.org/wiki/Sanaksar-Gottesmutter-Geburts-Kloster
German,"Januar 1886 in Junction City, Kansas; † 29.",de:Leslie A. Miller,https://de.wikipedia.org/wiki/Leslie_A._Miller
German,"September 1970) war ein US-amerikanischer Politiker (Demokratische Partei), der von 1933 bis 1939 17.",de:Leslie A. Miller,https://de.wikipedia.org/wiki/Leslie_A._Miller
German,Gouverneur des Bundesstaates Wyoming war.,de:Leslie A. Miller,https://de.wikipedia.org/wiki/Leslie_A._Miller
German,"Heinrich Hinsch, auch Hinrich Hinsch oder Heinrich Hintz, (* 1650; † 5.",de:Heinrich Hinsch,https://de.wikipedia.org/wiki/Heinrich_Hinsch
German,Mai 1712 in Hamburg) war ein deutscher Jurist und Librettist.,de:Heinrich Hinsch,https://de.wikipedia.org/wiki/Heinrich_Hinsch
German,Die Nationalversammlung der Zentralafrikanischen Republik (französisch Assemblée Nationale de la République Centrafricaine) ist die Legislative der Zentralafrikanischen Republik.,de:Nationalversammlung der Zentralafrikanischen Republik,https://de.wikipedia.org/wiki/Nationalversammlung_der_Zentralafrikanischen_Republik
German,Die letzte Wahl fand 2021 statt.,de:Nationalversammlung der Zentralafrikanischen Republik,https://de.wikipedia.org/wiki/Nationalversammlung_der_Zentralafrikanischen_Republik
German,"Nach der seit 2016 gültigen Verfassung gibt es ein Zweikammersystem, jedoch wurde der Senat bisher nicht eingerichtet.",de:Nationalversammlung der Zentralafrikanischen Republik,https://de.wikipedia.org/wiki/Nationalversammlung_der_Zentralafrikanischen_Republik
German,Der Museumshof Bad Oeynhausen wurde 1969 als Heimatmuseum der ostwestfälischen Kurstadt eröffnet.,de:Museumshof Bad Oeynhausen,https://de.wikipedia.org/wiki/Museumshof_Bad_Oeynhausen
German,"Vorbilder für das Museum waren das Freilichtmuseum Bad Zwischenahn, das Bauernhausmuseum Bielefeld und der damals gerade entstehende Museumshof Rahden.",de:Museumshof Bad Oeynhausen,https://de.wikipedia.org/wiki/Museumshof_Bad_Oeynhausen
German,"Ursprünglich war nur an ein Einzelgebäude, das ab 1965 dorthin überführte Haupthaus, gedacht.",de:Museumshof Bad Oeynhausen,https://de.wikipedia.org/wiki/Museumshof_Bad_Oeynhausen
German,Der Ausbau zu einer Hofanlage wurde 1974 durch die Schenkung eines Heuerlingshauses ausgelöst.,de:Museumshof Bad Oeynhausen,https://de.wikipedia.org/wiki/Museumshof_Bad_Oeynhausen
German,"b-Moll ist eine Tonart des Tongeschlechts Moll, die auf dem Grundton b aufbaut.",de:B-Moll,https://de.wikipedia.org/wiki/B-Moll
German,"Die Tonart b-Moll wird in der Notenschrift mit fünf ♭ (b, es, as, des, ges) vorgezeichnet.",de:B-Moll,https://de.wikipedia.org/wiki/B-Moll
German,Auch die entsprechende Tonleiter und der Grundakkord dieser Tonart (die Tonika b-des-f) werden mit dem Begriff b-Moll bezeichnet.,de:B-Moll,https://de.wikipedia.org/wiki/B-Moll
German,Notenbeispiel Tonleiter im melodischen Moll und Grundakkord:,de:B-Moll,https://de.wikipedia.org/wiki/B-Moll
German,Formell bildet es – wie das Kabinett des Vereinigten Königreichs – einen Ausschuss des Privy Council (Geheimen Kronrats) des Monarchen.,de:Judicial Committee of the Privy Council,https://de.wikipedia.org/wiki/Judicial_Committee_of_the_Privy_Council
German,Das Judicial Committee zog am 13.,de:Judicial Committee of the Privy Council,https://de.wikipedia.org/wiki/Judicial_Committee_of_the_Privy_Council
German,"August 2009 um und befindet sich seitdem, zusammen mit dem Supreme Court, im Supreme Court Building am Parliament Square in London.",de:Judicial Committee of the Privy Council,https://de.wikipedia.org/wiki/Judicial_Committee_of_the_Privy_Council
German,Das Verfahren richtet sich nach eigenen Bestimmungen.,de:Judicial Committee of the Privy Council,https://de.wikipedia.org/wiki/Judicial_Committee_of_the_Privy_Council
